using static Sokol.SG;
using static Sokol.SG.sg_backend;
using static Sokol.SG.sg_shader_stage;
using static Sokol.SG.sg_uniform_type;
using static Sokol.SG.sg_uniform_layout;
using static Sokol.SG.sg_image_type;
using static Sokol.SG.sg_sampler_type;
using static Sokol.SG.sg_image_sample_type;
using static Sokol.SG.sg_shader_attr_base_type;
using System.Numerics;
using System.Runtime.InteropServices;


using hmm_vec2=System.Numerics.Vector2;
using hmm_vec3=System.Numerics.Vector3;
using hmm_vec4=System.Numerics.Vector4;
using hmm_mat4=System.Numerics.Matrix4x4;


using vec2_t=System.Numerics.Vector2;
using vec3_t=System.Numerics.Vector3;
using vec4_t=System.Numerics.Vector4;
using mat44_t=System.Numerics.Matrix4x4;


namespace tonemap_pass_shader_cs_tonemap_pass {

public static unsafe class Shaders 
{
    /*
        #version:1# (machine generated, don't edit!)

        Generated by sokol-shdc (https://github.com/floooh/sokol-tools)

        Cmdline:
            sokol-shdc --input /Users/elialoni/Development/Graphics/Sokol.NET/src/Framework/Renderer/Server/shaders/tonemap_pass.glsl --output /Users/elialoni/Development/Graphics/Sokol.NET/src/Framework/Renderer/Server/shaders/compiled/tonemap_pass_shader.cs --module tonemap_pass --slang glsl430:hlsl5:metal_macos:metal_ios:glsl300es --reflection -f sokol_csharp

        Overview:
        =========
        Shader program: 'tonemap_pass':
            Get shader desc: tonemap_pass_tonemap_pass_shader_desc(sg_query_backend());
            Vertex Shader: tonemap_vs
            Fragment Shader: tonemap_fs
            Attributes:
        Bindings:
            Uniform block 'tonemap_params':
                C struct: tonemap_pass_tonemap_params_t
                Bind slot: UB_tonemap_pass_tonemap_params => 0
            Texture 'hdr_tex':
                Image type: SG_IMAGETYPE_2D
                Sample type: SG_IMAGESAMPLETYPE_FLOAT
                Multisampled: false
                Bind slot: VIEW_tonemap_pass_hdr_tex => 0
            Sampler 'hdr_smp':
                Type: SG_SAMPLERTYPE_FILTERING
                Bind slot: SMP_tonemap_pass_hdr_smp => 0
    */
    public const int UB_tonemap_pass_tonemap_params = 0;
    public const int VIEW_tonemap_pass_hdr_tex = 0;
    public const int SMP_tonemap_pass_hdr_smp = 0;
    
[StructLayout(LayoutKind.Sequential)]
    public struct tonemap_pass_tonemap_params_t {
        public tonemap_pass_tonemap_params_t(){}
        public float u_Exposure;
        public int u_Type;
        public float _pad0;
        public float _pad1;
    };
    /*
        #version 430

        void main()
        {
            gl_Position = vec4((vec2(float((gl_VertexID << 1) & 2), float(gl_VertexID & 2)) * 2.0) - vec2(1.0), 0.0, 1.0);
        }

    */
    static readonly byte[] tonemap_pass_tonemap_vs_source_glsl430 = {
            0x23,    0x76,    0x65,    0x72,    0x73,    0x69,    0x6f,    0x6e,    0x20,    0x34,    0x33,    0x30,    0x0a,    0x0a,    0x76,    0x6f,    
            0x69,    0x64,    0x20,    0x6d,    0x61,    0x69,    0x6e,    0x28,    0x29,    0x0a,    0x7b,    0x0a,    0x20,    0x20,    0x20,    0x20,    
            0x67,    0x6c,    0x5f,    0x50,    0x6f,    0x73,    0x69,    0x74,    0x69,    0x6f,    0x6e,    0x20,    0x3d,    0x20,    0x76,    0x65,    
            0x63,    0x34,    0x28,    0x28,    0x76,    0x65,    0x63,    0x32,    0x28,    0x66,    0x6c,    0x6f,    0x61,    0x74,    0x28,    0x28,    
            0x67,    0x6c,    0x5f,    0x56,    0x65,    0x72,    0x74,    0x65,    0x78,    0x49,    0x44,    0x20,    0x3c,    0x3c,    0x20,    0x31,    
            0x29,    0x20,    0x26,    0x20,    0x32,    0x29,    0x2c,    0x20,    0x66,    0x6c,    0x6f,    0x61,    0x74,    0x28,    0x67,    0x6c,    
            0x5f,    0x56,    0x65,    0x72,    0x74,    0x65,    0x78,    0x49,    0x44,    0x20,    0x26,    0x20,    0x32,    0x29,    0x29,    0x20,    
            0x2a,    0x20,    0x32,    0x2e,    0x30,    0x29,    0x20,    0x2d,    0x20,    0x76,    0x65,    0x63,    0x32,    0x28,    0x31,    0x2e,    
            0x30,    0x29,    0x2c,    0x20,    0x30,    0x2e,    0x30,    0x2c,    0x20,    0x31,    0x2e,    0x30,    0x29,    0x3b,    0x0a,    0x7d,    
            0x0a,    0x0a,    0x00,    
};
    /*
        #version 430

        struct tonemap_params
        {
            float u_Exposure;
            int u_Type;
            float _pad0;
            float _pad1;
        };

        uniform tonemap_params _244;

        layout(binding = 0) uniform sampler2D hdr_tex_hdr_smp;

        layout(location = 0) out vec4 frag_color;

        vec3 toneMapACES_Narkowicz(vec3 c)
        {
            return clamp((c * ((c * 2.5099999904632568359375) + vec3(0.02999999932944774627685546875))) / ((c * ((c * 2.4300000667572021484375) + vec3(0.589999973773956298828125))) + vec3(0.14000000059604644775390625)), vec3(0.0), vec3(1.0));
        }

        vec3 RRTAndODTFit(vec3 c)
        {
            return ((c * (c + vec3(0.02457859925925731658935546875))) - vec3(9.0537003416102379560470581054688e-05)) / ((c * ((c * 0.98372900485992431640625) + vec3(0.4329510033130645751953125))) + vec3(0.23808099329471588134765625));
        }

        vec3 toneMapACES_Hill(inout vec3 c)
        {
            c = mat3(vec3(0.59719002246856689453125, 0.075999997556209564208984375, 0.0284000001847743988037109375), vec3(0.354579985141754150390625, 0.908339977264404296875, 0.13382999598979949951171875), vec3(0.048229999840259552001953125, 0.0156599991023540496826171875, 0.837769985198974609375)) * c;
            vec3 param = c;
            c = RRTAndODTFit(param);
            c = mat3(vec3(1.60475003719329833984375, -0.10208000242710113525390625, -0.00326999998651444911956787109375), vec3(-0.5310800075531005859375, 1.108129978179931640625, -0.07276000082492828369140625), vec3(-0.0736699998378753662109375, -0.00604999996721744537353515625, 1.0760200023651123046875)) * c;
            return clamp(c, vec3(0.0), vec3(1.0));
        }

        vec3 toneMapKhrPbrNeutral(inout vec3 c)
        {
            float _140 = min(c.x, min(c.y, c.z));
            float _146;
            if (_140 < 0.07999999821186065673828125)
            {
                _146 = _140 - ((6.25 * _140) * _140);
            }
            else
            {
                _146 = 0.039999999105930328369140625;
            }
            c -= vec3(_146);
            float _165 = c.x;
            float _167 = c.y;
            float _169 = c.z;
            float _171 = max(_165, max(_167, _169));
            if (_171 < 0.7599999904632568359375)
            {
                return c;
            }
            float _186 = 1.0 - (0.057599999010562896728515625 / (_171 + (-0.519999980926513671875)));
            c *= (_186 / _171);
            return mix(c, vec3(1.0) * _186, vec3(1.0 - (1.0 / ((0.1500000059604644775390625 * (_171 - _186)) + 1.0))));
        }

        vec3 linearToSRGB(vec3 c)
        {
            return pow(max(c, vec3(0.0)), vec3(0.4545454680919647216796875));
        }

        void main()
        {
            vec3 color = texture(hdr_tex_hdr_smp, gl_FragCoord.xy / vec2(textureSize(hdr_tex_hdr_smp, 0))).xyz * _244.u_Exposure;
            if (_244.u_Type == 1)
            {
                vec3 param = color;
                color = toneMapACES_Narkowicz(param);
            }
            else
            {
                if (_244.u_Type == 2)
                {
                    vec3 param_1 = color;
                    vec3 _269 = toneMapACES_Hill(param_1);
                    color = _269;
                }
                else
                {
                    if (_244.u_Type == 3)
                    {
                        vec3 param_2 = color;
                        vec3 _279 = toneMapKhrPbrNeutral(param_2);
                        color = _279;
                    }
                }
            }
            vec3 param_3 = color;
            frag_color = vec4(linearToSRGB(param_3), 1.0);
        }

    */
    static readonly byte[] tonemap_pass_tonemap_fs_source_glsl430 = {
            0x23,    0x76,    0x65,    0x72,    0x73,    0x69,    0x6f,    0x6e,    0x20,    0x34,    0x33,    0x30,    0x0a,    0x0a,    0x73,    0x74,    
            0x72,    0x75,    0x63,    0x74,    0x20,    0x74,    0x6f,    0x6e,    0x65,    0x6d,    0x61,    0x70,    0x5f,    0x70,    0x61,    0x72,    
            0x61,    0x6d,    0x73,    0x0a,    0x7b,    0x0a,    0x20,    0x20,    0x20,    0x20,    0x66,    0x6c,    0x6f,    0x61,    0x74,    0x20,    
            0x75,    0x5f,    0x45,    0x78,    0x70,    0x6f,    0x73,    0x75,    0x72,    0x65,    0x3b,    0x0a,    0x20,    0x20,    0x20,    0x20,    
            0x69,    0x6e,    0x74,    0x20,    0x75,    0x5f,    0x54,    0x79,    0x70,    0x65,    0x3b,    0x0a,    0x20,    0x20,    0x20,    0x20,    
            0x66,    0x6c,    0x6f,    0x61,    0x74,    0x20,    0x5f,    0x70,    0x61,    0x64,    0x30,    0x3b,    0x0a,    0x20,    0x20,    0x20,    
            0x20,    0x66,    0x6c,    0x6f,    0x61,    0x74,    0x20,    0x5f,    0x70,    0x61,    0x64,    0x31,    0x3b,    0x0a,    0x7d,    0x3b,    
            0x0a,    0x0a,    0x75,    0x6e,    0x69,    0x66,    0x6f,    0x72,    0x6d,    0x20,    0x74,    0x6f,    0x6e,    0x65,    0x6d,    0x61,    
            0x70,    0x5f,    0x70,    0x61,    0x72,    0x61,    0x6d,    0x73,    0x20,    0x5f,    0x32,    0x34,    0x34,    0x3b,    0x0a,    0x0a,    
            0x6c,    0x61,    0x79,    0x6f,    0x75,    0x74,    0x28,    0x62,    0x69,    0x6e,    0x64,    0x69,    0x6e,    0x67,    0x20,    0x3d,    
            0x20,    0x30,    0x29,    0x20,    0x75,    0x6e,    0x69,    0x66,    0x6f,    0x72,    0x6d,    0x20,    0x73,    0x61,    0x6d,    0x70,    
            0x6c,    0x65,    0x72,    0x32,    0x44,    0x20,    0x68,    0x64,    0x72,    0x5f,    0x74,    0x65,    0x78,    0x5f,    0x68,    0x64,    
            0x72,    0x5f,    0x73,    0x6d,    0x70,    0x3b,    0x0a,    0x0a,    0x6c,    0x61,    0x79,    0x6f,    0x75,    0x74,    0x28,    0x6c,    
            0x6f,    0x63,    0x61,    0x74,    0x69,    0x6f,    0x6e,    0x20,    0x3d,    0x20,    0x30,    0x29,    0x20,    0x6f,    0x75,    0x74,    
            0x20,    0x76,    0x65,    0x63,    0x34,    0x20,    0x66,    0x72,    0x61,    0x67,    0x5f,    0x63,    0x6f,    0x6c,    0x6f,    0x72,    
            0x3b,    0x0a,    0x0a,    0x76,    0x65,    0x63,    0x33,    0x20,    0x74,    0x6f,    0x6e,    0x65,    0x4d,    0x61,    0x70,    0x41,    
            0x43,    0x45,    0x53,    0x5f,    0x4e,    0x61,    0x72,    0x6b,    0x6f,    0x77,    0x69,    0x63,    0x7a,    0x28,    0x76,    0x65,    
            0x63,    0x33,    0x20,    0x63,    0x29,    0x0a,    0x7b,    0x0a,    0x20,    0x20,    0x20,    0x20,    0x72,    0x65,    0x74,    0x75,    
            0x72,    0x6e,    0x20,    0x63,    0x6c,    0x61,    0x6d,    0x70,    0x28,    0x28,    0x63,    0x20,    0x2a,    0x20,    0x28,    0x28,    
            0x63,    0x20,    0x2a,    0x20,    0x32,    0x2e,    0x35,    0x30,    0x39,    0x39,    0x39,    0x39,    0x39,    0x39,    0x30,    0x34,    
            0x36,    0x33,    0x32,    0x35,    0x36,    0x38,    0x33,    0x35,    0x39,    0x33,    0x37,    0x35,    0x29,    0x20,    0x2b,    0x20,    
            0x76,    0x65,    0x63,    0x33,    0x28,    0x30,    0x2e,    0x30,    0x32,    0x39,    0x39,    0x39,    0x39,    0x39,    0x39,    0x39,    
            0x33,    0x32,    0x39,    0x34,    0x34,    0x37,    0x37,    0x34,    0x36,    0x32,    0x37,    0x36,    0x38,    0x35,    0x35,    0x34,    
            0x36,    0x38,    0x37,    0x35,    0x29,    0x29,    0x29,    0x20,    0x2f,    0x20,    0x28,    0x28,    0x63,    0x20,    0x2a,    0x20,    
            0x28,    0x28,    0x63,    0x20,    0x2a,    0x20,    0x32,    0x2e,    0x34,    0x33,    0x30,    0x30,    0x30,    0x30,    0x30,    0x36,    
            0x36,    0x37,    0x35,    0x37,    0x32,    0x30,    0x32,    0x31,    0x34,    0x38,    0x34,    0x33,    0x37,    0x35,    0x29,    0x20,    
            0x2b,    0x20,    0x76,    0x65,    0x63,    0x33,    0x28,    0x30,    0x2e,    0x35,    0x38,    0x39,    0x39,    0x39,    0x39,    0x39,    
            0x37,    0x33,    0x37,    0x37,    0x33,    0x39,    0x35,    0x36,    0x32,    0x39,    0x38,    0x38,    0x32,    0x38,    0x31,    0x32,    
            0x35,    0x29,    0x29,    0x29,    0x20,    0x2b,    0x20,    0x76,    0x65,    0x63,    0x33,    0x28,    0x30,    0x2e,    0x31,    0x34,    
            0x30,    0x30,    0x30,    0x30,    0x30,    0x30,    0x30,    0x35,    0x39,    0x36,    0x30,    0x34,    0x36,    0x34,    0x34,    0x37,    
            0x37,    0x35,    0x33,    0x39,    0x30,    0x36,    0x32,    0x35,    0x29,    0x29,    0x2c,    0x20,    0x76,    0x65,    0x63,    0x33,    
            0x28,    0x30,    0x2e,    0x30,    0x29,    0x2c,    0x20,    0x76,    0x65,    0x63,    0x33,    0x28,    0x31,    0x2e,    0x30,    0x29,    
            0x29,    0x3b,    0x0a,    0x7d,    0x0a,    0x0a,    0x76,    0x65,    0x63,    0x33,    0x20,    0x52,    0x52,    0x54,    0x41,    0x6e,    
            0x64,    0x4f,    0x44,    0x54,    0x46,    0x69,    0x74,    0x28,    0x76,    0x65,    0x63,    0x33,    0x20,    0x63,    0x29,    0x0a,    
            0x7b,    0x0a,    0x20,    0x20,    0x20,    0x20,    0x72,    0x65,    0x74,    0x75,    0x72,    0x6e,    0x20,    0x28,    0x28,    0x63,    
            0x20,    0x2a,    0x20,    0x28,    0x63,    0x20,    0x2b,    0x20,    0x76,    0x65,    0x63,    0x33,    0x28,    0x30,    0x2e,    0x30,    
            0x32,    0x34,    0x35,    0x37,    0x38,    0x35,    0x39,    0x39,    0x32,    0x35,    0x39,    0x32,    0x35,    0x37,    0x33,    0x31,    
            0x36,    0x35,    0x38,    0x39,    0x33,    0x35,    0x35,    0x34,    0x36,    0x38,    0x37,    0x35,    0x29,    0x29,    0x29,    0x20,    
            0x2d,    0x20,    0x76,    0x65,    0x63,    0x33,    0x28,    0x39,    0x2e,    0x30,    0x35,    0x33,    0x37,    0x30,    0x30,    0x33,    
            0x34,    0x31,    0x36,    0x31,    0x30,    0x32,    0x33,    0x37,    0x39,    0x35,    0x36,    0x30,    0x34,    0x37,    0x30,    0x35,    
            0x38,    0x31,    0x30,    0x35,    0x34,    0x36,    0x38,    0x38,    0x65,    0x2d,    0x30,    0x35,    0x29,    0x29,    0x20,    0x2f,    
            0x20,    0x28,    0x28,    0x63,    0x20,    0x2a,    0x20,    0x28,    0x28,    0x63,    0x20,    0x2a,    0x20,    0x30,    0x2e,    0x39,    
            0x38,    0x33,    0x37,    0x32,    0x39,    0x30,    0x30,    0x34,    0x38,    0x35,    0x39,    0x39,    0x32,    0x34,    0x33,    0x31,    
            0x36,    0x34,    0x30,    0x36,    0x32,    0x35,    0x29,    0x20,    0x2b,    0x20,    0x76,    0x65,    0x63,    0x33,    0x28,    0x30,    
            0x2e,    0x34,    0x33,    0x32,    0x39,    0x35,    0x31,    0x30,    0x30,    0x33,    0x33,    0x31,    0x33,    0x30,    0x36,    0x34,    
            0x35,    0x37,    0x35,    0x31,    0x39,    0x35,    0x33,    0x31,    0x32,    0x35,    0x29,    0x29,    0x29,    0x20,    0x2b,    0x20,    
            0x76,    0x65,    0x63,    0x33,    0x28,    0x30,    0x2e,    0x32,    0x33,    0x38,    0x30,    0x38,    0x30,    0x39,    0x39,    0x33,    
            0x32,    0x39,    0x34,    0x37,    0x31,    0x35,    0x38,    0x38,    0x31,    0x33,    0x34,    0x37,    0x36,    0x35,    0x36,    0x32,    
            0x35,    0x29,    0x29,    0x3b,    0x0a,    0x7d,    0x0a,    0x0a,    0x76,    0x65,    0x63,    0x33,    0x20,    0x74,    0x6f,    0x6e,    
            0x65,    0x4d,    0x61,    0x70,    0x41,    0x43,    0x45,    0x53,    0x5f,    0x48,    0x69,    0x6c,    0x6c,    0x28,    0x69,    0x6e,    
            0x6f,    0x75,    0x74,    0x20,    0x76,    0x65,    0x63,    0x33,    0x20,    0x63,    0x29,    0x0a,    0x7b,    0x0a,    0x20,    0x20,    
            0x20,    0x20,    0x63,    0x20,    0x3d,    0x20,    0x6d,    0x61,    0x74,    0x33,    0x28,    0x76,    0x65,    0x63,    0x33,    0x28,    
            0x30,    0x2e,    0x35,    0x39,    0x37,    0x31,    0x39,    0x30,    0x30,    0x32,    0x32,    0x34,    0x36,    0x38,    0x35,    0x36,    
            0x36,    0x38,    0x39,    0x34,    0x35,    0x33,    0x31,    0x32,    0x35,    0x2c,    0x20,    0x30,    0x2e,    0x30,    0x37,    0x35,    
            0x39,    0x39,    0x39,    0x39,    0x39,    0x37,    0x35,    0x35,    0x36,    0x32,    0x30,    0x39,    0x35,    0x36,    0x34,    0x32,    
            0x30,    0x38,    0x39,    0x38,    0x34,    0x33,    0x37,    0x35,    0x2c,    0x20,    0x30,    0x2e,    0x30,    0x32,    0x38,    0x34,    
            0x30,    0x30,    0x30,    0x30,    0x30,    0x31,    0x38,    0x34,    0x37,    0x37,    0x34,    0x33,    0x39,    0x38,    0x38,    0x30,    
            0x33,    0x37,    0x31,    0x30,    0x39,    0x33,    0x37,    0x35,    0x29,    0x2c,    0x20,    0x76,    0x65,    0x63,    0x33,    0x28,    
            0x30,    0x2e,    0x33,    0x35,    0x34,    0x35,    0x37,    0x39,    0x39,    0x38,    0x35,    0x31,    0x34,    0x31,    0x37,    0x35,    
            0x34,    0x31,    0x35,    0x30,    0x33,    0x39,    0x30,    0x36,    0x32,    0x35,    0x2c,    0x20,    0x30,    0x2e,    0x39,    0x30,    
            0x38,    0x33,    0x33,    0x39,    0x39,    0x37,    0x37,    0x32,    0x36,    0x34,    0x34,    0x30,    0x34,    0x32,    0x39,    0x36,    
            0x38,    0x37,    0x35,    0x2c,    0x20,    0x30,    0x2e,    0x31,    0x33,    0x33,    0x38,    0x32,    0x39,    0x39,    0x39,    0x35,    
            0x39,    0x38,    0x39,    0x37,    0x39,    0x39,    0x34,    0x39,    0x39,    0x35,    0x31,    0x31,    0x37,    0x31,    0x38,    0x37,    
            0x35,    0x29,    0x2c,    0x20,    0x76,    0x65,    0x63,    0x33,    0x28,    0x30,    0x2e,    0x30,    0x34,    0x38,    0x32,    0x32,    
            0x39,    0x39,    0x39,    0x39,    0x38,    0x34,    0x30,    0x32,    0x35,    0x39,    0x35,    0x35,    0x32,    0x30,    0x30,    0x31,    
            0x39,    0x35,    0x33,    0x31,    0x32,    0x35,    0x2c,    0x20,    0x30,    0x2e,    0x30,    0x31,    0x35,    0x36,    0x35,    0x39,    
            0x39,    0x39,    0x39,    0x31,    0x30,    0x32,    0x33,    0x35,    0x34,    0x30,    0x34,    0x39,    0x36,    0x38,    0x32,    0x36,    
            0x31,    0x37,    0x31,    0x38,    0x37,    0x35,    0x2c,    0x20,    0x30,    0x2e,    0x38,    0x33,    0x37,    0x37,    0x36,    0x39,    
            0x39,    0x38,    0x35,    0x31,    0x39,    0x38,    0x39,    0x37,    0x34,    0x36,    0x30,    0x39,    0x33,    0x37,    0x35,    0x29,    
            0x29,    0x20,    0x2a,    0x20,    0x63,    0x3b,    0x0a,    0x20,    0x20,    0x20,    0x20,    0x76,    0x65,    0x63,    0x33,    0x20,    
            0x70,    0x61,    0x72,    0x61,    0x6d,    0x20,    0x3d,    0x20,    0x63,    0x3b,    0x0a,    0x20,    0x20,    0x20,    0x20,    0x63,    
            0x20,    0x3d,    0x20,    0x52,    0x52,    0x54,    0x41,    0x6e,    0x64,    0x4f,    0x44,    0x54,    0x46,    0x69,    0x74,    0x28,    
            0x70,    0x61,    0x72,    0x61,    0x6d,    0x29,    0x3b,    0x0a,    0x20,    0x20,    0x20,    0x20,    0x63,    0x20,    0x3d,    0x20,    
            0x6d,    0x61,    0x74,    0x33,    0x28,    0x76,    0x65,    0x63,    0x33,    0x28,    0x31,    0x2e,    0x36,    0x30,    0x34,    0x37,    
            0x35,    0x30,    0x30,    0x33,    0x37,    0x31,    0x39,    0x33,    0x32,    0x39,    0x38,    0x33,    0x33,    0x39,    0x38,    0x34,    
            0x33,    0x37,    0x35,    0x2c,    0x20,    0x2d,    0x30,    0x2e,    0x31,    0x30,    0x32,    0x30,    0x38,    0x30,    0x30,    0x30,    
            0x32,    0x34,    0x32,    0x37,    0x31,    0x30,    0x31,    0x31,    0x33,    0x35,    0x32,    0x35,    0x33,    0x39,    0x30,    0x36,    
            0x32,    0x35,    0x2c,    0x20,    0x2d,    0x30,    0x2e,    0x30,    0x30,    0x33,    0x32,    0x36,    0x39,    0x39,    0x39,    0x39,    
            0x39,    0x38,    0x36,    0x35,    0x31,    0x34,    0x34,    0x34,    0x39,    0x31,    0x31,    0x39,    0x35,    0x36,    0x37,    0x38,    
            0x37,    0x31,    0x30,    0x39,    0x33,    0x37,    0x35,    0x29,    0x2c,    0x20,    0x76,    0x65,    0x63,    0x33,    0x28,    0x2d,    
            0x30,    0x2e,    0x35,    0x33,    0x31,    0x30,    0x38,    0x30,    0x30,    0x30,    0x37,    0x35,    0x35,    0x33,    0x31,    0x30,    
            0x30,    0x35,    0x38,    0x35,    0x39,    0x33,    0x37,    0x35,    0x2c,    0x20,    0x31,    0x2e,    0x31,    0x30,    0x38,    0x31,    
            0x32,    0x39,    0x39,    0x37,    0x38,    0x31,    0x37,    0x39,    0x39,    0x33,    0x31,    0x36,    0x34,    0x30,    0x36,    0x32,    
            0x35,    0x2c,    0x20,    0x2d,    0x30,    0x2e,    0x30,    0x37,    0x32,    0x37,    0x36,    0x30,    0x30,    0x30,    0x30,    0x38,    
            0x32,    0x34,    0x39,    0x32,    0x38,    0x32,    0x38,    0x33,    0x36,    0x39,    0x31,    0x34,    0x30,    0x36,    0x32,    0x35,    
            0x29,    0x2c,    0x20,    0x76,    0x65,    0x63,    0x33,    0x28,    0x2d,    0x30,    0x2e,    0x30,    0x37,    0x33,    0x36,    0x36,    
            0x39,    0x39,    0x39,    0x39,    0x38,    0x33,    0x37,    0x38,    0x37,    0x35,    0x33,    0x36,    0x36,    0x32,    0x31,    0x30,    
            0x39,    0x33,    0x37,    0x35,    0x2c,    0x20,    0x2d,    0x30,    0x2e,    0x30,    0x30,    0x36,    0x30,    0x34,    0x39,    0x39,    
            0x39,    0x39,    0x39,    0x36,    0x37,    0x32,    0x31,    0x37,    0x34,    0x34,    0x35,    0x33,    0x37,    0x33,    0x35,    0x33,    
            0x35,    0x31,    0x35,    0x36,    0x32,    0x35,    0x2c,    0x20,    0x31,    0x2e,    0x30,    0x37,    0x36,    0x30,    0x32,    0x30,    
            0x30,    0x30,    0x32,    0x33,    0x36,    0x35,    0x31,    0x31,    0x32,    0x33,    0x30,    0x34,    0x36,    0x38,    0x37,    0x35,    
            0x29,    0x29,    0x20,    0x2a,    0x20,    0x63,    0x3b,    0x0a,    0x20,    0x20,    0x20,    0x20,    0x72,    0x65,    0x74,    0x75,    
            0x72,    0x6e,    0x20,    0x63,    0x6c,    0x61,    0x6d,    0x70,    0x28,    0x63,    0x2c,    0x20,    0x76,    0x65,    0x63,    0x33,    
            0x28,    0x30,    0x2e,    0x30,    0x29,    0x2c,    0x20,    0x76,    0x65,    0x63,    0x33,    0x28,    0x31,    0x2e,    0x30,    0x29,    
            0x29,    0x3b,    0x0a,    0x7d,    0x0a,    0x0a,    0x76,    0x65,    0x63,    0x33,    0x20,    0x74,    0x6f,    0x6e,    0x65,    0x4d,    
            0x61,    0x70,    0x4b,    0x68,    0x72,    0x50,    0x62,    0x72,    0x4e,    0x65,    0x75,    0x74,    0x72,    0x61,    0x6c,    0x28,    
            0x69,    0x6e,    0x6f,    0x75,    0x74,    0x20,    0x76,    0x65,    0x63,    0x33,    0x20,    0x63,    0x29,    0x0a,    0x7b,    0x0a,    
            0x20,    0x20,    0x20,    0x20,    0x66,    0x6c,    0x6f,    0x61,    0x74,    0x20,    0x5f,    0x31,    0x34,    0x30,    0x20,    0x3d,    
            0x20,    0x6d,    0x69,    0x6e,    0x28,    0x63,    0x2e,    0x78,    0x2c,    0x20,    0x6d,    0x69,    0x6e,    0x28,    0x63,    0x2e,    
            0x79,    0x2c,    0x20,    0x63,    0x2e,    0x7a,    0x29,    0x29,    0x3b,    0x0a,    0x20,    0x20,    0x20,    0x20,    0x66,    0x6c,    
            0x6f,    0x61,    0x74,    0x20,    0x5f,    0x31,    0x34,    0x36,    0x3b,    0x0a,    0x20,    0x20,    0x20,    0x20,    0x69,    0x66,    
            0x20,    0x28,    0x5f,    0x31,    0x34,    0x30,    0x20,    0x3c,    0x20,    0x30,    0x2e,    0x30,    0x37,    0x39,    0x39,    0x39,    
            0x39,    0x39,    0x39,    0x38,    0x32,    0x31,    0x31,    0x38,    0x36,    0x30,    0x36,    0x35,    0x36,    0x37,    0x33,    0x38,    
            0x32,    0x38,    0x31,    0x32,    0x35,    0x29,    0x0a,    0x20,    0x20,    0x20,    0x20,    0x7b,    0x0a,    0x20,    0x20,    0x20,    
            0x20,    0x20,    0x20,    0x20,    0x20,    0x5f,    0x31,    0x34,    0x36,    0x20,    0x3d,    0x20,    0x5f,    0x31,    0x34,    0x30,    
            0x20,    0x2d,    0x20,    0x28,    0x28,    0x36,    0x2e,    0x32,    0x35,    0x20,    0x2a,    0x20,    0x5f,    0x31,    0x34,    0x30,    
            0x29,    0x20,    0x2a,    0x20,    0x5f,    0x31,    0x34,    0x30,    0x29,    0x3b,    0x0a,    0x20,    0x20,    0x20,    0x20,    0x7d,    
            0x0a,    0x20,    0x20,    0x20,    0x20,    0x65,    0x6c,    0x73,    0x65,    0x0a,    0x20,    0x20,    0x20,    0x20,    0x7b,    0x0a,    
            0x20,    0x20,    0x20,    0x20,    0x20,    0x20,    0x20,    0x20,    0x5f,    0x31,    0x34,    0x36,    0x20,    0x3d,    0x20,    0x30,    
            0x2e,    0x30,    0x33,    0x39,    0x39,    0x39,    0x39,    0x39,    0x39,    0x39,    0x31,    0x30,    0x35,    0x39,    0x33,    0x30,    
            0x33,    0x32,    0x38,    0x33,    0x36,    0x39,    0x31,    0x34,    0x30,    0x36,    0x32,    0x35,    0x3b,    0x0a,    0x20,    0x20,    
            0x20,    0x20,    0x7d,    0x0a,    0x20,    0x20,    0x20,    0x20,    0x63,    0x20,    0x2d,    0x3d,    0x20,    0x76,    0x65,    0x63,    
            0x33,    0x28,    0x5f,    0x31,    0x34,    0x36,    0x29,    0x3b,    0x0a,    0x20,    0x20,    0x20,    0x20,    0x66,    0x6c,    0x6f,    
            0x61,    0x74,    0x20,    0x5f,    0x31,    0x36,    0x35,    0x20,    0x3d,    0x20,    0x63,    0x2e,    0x78,    0x3b,    0x0a,    0x20,    
            0x20,    0x20,    0x20,    0x66,    0x6c,    0x6f,    0x61,    0x74,    0x20,    0x5f,    0x31,    0x36,    0x37,    0x20,    0x3d,    0x20,    
            0x63,    0x2e,    0x79,    0x3b,    0x0a,    0x20,    0x20,    0x20,    0x20,    0x66,    0x6c,    0x6f,    0x61,    0x74,    0x20,    0x5f,    
            0x31,    0x36,    0x39,    0x20,    0x3d,    0x20,    0x63,    0x2e,    0x7a,    0x3b,    0x0a,    0x20,    0x20,    0x20,    0x20,    0x66,    
            0x6c,    0x6f,    0x61,    0x74,    0x20,    0x5f,    0x31,    0x37,    0x31,    0x20,    0x3d,    0x20,    0x6d,    0x61,    0x78,    0x28,    
            0x5f,    0x31,    0x36,    0x35,    0x2c,    0x20,    0x6d,    0x61,    0x78,    0x28,    0x5f,    0x31,    0x36,    0x37,    0x2c,    0x20,    
            0x5f,    0x31,    0x36,    0x39,    0x29,    0x29,    0x3b,    0x0a,    0x20,    0x20,    0x20,    0x20,    0x69,    0x66,    0x20,    0x28,    
            0x5f,    0x31,    0x37,    0x31,    0x20,    0x3c,    0x20,    0x30,    0x2e,    0x37,    0x35,    0x39,    0x39,    0x39,    0x39,    0x39,    
            0x39,    0x30,    0x34,    0x36,    0x33,    0x32,    0x35,    0x36,    0x38,    0x33,    0x35,    0x39,    0x33,    0x37,    0x35,    0x29,    
            0x0a,    0x20,    0x20,    0x20,    0x20,    0x7b,    0x0a,    0x20,    0x20,    0x20,    0x20,    0x20,    0x20,    0x20,    0x20,    0x72,    
            0x65,    0x74,    0x75,    0x72,    0x6e,    0x20,    0x63,    0x3b,    0x0a,    0x20,    0x20,    0x20,    0x20,    0x7d,    0x0a,    0x20,    
            0x20,    0x20,    0x20,    0x66,    0x6c,    0x6f,    0x61,    0x74,    0x20,    0x5f,    0x31,    0x38,    0x36,    0x20,    0x3d,    0x20,    
            0x31,    0x2e,    0x30,    0x20,    0x2d,    0x20,    0x28,    0x30,    0x2e,    0x30,    0x35,    0x37,    0x35,    0x39,    0x39,    0x39,    
            0x39,    0x39,    0x30,    0x31,    0x30,    0x35,    0x36,    0x32,    0x38,    0x39,    0x36,    0x37,    0x32,    0x38,    0x35,    0x31,    
            0x35,    0x36,    0x32,    0x35,    0x20,    0x2f,    0x20,    0x28,    0x5f,    0x31,    0x37,    0x31,    0x20,    0x2b,    0x20,    0x28,    
            0x2d,    0x30,    0x2e,    0x35,    0x31,    0x39,    0x39,    0x39,    0x39,    0x39,    0x38,    0x30,    0x39,    0x32,    0x36,    0x35,    
            0x31,    0x33,    0x36,    0x37,    0x31,    0x38,    0x37,    0x35,    0x29,    0x29,    0x29,    0x3b,    0x0a,    0x20,    0x20,    0x20,    
            0x20,    0x63,    0x20,    0x2a,    0x3d,    0x20,    0x28,    0x5f,    0x31,    0x38,    0x36,    0x20,    0x2f,    0x20,    0x5f,    0x31,    
            0x37,    0x31,    0x29,    0x3b,    0x0a,    0x20,    0x20,    0x20,    0x20,    0x72,    0x65,    0x74,    0x75,    0x72,    0x6e,    0x20,    
            0x6d,    0x69,    0x78,    0x28,    0x63,    0x2c,    0x20,    0x76,    0x65,    0x63,    0x33,    0x28,    0x31,    0x2e,    0x30,    0x29,    
            0x20,    0x2a,    0x20,    0x5f,    0x31,    0x38,    0x36,    0x2c,    0x20,    0x76,    0x65,    0x63,    0x33,    0x28,    0x31,    0x2e,    
            0x30,    0x20,    0x2d,    0x20,    0x28,    0x31,    0x2e,    0x30,    0x20,    0x2f,    0x20,    0x28,    0x28,    0x30,    0x2e,    0x31,    
            0x35,    0x30,    0x30,    0x30,    0x30,    0x30,    0x30,    0x35,    0x39,    0x36,    0x30,    0x34,    0x36,    0x34,    0x34,    0x37,    
            0x37,    0x35,    0x33,    0x39,    0x30,    0x36,    0x32,    0x35,    0x20,    0x2a,    0x20,    0x28,    0x5f,    0x31,    0x37,    0x31,    
            0x20,    0x2d,    0x20,    0x5f,    0x31,    0x38,    0x36,    0x29,    0x29,    0x20,    0x2b,    0x20,    0x31,    0x2e,    0x30,    0x29,    
            0x29,    0x29,    0x29,    0x3b,    0x0a,    0x7d,    0x0a,    0x0a,    0x76,    0x65,    0x63,    0x33,    0x20,    0x6c,    0x69,    0x6e,    
            0x65,    0x61,    0x72,    0x54,    0x6f,    0x53,    0x52,    0x47,    0x42,    0x28,    0x76,    0x65,    0x63,    0x33,    0x20,    0x63,    
            0x29,    0x0a,    0x7b,    0x0a,    0x20,    0x20,    0x20,    0x20,    0x72,    0x65,    0x74,    0x75,    0x72,    0x6e,    0x20,    0x70,    
            0x6f,    0x77,    0x28,    0x6d,    0x61,    0x78,    0x28,    0x63,    0x2c,    0x20,    0x76,    0x65,    0x63,    0x33,    0x28,    0x30,    
            0x2e,    0x30,    0x29,    0x29,    0x2c,    0x20,    0x76,    0x65,    0x63,    0x33,    0x28,    0x30,    0x2e,    0x34,    0x35,    0x34,    
            0x35,    0x34,    0x35,    0x34,    0x36,    0x38,    0x30,    0x39,    0x31,    0x39,    0x36,    0x34,    0x37,    0x32,    0x31,    0x36,    
            0x37,    0x39,    0x36,    0x38,    0x37,    0x35,    0x29,    0x29,    0x3b,    0x0a,    0x7d,    0x0a,    0x0a,    0x76,    0x6f,    0x69,    
            0x64,    0x20,    0x6d,    0x61,    0x69,    0x6e,    0x28,    0x29,    0x0a,    0x7b,    0x0a,    0x20,    0x20,    0x20,    0x20,    0x76,    
            0x65,    0x63,    0x33,    0x20,    0x63,    0x6f,    0x6c,    0x6f,    0x72,    0x20,    0x3d,    0x20,    0x74,    0x65,    0x78,    0x74,    
            0x75,    0x72,    0x65,    0x28,    0x68,    0x64,    0x72,    0x5f,    0x74,    0x65,    0x78,    0x5f,    0x68,    0x64,    0x72,    0x5f,    
            0x73,    0x6d,    0x70,    0x2c,    0x20,    0x67,    0x6c,    0x5f,    0x46,    0x72,    0x61,    0x67,    0x43,    0x6f,    0x6f,    0x72,    
            0x64,    0x2e,    0x78,    0x79,    0x20,    0x2f,    0x20,    0x76,    0x65,    0x63,    0x32,    0x28,    0x74,    0x65,    0x78,    0x74,    
            0x75,    0x72,    0x65,    0x53,    0x69,    0x7a,    0x65,    0x28,    0x68,    0x64,    0x72,    0x5f,    0x74,    0x65,    0x78,    0x5f,    
            0x68,    0x64,    0x72,    0x5f,    0x73,    0x6d,    0x70,    0x2c,    0x20,    0x30,    0x29,    0x29,    0x29,    0x2e,    0x78,    0x79,    
            0x7a,    0x20,    0x2a,    0x20,    0x5f,    0x32,    0x34,    0x34,    0x2e,    0x75,    0x5f,    0x45,    0x78,    0x70,    0x6f,    0x73,    
            0x75,    0x72,    0x65,    0x3b,    0x0a,    0x20,    0x20,    0x20,    0x20,    0x69,    0x66,    0x20,    0x28,    0x5f,    0x32,    0x34,    
            0x34,    0x2e,    0x75,    0x5f,    0x54,    0x79,    0x70,    0x65,    0x20,    0x3d,    0x3d,    0x20,    0x31,    0x29,    0x0a,    0x20,    
            0x20,    0x20,    0x20,    0x7b,    0x0a,    0x20,    0x20,    0x20,    0x20,    0x20,    0x20,    0x20,    0x20,    0x76,    0x65,    0x63,    
            0x33,    0x20,    0x70,    0x61,    0x72,    0x61,    0x6d,    0x20,    0x3d,    0x20,    0x63,    0x6f,    0x6c,    0x6f,    0x72,    0x3b,    
            0x0a,    0x20,    0x20,    0x20,    0x20,    0x20,    0x20,    0x20,    0x20,    0x63,    0x6f,    0x6c,    0x6f,    0x72,    0x20,    0x3d,    
            0x20,    0x74,    0x6f,    0x6e,    0x65,    0x4d,    0x61,    0x70,    0x41,    0x43,    0x45,    0x53,    0x5f,    0x4e,    0x61,    0x72,    
            0x6b,    0x6f,    0x77,    0x69,    0x63,    0x7a,    0x28,    0x70,    0x61,    0x72,    0x61,    0x6d,    0x29,    0x3b,    0x0a,    0x20,    
            0x20,    0x20,    0x20,    0x7d,    0x0a,    0x20,    0x20,    0x20,    0x20,    0x65,    0x6c,    0x73,    0x65,    0x0a,    0x20,    0x20,    
            0x20,    0x20,    0x7b,    0x0a,    0x20,    0x20,    0x20,    0x20,    0x20,    0x20,    0x20,    0x20,    0x69,    0x66,    0x20,    0x28,    
            0x5f,    0x32,    0x34,    0x34,    0x2e,    0x75,    0x5f,    0x54,    0x79,    0x70,    0x65,    0x20,    0x3d,    0x3d,    0x20,    0x32,    
            0x29,    0x0a,    0x20,    0x20,    0x20,    0x20,    0x20,    0x20,    0x20,    0x20,    0x7b,    0x0a,    0x20,    0x20,    0x20,    0x20,    
            0x20,    0x20,    0x20,    0x20,    0x20,    0x20,    0x20,    0x20,    0x76,    0x65,    0x63,    0x33,    0x20,    0x70,    0x61,    0x72,    
            0x61,    0x6d,    0x5f,    0x31,    0x20,    0x3d,    0x20,    0x63,    0x6f,    0x6c,    0x6f,    0x72,    0x3b,    0x0a,    0x20,    0x20,    
            0x20,    0x20,    0x20,    0x20,    0x20,    0x20,    0x20,    0x20,    0x20,    0x20,    0x76,    0x65,    0x63,    0x33,    0x20,    0x5f,    
            0x32,    0x36,    0x39,    0x20,    0x3d,    0x20,    0x74,    0x6f,    0x6e,    0x65,    0x4d,    0x61,    0x70,    0x41,    0x43,    0x45,    
            0x53,    0x5f,    0x48,    0x69,    0x6c,    0x6c,    0x28,    0x70,    0x61,    0x72,    0x61,    0x6d,    0x5f,    0x31,    0x29,    0x3b,    
            0x0a,    0x20,    0x20,    0x20,    0x20,    0x20,    0x20,    0x20,    0x20,    0x20,    0x20,    0x20,    0x20,    0x63,    0x6f,    0x6c,    
            0x6f,    0x72,    0x20,    0x3d,    0x20,    0x5f,    0x32,    0x36,    0x39,    0x3b,    0x0a,    0x20,    0x20,    0x20,    0x20,    0x20,    
            0x20,    0x20,    0x20,    0x7d,    0x0a,    0x20,    0x20,    0x20,    0x20,    0x20,    0x20,    0x20,    0x20,    0x65,    0x6c,    0x73,    
            0x65,    0x0a,    0x20,    0x20,    0x20,    0x20,    0x20,    0x20,    0x20,    0x20,    0x7b,    0x0a,    0x20,    0x20,    0x20,    0x20,    
            0x20,    0x20,    0x20,    0x20,    0x20,    0x20,    0x20,    0x20,    0x69,    0x66,    0x20,    0x28,    0x5f,    0x32,    0x34,    0x34,    
            0x2e,    0x75,    0x5f,    0x54,    0x79,    0x70,    0x65,    0x20,    0x3d,    0x3d,    0x20,    0x33,    0x29,    0x0a,    0x20,    0x20,    
            0x20,    0x20,    0x20,    0x20,    0x20,    0x20,    0x20,    0x20,    0x20,    0x20,    0x7b,    0x0a,    0x20,    0x20,    0x20,    0x20,    
            0x20,    0x20,    0x20,    0x20,    0x20,    0x20,    0x20,    0x20,    0x20,    0x20,    0x20,    0x20,    0x76,    0x65,    0x63,    0x33,    
            0x20,    0x70,    0x61,    0x72,    0x61,    0x6d,    0x5f,    0x32,    0x20,    0x3d,    0x20,    0x63,    0x6f,    0x6c,    0x6f,    0x72,    
            0x3b,    0x0a,    0x20,    0x20,    0x20,    0x20,    0x20,    0x20,    0x20,    0x20,    0x20,    0x20,    0x20,    0x20,    0x20,    0x20,    
            0x20,    0x20,    0x76,    0x65,    0x63,    0x33,    0x20,    0x5f,    0x32,    0x37,    0x39,    0x20,    0x3d,    0x20,    0x74,    0x6f,    
            0x6e,    0x65,    0x4d,    0x61,    0x70,    0x4b,    0x68,    0x72,    0x50,    0x62,    0x72,    0x4e,    0x65,    0x75,    0x74,    0x72,    
            0x61,    0x6c,    0x28,    0x70,    0x61,    0x72,    0x61,    0x6d,    0x5f,    0x32,    0x29,    0x3b,    0x0a,    0x20,    0x20,    0x20,    
            0x20,    0x20,    0x20,    0x20,    0x20,    0x20,    0x20,    0x20,    0x20,    0x20,    0x20,    0x20,    0x20,    0x63,    0x6f,    0x6c,    
            0x6f,    0x72,    0x20,    0x3d,    0x20,    0x5f,    0x32,    0x37,    0x39,    0x3b,    0x0a,    0x20,    0x20,    0x20,    0x20,    0x20,    
            0x20,    0x20,    0x20,    0x20,    0x20,    0x20,    0x20,    0x7d,    0x0a,    0x20,    0x20,    0x20,    0x20,    0x20,    0x20,    0x20,    
            0x20,    0x7d,    0x0a,    0x20,    0x20,    0x20,    0x20,    0x7d,    0x0a,    0x20,    0x20,    0x20,    0x20,    0x76,    0x65,    0x63,    
            0x33,    0x20,    0x70,    0x61,    0x72,    0x61,    0x6d,    0x5f,    0x33,    0x20,    0x3d,    0x20,    0x63,    0x6f,    0x6c,    0x6f,    
            0x72,    0x3b,    0x0a,    0x20,    0x20,    0x20,    0x20,    0x66,    0x72,    0x61,    0x67,    0x5f,    0x63,    0x6f,    0x6c,    0x6f,    
            0x72,    0x20,    0x3d,    0x20,    0x76,    0x65,    0x63,    0x34,    0x28,    0x6c,    0x69,    0x6e,    0x65,    0x61,    0x72,    0x54,    
            0x6f,    0x53,    0x52,    0x47,    0x42,    0x28,    0x70,    0x61,    0x72,    0x61,    0x6d,    0x5f,    0x33,    0x29,    0x2c,    0x20,    
            0x31,    0x2e,    0x30,    0x29,    0x3b,    0x0a,    0x7d,    0x0a,    0x0a,    0x00,    
};
    /*
        #version 300 es

        void main()
        {
            gl_Position = vec4((vec2(float((gl_VertexID << 1) & 2), float(gl_VertexID & 2)) * 2.0) - vec2(1.0), 0.0, 1.0);
        }

    */
    static readonly byte[] tonemap_pass_tonemap_vs_source_glsl300es = {
            0x23,    0x76,    0x65,    0x72,    0x73,    0x69,    0x6f,    0x6e,    0x20,    0x33,    0x30,    0x30,    0x20,    0x65,    0x73,    0x0a,    
            0x0a,    0x76,    0x6f,    0x69,    0x64,    0x20,    0x6d,    0x61,    0x69,    0x6e,    0x28,    0x29,    0x0a,    0x7b,    0x0a,    0x20,    
            0x20,    0x20,    0x20,    0x67,    0x6c,    0x5f,    0x50,    0x6f,    0x73,    0x69,    0x74,    0x69,    0x6f,    0x6e,    0x20,    0x3d,    
            0x20,    0x76,    0x65,    0x63,    0x34,    0x28,    0x28,    0x76,    0x65,    0x63,    0x32,    0x28,    0x66,    0x6c,    0x6f,    0x61,    
            0x74,    0x28,    0x28,    0x67,    0x6c,    0x5f,    0x56,    0x65,    0x72,    0x74,    0x65,    0x78,    0x49,    0x44,    0x20,    0x3c,    
            0x3c,    0x20,    0x31,    0x29,    0x20,    0x26,    0x20,    0x32,    0x29,    0x2c,    0x20,    0x66,    0x6c,    0x6f,    0x61,    0x74,    
            0x28,    0x67,    0x6c,    0x5f,    0x56,    0x65,    0x72,    0x74,    0x65,    0x78,    0x49,    0x44,    0x20,    0x26,    0x20,    0x32,    
            0x29,    0x29,    0x20,    0x2a,    0x20,    0x32,    0x2e,    0x30,    0x29,    0x20,    0x2d,    0x20,    0x76,    0x65,    0x63,    0x32,    
            0x28,    0x31,    0x2e,    0x30,    0x29,    0x2c,    0x20,    0x30,    0x2e,    0x30,    0x2c,    0x20,    0x31,    0x2e,    0x30,    0x29,    
            0x3b,    0x0a,    0x7d,    0x0a,    0x0a,    0x00,    
};
    /*
        #version 300 es
        precision mediump float;
        precision highp int;

        struct tonemap_params
        {
            highp float u_Exposure;
            int u_Type;
            highp float _pad0;
            highp float _pad1;
        };

        uniform tonemap_params _244;

        uniform highp sampler2D hdr_tex_hdr_smp;

        layout(location = 0) out highp vec4 frag_color;

        highp vec3 toneMapACES_Narkowicz(highp vec3 c)
        {
            return clamp((c * ((c * 2.5099999904632568359375) + vec3(0.02999999932944774627685546875))) / ((c * ((c * 2.4300000667572021484375) + vec3(0.589999973773956298828125))) + vec3(0.14000000059604644775390625)), vec3(0.0), vec3(1.0));
        }

        highp vec3 RRTAndODTFit(highp vec3 c)
        {
            return ((c * (c + vec3(0.02457859925925731658935546875))) - vec3(9.0537003416102379560470581054688e-05)) / ((c * ((c * 0.98372900485992431640625) + vec3(0.4329510033130645751953125))) + vec3(0.23808099329471588134765625));
        }

        highp vec3 toneMapACES_Hill(inout highp vec3 c)
        {
            c = mat3(vec3(0.59719002246856689453125, 0.075999997556209564208984375, 0.0284000001847743988037109375), vec3(0.354579985141754150390625, 0.908339977264404296875, 0.13382999598979949951171875), vec3(0.048229999840259552001953125, 0.0156599991023540496826171875, 0.837769985198974609375)) * c;
            highp vec3 param = c;
            c = RRTAndODTFit(param);
            c = mat3(vec3(1.60475003719329833984375, -0.10208000242710113525390625, -0.00326999998651444911956787109375), vec3(-0.5310800075531005859375, 1.108129978179931640625, -0.07276000082492828369140625), vec3(-0.0736699998378753662109375, -0.00604999996721744537353515625, 1.0760200023651123046875)) * c;
            return clamp(c, vec3(0.0), vec3(1.0));
        }

        highp vec3 toneMapKhrPbrNeutral(inout highp vec3 c)
        {
            highp float _140 = min(c.x, min(c.y, c.z));
            highp float _146;
            if (_140 < 0.07999999821186065673828125)
            {
                _146 = _140 - ((6.25 * _140) * _140);
            }
            else
            {
                _146 = 0.039999999105930328369140625;
            }
            c -= vec3(_146);
            highp float _165 = c.x;
            highp float _167 = c.y;
            highp float _169 = c.z;
            highp float _171 = max(_165, max(_167, _169));
            if (_171 < 0.7599999904632568359375)
            {
                return c;
            }
            highp float _186 = 1.0 - (0.057599999010562896728515625 / (_171 + (-0.519999980926513671875)));
            c *= (_186 / _171);
            return mix(c, vec3(1.0) * _186, vec3(1.0 - (1.0 / ((0.1500000059604644775390625 * (_171 - _186)) + 1.0))));
        }

        highp vec3 linearToSRGB(highp vec3 c)
        {
            return pow(max(c, vec3(0.0)), vec3(0.4545454680919647216796875));
        }

        void main()
        {
            highp vec3 color = texture(hdr_tex_hdr_smp, gl_FragCoord.xy / vec2(textureSize(hdr_tex_hdr_smp, 0))).xyz * _244.u_Exposure;
            if (_244.u_Type == 1)
            {
                highp vec3 param = color;
                color = toneMapACES_Narkowicz(param);
            }
            else
            {
                if (_244.u_Type == 2)
                {
                    highp vec3 param_1 = color;
                    highp vec3 _269 = toneMapACES_Hill(param_1);
                    color = _269;
                }
                else
                {
                    if (_244.u_Type == 3)
                    {
                        highp vec3 param_2 = color;
                        highp vec3 _279 = toneMapKhrPbrNeutral(param_2);
                        color = _279;
                    }
                }
            }
            highp vec3 param_3 = color;
            frag_color = vec4(linearToSRGB(param_3), 1.0);
        }

    */
    static readonly byte[] tonemap_pass_tonemap_fs_source_glsl300es = {
            0x23,    0x76,    0x65,    0x72,    0x73,    0x69,    0x6f,    0x6e,    0x20,    0x33,    0x30,    0x30,    0x20,    0x65,    0x73,    0x0a,    
            0x70,    0x72,    0x65,    0x63,    0x69,    0x73,    0x69,    0x6f,    0x6e,    0x20,    0x6d,    0x65,    0x64,    0x69,    0x75,    0x6d,    
            0x70,    0x20,    0x66,    0x6c,    0x6f,    0x61,    0x74,    0x3b,    0x0a,    0x70,    0x72,    0x65,    0x63,    0x69,    0x73,    0x69,    
            0x6f,    0x6e,    0x20,    0x68,    0x69,    0x67,    0x68,    0x70,    0x20,    0x69,    0x6e,    0x74,    0x3b,    0x0a,    0x0a,    0x73,    
            0x74,    0x72,    0x75,    0x63,    0x74,    0x20,    0x74,    0x6f,    0x6e,    0x65,    0x6d,    0x61,    0x70,    0x5f,    0x70,    0x61,    
            0x72,    0x61,    0x6d,    0x73,    0x0a,    0x7b,    0x0a,    0x20,    0x20,    0x20,    0x20,    0x68,    0x69,    0x67,    0x68,    0x70,    
            0x20,    0x66,    0x6c,    0x6f,    0x61,    0x74,    0x20,    0x75,    0x5f,    0x45,    0x78,    0x70,    0x6f,    0x73,    0x75,    0x72,    
            0x65,    0x3b,    0x0a,    0x20,    0x20,    0x20,    0x20,    0x69,    0x6e,    0x74,    0x20,    0x75,    0x5f,    0x54,    0x79,    0x70,    
            0x65,    0x3b,    0x0a,    0x20,    0x20,    0x20,    0x20,    0x68,    0x69,    0x67,    0x68,    0x70,    0x20,    0x66,    0x6c,    0x6f,    
            0x61,    0x74,    0x20,    0x5f,    0x70,    0x61,    0x64,    0x30,    0x3b,    0x0a,    0x20,    0x20,    0x20,    0x20,    0x68,    0x69,    
            0x67,    0x68,    0x70,    0x20,    0x66,    0x6c,    0x6f,    0x61,    0x74,    0x20,    0x5f,    0x70,    0x61,    0x64,    0x31,    0x3b,    
            0x0a,    0x7d,    0x3b,    0x0a,    0x0a,    0x75,    0x6e,    0x69,    0x66,    0x6f,    0x72,    0x6d,    0x20,    0x74,    0x6f,    0x6e,    
            0x65,    0x6d,    0x61,    0x70,    0x5f,    0x70,    0x61,    0x72,    0x61,    0x6d,    0x73,    0x20,    0x5f,    0x32,    0x34,    0x34,    
            0x3b,    0x0a,    0x0a,    0x75,    0x6e,    0x69,    0x66,    0x6f,    0x72,    0x6d,    0x20,    0x68,    0x69,    0x67,    0x68,    0x70,    
            0x20,    0x73,    0x61,    0x6d,    0x70,    0x6c,    0x65,    0x72,    0x32,    0x44,    0x20,    0x68,    0x64,    0x72,    0x5f,    0x74,    
            0x65,    0x78,    0x5f,    0x68,    0x64,    0x72,    0x5f,    0x73,    0x6d,    0x70,    0x3b,    0x0a,    0x0a,    0x6c,    0x61,    0x79,    
            0x6f,    0x75,    0x74,    0x28,    0x6c,    0x6f,    0x63,    0x61,    0x74,    0x69,    0x6f,    0x6e,    0x20,    0x3d,    0x20,    0x30,    
            0x29,    0x20,    0x6f,    0x75,    0x74,    0x20,    0x68,    0x69,    0x67,    0x68,    0x70,    0x20,    0x76,    0x65,    0x63,    0x34,    
            0x20,    0x66,    0x72,    0x61,    0x67,    0x5f,    0x63,    0x6f,    0x6c,    0x6f,    0x72,    0x3b,    0x0a,    0x0a,    0x68,    0x69,    
            0x67,    0x68,    0x70,    0x20,    0x76,    0x65,    0x63,    0x33,    0x20,    0x74,    0x6f,    0x6e,    0x65,    0x4d,    0x61,    0x70,    
            0x41,    0x43,    0x45,    0x53,    0x5f,    0x4e,    0x61,    0x72,    0x6b,    0x6f,    0x77,    0x69,    0x63,    0x7a,    0x28,    0x68,    
            0x69,    0x67,    0x68,    0x70,    0x20,    0x76,    0x65,    0x63,    0x33,    0x20,    0x63,    0x29,    0x0a,    0x7b,    0x0a,    0x20,    
            0x20,    0x20,    0x20,    0x72,    0x65,    0x74,    0x75,    0x72,    0x6e,    0x20,    0x63,    0x6c,    0x61,    0x6d,    0x70,    0x28,    
            0x28,    0x63,    0x20,    0x2a,    0x20,    0x28,    0x28,    0x63,    0x20,    0x2a,    0x20,    0x32,    0x2e,    0x35,    0x30,    0x39,    
            0x39,    0x39,    0x39,    0x39,    0x39,    0x30,    0x34,    0x36,    0x33,    0x32,    0x35,    0x36,    0x38,    0x33,    0x35,    0x39,    
            0x33,    0x37,    0x35,    0x29,    0x20,    0x2b,    0x20,    0x76,    0x65,    0x63,    0x33,    0x28,    0x30,    0x2e,    0x30,    0x32,    
            0x39,    0x39,    0x39,    0x39,    0x39,    0x39,    0x39,    0x33,    0x32,    0x39,    0x34,    0x34,    0x37,    0x37,    0x34,    0x36,    
            0x32,    0x37,    0x36,    0x38,    0x35,    0x35,    0x34,    0x36,    0x38,    0x37,    0x35,    0x29,    0x29,    0x29,    0x20,    0x2f,    
            0x20,    0x28,    0x28,    0x63,    0x20,    0x2a,    0x20,    0x28,    0x28,    0x63,    0x20,    0x2a,    0x20,    0x32,    0x2e,    0x34,    
            0x33,    0x30,    0x30,    0x30,    0x30,    0x30,    0x36,    0x36,    0x37,    0x35,    0x37,    0x32,    0x30,    0x32,    0x31,    0x34,    
            0x38,    0x34,    0x33,    0x37,    0x35,    0x29,    0x20,    0x2b,    0x20,    0x76,    0x65,    0x63,    0x33,    0x28,    0x30,    0x2e,    
            0x35,    0x38,    0x39,    0x39,    0x39,    0x39,    0x39,    0x37,    0x33,    0x37,    0x37,    0x33,    0x39,    0x35,    0x36,    0x32,    
            0x39,    0x38,    0x38,    0x32,    0x38,    0x31,    0x32,    0x35,    0x29,    0x29,    0x29,    0x20,    0x2b,    0x20,    0x76,    0x65,    
            0x63,    0x33,    0x28,    0x30,    0x2e,    0x31,    0x34,    0x30,    0x30,    0x30,    0x30,    0x30,    0x30,    0x30,    0x35,    0x39,    
            0x36,    0x30,    0x34,    0x36,    0x34,    0x34,    0x37,    0x37,    0x35,    0x33,    0x39,    0x30,    0x36,    0x32,    0x35,    0x29,    
            0x29,    0x2c,    0x20,    0x76,    0x65,    0x63,    0x33,    0x28,    0x30,    0x2e,    0x30,    0x29,    0x2c,    0x20,    0x76,    0x65,    
            0x63,    0x33,    0x28,    0x31,    0x2e,    0x30,    0x29,    0x29,    0x3b,    0x0a,    0x7d,    0x0a,    0x0a,    0x68,    0x69,    0x67,    
            0x68,    0x70,    0x20,    0x76,    0x65,    0x63,    0x33,    0x20,    0x52,    0x52,    0x54,    0x41,    0x6e,    0x64,    0x4f,    0x44,    
            0x54,    0x46,    0x69,    0x74,    0x28,    0x68,    0x69,    0x67,    0x68,    0x70,    0x20,    0x76,    0x65,    0x63,    0x33,    0x20,    
            0x63,    0x29,    0x0a,    0x7b,    0x0a,    0x20,    0x20,    0x20,    0x20,    0x72,    0x65,    0x74,    0x75,    0x72,    0x6e,    0x20,    
            0x28,    0x28,    0x63,    0x20,    0x2a,    0x20,    0x28,    0x63,    0x20,    0x2b,    0x20,    0x76,    0x65,    0x63,    0x33,    0x28,    
            0x30,    0x2e,    0x30,    0x32,    0x34,    0x35,    0x37,    0x38,    0x35,    0x39,    0x39,    0x32,    0x35,    0x39,    0x32,    0x35,    
            0x37,    0x33,    0x31,    0x36,    0x35,    0x38,    0x39,    0x33,    0x35,    0x35,    0x34,    0x36,    0x38,    0x37,    0x35,    0x29,    
            0x29,    0x29,    0x20,    0x2d,    0x20,    0x76,    0x65,    0x63,    0x33,    0x28,    0x39,    0x2e,    0x30,    0x35,    0x33,    0x37,    
            0x30,    0x30,    0x33,    0x34,    0x31,    0x36,    0x31,    0x30,    0x32,    0x33,    0x37,    0x39,    0x35,    0x36,    0x30,    0x34,    
            0x37,    0x30,    0x35,    0x38,    0x31,    0x30,    0x35,    0x34,    0x36,    0x38,    0x38,    0x65,    0x2d,    0x30,    0x35,    0x29,    
            0x29,    0x20,    0x2f,    0x20,    0x28,    0x28,    0x63,    0x20,    0x2a,    0x20,    0x28,    0x28,    0x63,    0x20,    0x2a,    0x20,    
            0x30,    0x2e,    0x39,    0x38,    0x33,    0x37,    0x32,    0x39,    0x30,    0x30,    0x34,    0x38,    0x35,    0x39,    0x39,    0x32,    
            0x34,    0x33,    0x31,    0x36,    0x34,    0x30,    0x36,    0x32,    0x35,    0x29,    0x20,    0x2b,    0x20,    0x76,    0x65,    0x63,    
            0x33,    0x28,    0x30,    0x2e,    0x34,    0x33,    0x32,    0x39,    0x35,    0x31,    0x30,    0x30,    0x33,    0x33,    0x31,    0x33,    
            0x30,    0x36,    0x34,    0x35,    0x37,    0x35,    0x31,    0x39,    0x35,    0x33,    0x31,    0x32,    0x35,    0x29,    0x29,    0x29,    
            0x20,    0x2b,    0x20,    0x76,    0x65,    0x63,    0x33,    0x28,    0x30,    0x2e,    0x32,    0x33,    0x38,    0x30,    0x38,    0x30,    
            0x39,    0x39,    0x33,    0x32,    0x39,    0x34,    0x37,    0x31,    0x35,    0x38,    0x38,    0x31,    0x33,    0x34,    0x37,    0x36,    
            0x35,    0x36,    0x32,    0x35,    0x29,    0x29,    0x3b,    0x0a,    0x7d,    0x0a,    0x0a,    0x68,    0x69,    0x67,    0x68,    0x70,    
            0x20,    0x76,    0x65,    0x63,    0x33,    0x20,    0x74,    0x6f,    0x6e,    0x65,    0x4d,    0x61,    0x70,    0x41,    0x43,    0x45,    
            0x53,    0x5f,    0x48,    0x69,    0x6c,    0x6c,    0x28,    0x69,    0x6e,    0x6f,    0x75,    0x74,    0x20,    0x68,    0x69,    0x67,    
            0x68,    0x70,    0x20,    0x76,    0x65,    0x63,    0x33,    0x20,    0x63,    0x29,    0x0a,    0x7b,    0x0a,    0x20,    0x20,    0x20,    
            0x20,    0x63,    0x20,    0x3d,    0x20,    0x6d,    0x61,    0x74,    0x33,    0x28,    0x76,    0x65,    0x63,    0x33,    0x28,    0x30,    
            0x2e,    0x35,    0x39,    0x37,    0x31,    0x39,    0x30,    0x30,    0x32,    0x32,    0x34,    0x36,    0x38,    0x35,    0x36,    0x36,    
            0x38,    0x39,    0x34,    0x35,    0x33,    0x31,    0x32,    0x35,    0x2c,    0x20,    0x30,    0x2e,    0x30,    0x37,    0x35,    0x39,    
            0x39,    0x39,    0x39,    0x39,    0x37,    0x35,    0x35,    0x36,    0x32,    0x30,    0x39,    0x35,    0x36,    0x34,    0x32,    0x30,    
            0x38,    0x39,    0x38,    0x34,    0x33,    0x37,    0x35,    0x2c,    0x20,    0x30,    0x2e,    0x30,    0x32,    0x38,    0x34,    0x30,    
            0x30,    0x30,    0x30,    0x30,    0x31,    0x38,    0x34,    0x37,    0x37,    0x34,    0x33,    0x39,    0x38,    0x38,    0x30,    0x33,    
            0x37,    0x31,    0x30,    0x39,    0x33,    0x37,    0x35,    0x29,    0x2c,    0x20,    0x76,    0x65,    0x63,    0x33,    0x28,    0x30,    
            0x2e,    0x33,    0x35,    0x34,    0x35,    0x37,    0x39,    0x39,    0x38,    0x35,    0x31,    0x34,    0x31,    0x37,    0x35,    0x34,    
            0x31,    0x35,    0x30,    0x33,    0x39,    0x30,    0x36,    0x32,    0x35,    0x2c,    0x20,    0x30,    0x2e,    0x39,    0x30,    0x38,    
            0x33,    0x33,    0x39,    0x39,    0x37,    0x37,    0x32,    0x36,    0x34,    0x34,    0x30,    0x34,    0x32,    0x39,    0x36,    0x38,    
            0x37,    0x35,    0x2c,    0x20,    0x30,    0x2e,    0x31,    0x33,    0x33,    0x38,    0x32,    0x39,    0x39,    0x39,    0x35,    0x39,    
            0x38,    0x39,    0x37,    0x39,    0x39,    0x34,    0x39,    0x39,    0x35,    0x31,    0x31,    0x37,    0x31,    0x38,    0x37,    0x35,    
            0x29,    0x2c,    0x20,    0x76,    0x65,    0x63,    0x33,    0x28,    0x30,    0x2e,    0x30,    0x34,    0x38,    0x32,    0x32,    0x39,    
            0x39,    0x39,    0x39,    0x38,    0x34,    0x30,    0x32,    0x35,    0x39,    0x35,    0x35,    0x32,    0x30,    0x30,    0x31,    0x39,    
            0x35,    0x33,    0x31,    0x32,    0x35,    0x2c,    0x20,    0x30,    0x2e,    0x30,    0x31,    0x35,    0x36,    0x35,    0x39,    0x39,    
            0x39,    0x39,    0x31,    0x30,    0x32,    0x33,    0x35,    0x34,    0x30,    0x34,    0x39,    0x36,    0x38,    0x32,    0x36,    0x31,    
            0x37,    0x31,    0x38,    0x37,    0x35,    0x2c,    0x20,    0x30,    0x2e,    0x38,    0x33,    0x37,    0x37,    0x36,    0x39,    0x39,    
            0x38,    0x35,    0x31,    0x39,    0x38,    0x39,    0x37,    0x34,    0x36,    0x30,    0x39,    0x33,    0x37,    0x35,    0x29,    0x29,    
            0x20,    0x2a,    0x20,    0x63,    0x3b,    0x0a,    0x20,    0x20,    0x20,    0x20,    0x68,    0x69,    0x67,    0x68,    0x70,    0x20,    
            0x76,    0x65,    0x63,    0x33,    0x20,    0x70,    0x61,    0x72,    0x61,    0x6d,    0x20,    0x3d,    0x20,    0x63,    0x3b,    0x0a,    
            0x20,    0x20,    0x20,    0x20,    0x63,    0x20,    0x3d,    0x20,    0x52,    0x52,    0x54,    0x41,    0x6e,    0x64,    0x4f,    0x44,    
            0x54,    0x46,    0x69,    0x74,    0x28,    0x70,    0x61,    0x72,    0x61,    0x6d,    0x29,    0x3b,    0x0a,    0x20,    0x20,    0x20,    
            0x20,    0x63,    0x20,    0x3d,    0x20,    0x6d,    0x61,    0x74,    0x33,    0x28,    0x76,    0x65,    0x63,    0x33,    0x28,    0x31,    
            0x2e,    0x36,    0x30,    0x34,    0x37,    0x35,    0x30,    0x30,    0x33,    0x37,    0x31,    0x39,    0x33,    0x32,    0x39,    0x38,    
            0x33,    0x33,    0x39,    0x38,    0x34,    0x33,    0x37,    0x35,    0x2c,    0x20,    0x2d,    0x30,    0x2e,    0x31,    0x30,    0x32,    
            0x30,    0x38,    0x30,    0x30,    0x30,    0x32,    0x34,    0x32,    0x37,    0x31,    0x30,    0x31,    0x31,    0x33,    0x35,    0x32,    
            0x35,    0x33,    0x39,    0x30,    0x36,    0x32,    0x35,    0x2c,    0x20,    0x2d,    0x30,    0x2e,    0x30,    0x30,    0x33,    0x32,    
            0x36,    0x39,    0x39,    0x39,    0x39,    0x39,    0x38,    0x36,    0x35,    0x31,    0x34,    0x34,    0x34,    0x39,    0x31,    0x31,    
            0x39,    0x35,    0x36,    0x37,    0x38,    0x37,    0x31,    0x30,    0x39,    0x33,    0x37,    0x35,    0x29,    0x2c,    0x20,    0x76,    
            0x65,    0x63,    0x33,    0x28,    0x2d,    0x30,    0x2e,    0x35,    0x33,    0x31,    0x30,    0x38,    0x30,    0x30,    0x30,    0x37,    
            0x35,    0x35,    0x33,    0x31,    0x30,    0x30,    0x35,    0x38,    0x35,    0x39,    0x33,    0x37,    0x35,    0x2c,    0x20,    0x31,    
            0x2e,    0x31,    0x30,    0x38,    0x31,    0x32,    0x39,    0x39,    0x37,    0x38,    0x31,    0x37,    0x39,    0x39,    0x33,    0x31,    
            0x36,    0x34,    0x30,    0x36,    0x32,    0x35,    0x2c,    0x20,    0x2d,    0x30,    0x2e,    0x30,    0x37,    0x32,    0x37,    0x36,    
            0x30,    0x30,    0x30,    0x30,    0x38,    0x32,    0x34,    0x39,    0x32,    0x38,    0x32,    0x38,    0x33,    0x36,    0x39,    0x31,    
            0x34,    0x30,    0x36,    0x32,    0x35,    0x29,    0x2c,    0x20,    0x76,    0x65,    0x63,    0x33,    0x28,    0x2d,    0x30,    0x2e,    
            0x30,    0x37,    0x33,    0x36,    0x36,    0x39,    0x39,    0x39,    0x39,    0x38,    0x33,    0x37,    0x38,    0x37,    0x35,    0x33,    
            0x36,    0x36,    0x32,    0x31,    0x30,    0x39,    0x33,    0x37,    0x35,    0x2c,    0x20,    0x2d,    0x30,    0x2e,    0x30,    0x30,    
            0x36,    0x30,    0x34,    0x39,    0x39,    0x39,    0x39,    0x39,    0x36,    0x37,    0x32,    0x31,    0x37,    0x34,    0x34,    0x35,    
            0x33,    0x37,    0x33,    0x35,    0x33,    0x35,    0x31,    0x35,    0x36,    0x32,    0x35,    0x2c,    0x20,    0x31,    0x2e,    0x30,    
            0x37,    0x36,    0x30,    0x32,    0x30,    0x30,    0x30,    0x32,    0x33,    0x36,    0x35,    0x31,    0x31,    0x32,    0x33,    0x30,    
            0x34,    0x36,    0x38,    0x37,    0x35,    0x29,    0x29,    0x20,    0x2a,    0x20,    0x63,    0x3b,    0x0a,    0x20,    0x20,    0x20,    
            0x20,    0x72,    0x65,    0x74,    0x75,    0x72,    0x6e,    0x20,    0x63,    0x6c,    0x61,    0x6d,    0x70,    0x28,    0x63,    0x2c,    
            0x20,    0x76,    0x65,    0x63,    0x33,    0x28,    0x30,    0x2e,    0x30,    0x29,    0x2c,    0x20,    0x76,    0x65,    0x63,    0x33,    
            0x28,    0x31,    0x2e,    0x30,    0x29,    0x29,    0x3b,    0x0a,    0x7d,    0x0a,    0x0a,    0x68,    0x69,    0x67,    0x68,    0x70,    
            0x20,    0x76,    0x65,    0x63,    0x33,    0x20,    0x74,    0x6f,    0x6e,    0x65,    0x4d,    0x61,    0x70,    0x4b,    0x68,    0x72,    
            0x50,    0x62,    0x72,    0x4e,    0x65,    0x75,    0x74,    0x72,    0x61,    0x6c,    0x28,    0x69,    0x6e,    0x6f,    0x75,    0x74,    
            0x20,    0x68,    0x69,    0x67,    0x68,    0x70,    0x20,    0x76,    0x65,    0x63,    0x33,    0x20,    0x63,    0x29,    0x0a,    0x7b,    
            0x0a,    0x20,    0x20,    0x20,    0x20,    0x68,    0x69,    0x67,    0x68,    0x70,    0x20,    0x66,    0x6c,    0x6f,    0x61,    0x74,    
            0x20,    0x5f,    0x31,    0x34,    0x30,    0x20,    0x3d,    0x20,    0x6d,    0x69,    0x6e,    0x28,    0x63,    0x2e,    0x78,    0x2c,    
            0x20,    0x6d,    0x69,    0x6e,    0x28,    0x63,    0x2e,    0x79,    0x2c,    0x20,    0x63,    0x2e,    0x7a,    0x29,    0x29,    0x3b,    
            0x0a,    0x20,    0x20,    0x20,    0x20,    0x68,    0x69,    0x67,    0x68,    0x70,    0x20,    0x66,    0x6c,    0x6f,    0x61,    0x74,    
            0x20,    0x5f,    0x31,    0x34,    0x36,    0x3b,    0x0a,    0x20,    0x20,    0x20,    0x20,    0x69,    0x66,    0x20,    0x28,    0x5f,    
            0x31,    0x34,    0x30,    0x20,    0x3c,    0x20,    0x30,    0x2e,    0x30,    0x37,    0x39,    0x39,    0x39,    0x39,    0x39,    0x39,    
            0x38,    0x32,    0x31,    0x31,    0x38,    0x36,    0x30,    0x36,    0x35,    0x36,    0x37,    0x33,    0x38,    0x32,    0x38,    0x31,    
            0x32,    0x35,    0x29,    0x0a,    0x20,    0x20,    0x20,    0x20,    0x7b,    0x0a,    0x20,    0x20,    0x20,    0x20,    0x20,    0x20,    
            0x20,    0x20,    0x5f,    0x31,    0x34,    0x36,    0x20,    0x3d,    0x20,    0x5f,    0x31,    0x34,    0x30,    0x20,    0x2d,    0x20,    
            0x28,    0x28,    0x36,    0x2e,    0x32,    0x35,    0x20,    0x2a,    0x20,    0x5f,    0x31,    0x34,    0x30,    0x29,    0x20,    0x2a,    
            0x20,    0x5f,    0x31,    0x34,    0x30,    0x29,    0x3b,    0x0a,    0x20,    0x20,    0x20,    0x20,    0x7d,    0x0a,    0x20,    0x20,    
            0x20,    0x20,    0x65,    0x6c,    0x73,    0x65,    0x0a,    0x20,    0x20,    0x20,    0x20,    0x7b,    0x0a,    0x20,    0x20,    0x20,    
            0x20,    0x20,    0x20,    0x20,    0x20,    0x5f,    0x31,    0x34,    0x36,    0x20,    0x3d,    0x20,    0x30,    0x2e,    0x30,    0x33,    
            0x39,    0x39,    0x39,    0x39,    0x39,    0x39,    0x39,    0x31,    0x30,    0x35,    0x39,    0x33,    0x30,    0x33,    0x32,    0x38,    
            0x33,    0x36,    0x39,    0x31,    0x34,    0x30,    0x36,    0x32,    0x35,    0x3b,    0x0a,    0x20,    0x20,    0x20,    0x20,    0x7d,    
            0x0a,    0x20,    0x20,    0x20,    0x20,    0x63,    0x20,    0x2d,    0x3d,    0x20,    0x76,    0x65,    0x63,    0x33,    0x28,    0x5f,    
            0x31,    0x34,    0x36,    0x29,    0x3b,    0x0a,    0x20,    0x20,    0x20,    0x20,    0x68,    0x69,    0x67,    0x68,    0x70,    0x20,    
            0x66,    0x6c,    0x6f,    0x61,    0x74,    0x20,    0x5f,    0x31,    0x36,    0x35,    0x20,    0x3d,    0x20,    0x63,    0x2e,    0x78,    
            0x3b,    0x0a,    0x20,    0x20,    0x20,    0x20,    0x68,    0x69,    0x67,    0x68,    0x70,    0x20,    0x66,    0x6c,    0x6f,    0x61,    
            0x74,    0x20,    0x5f,    0x31,    0x36,    0x37,    0x20,    0x3d,    0x20,    0x63,    0x2e,    0x79,    0x3b,    0x0a,    0x20,    0x20,    
            0x20,    0x20,    0x68,    0x69,    0x67,    0x68,    0x70,    0x20,    0x66,    0x6c,    0x6f,    0x61,    0x74,    0x20,    0x5f,    0x31,    
            0x36,    0x39,    0x20,    0x3d,    0x20,    0x63,    0x2e,    0x7a,    0x3b,    0x0a,    0x20,    0x20,    0x20,    0x20,    0x68,    0x69,    
            0x67,    0x68,    0x70,    0x20,    0x66,    0x6c,    0x6f,    0x61,    0x74,    0x20,    0x5f,    0x31,    0x37,    0x31,    0x20,    0x3d,    
            0x20,    0x6d,    0x61,    0x78,    0x28,    0x5f,    0x31,    0x36,    0x35,    0x2c,    0x20,    0x6d,    0x61,    0x78,    0x28,    0x5f,    
            0x31,    0x36,    0x37,    0x2c,    0x20,    0x5f,    0x31,    0x36,    0x39,    0x29,    0x29,    0x3b,    0x0a,    0x20,    0x20,    0x20,    
            0x20,    0x69,    0x66,    0x20,    0x28,    0x5f,    0x31,    0x37,    0x31,    0x20,    0x3c,    0x20,    0x30,    0x2e,    0x37,    0x35,    
            0x39,    0x39,    0x39,    0x39,    0x39,    0x39,    0x30,    0x34,    0x36,    0x33,    0x32,    0x35,    0x36,    0x38,    0x33,    0x35,    
            0x39,    0x33,    0x37,    0x35,    0x29,    0x0a,    0x20,    0x20,    0x20,    0x20,    0x7b,    0x0a,    0x20,    0x20,    0x20,    0x20,    
            0x20,    0x20,    0x20,    0x20,    0x72,    0x65,    0x74,    0x75,    0x72,    0x6e,    0x20,    0x63,    0x3b,    0x0a,    0x20,    0x20,    
            0x20,    0x20,    0x7d,    0x0a,    0x20,    0x20,    0x20,    0x20,    0x68,    0x69,    0x67,    0x68,    0x70,    0x20,    0x66,    0x6c,    
            0x6f,    0x61,    0x74,    0x20,    0x5f,    0x31,    0x38,    0x36,    0x20,    0x3d,    0x20,    0x31,    0x2e,    0x30,    0x20,    0x2d,    
            0x20,    0x28,    0x30,    0x2e,    0x30,    0x35,    0x37,    0x35,    0x39,    0x39,    0x39,    0x39,    0x39,    0x30,    0x31,    0x30,    
            0x35,    0x36,    0x32,    0x38,    0x39,    0x36,    0x37,    0x32,    0x38,    0x35,    0x31,    0x35,    0x36,    0x32,    0x35,    0x20,    
            0x2f,    0x20,    0x28,    0x5f,    0x31,    0x37,    0x31,    0x20,    0x2b,    0x20,    0x28,    0x2d,    0x30,    0x2e,    0x35,    0x31,    
            0x39,    0x39,    0x39,    0x39,    0x39,    0x38,    0x30,    0x39,    0x32,    0x36,    0x35,    0x31,    0x33,    0x36,    0x37,    0x31,    
            0x38,    0x37,    0x35,    0x29,    0x29,    0x29,    0x3b,    0x0a,    0x20,    0x20,    0x20,    0x20,    0x63,    0x20,    0x2a,    0x3d,    
            0x20,    0x28,    0x5f,    0x31,    0x38,    0x36,    0x20,    0x2f,    0x20,    0x5f,    0x31,    0x37,    0x31,    0x29,    0x3b,    0x0a,    
            0x20,    0x20,    0x20,    0x20,    0x72,    0x65,    0x74,    0x75,    0x72,    0x6e,    0x20,    0x6d,    0x69,    0x78,    0x28,    0x63,    
            0x2c,    0x20,    0x76,    0x65,    0x63,    0x33,    0x28,    0x31,    0x2e,    0x30,    0x29,    0x20,    0x2a,    0x20,    0x5f,    0x31,    
            0x38,    0x36,    0x2c,    0x20,    0x76,    0x65,    0x63,    0x33,    0x28,    0x31,    0x2e,    0x30,    0x20,    0x2d,    0x20,    0x28,    
            0x31,    0x2e,    0x30,    0x20,    0x2f,    0x20,    0x28,    0x28,    0x30,    0x2e,    0x31,    0x35,    0x30,    0x30,    0x30,    0x30,    
            0x30,    0x30,    0x35,    0x39,    0x36,    0x30,    0x34,    0x36,    0x34,    0x34,    0x37,    0x37,    0x35,    0x33,    0x39,    0x30,    
            0x36,    0x32,    0x35,    0x20,    0x2a,    0x20,    0x28,    0x5f,    0x31,    0x37,    0x31,    0x20,    0x2d,    0x20,    0x5f,    0x31,    
            0x38,    0x36,    0x29,    0x29,    0x20,    0x2b,    0x20,    0x31,    0x2e,    0x30,    0x29,    0x29,    0x29,    0x29,    0x3b,    0x0a,    
            0x7d,    0x0a,    0x0a,    0x68,    0x69,    0x67,    0x68,    0x70,    0x20,    0x76,    0x65,    0x63,    0x33,    0x20,    0x6c,    0x69,    
            0x6e,    0x65,    0x61,    0x72,    0x54,    0x6f,    0x53,    0x52,    0x47,    0x42,    0x28,    0x68,    0x69,    0x67,    0x68,    0x70,    
            0x20,    0x76,    0x65,    0x63,    0x33,    0x20,    0x63,    0x29,    0x0a,    0x7b,    0x0a,    0x20,    0x20,    0x20,    0x20,    0x72,    
            0x65,    0x74,    0x75,    0x72,    0x6e,    0x20,    0x70,    0x6f,    0x77,    0x28,    0x6d,    0x61,    0x78,    0x28,    0x63,    0x2c,    
            0x20,    0x76,    0x65,    0x63,    0x33,    0x28,    0x30,    0x2e,    0x30,    0x29,    0x29,    0x2c,    0x20,    0x76,    0x65,    0x63,    
            0x33,    0x28,    0x30,    0x2e,    0x34,    0x35,    0x34,    0x35,    0x34,    0x35,    0x34,    0x36,    0x38,    0x30,    0x39,    0x31,    
            0x39,    0x36,    0x34,    0x37,    0x32,    0x31,    0x36,    0x37,    0x39,    0x36,    0x38,    0x37,    0x35,    0x29,    0x29,    0x3b,    
            0x0a,    0x7d,    0x0a,    0x0a,    0x76,    0x6f,    0x69,    0x64,    0x20,    0x6d,    0x61,    0x69,    0x6e,    0x28,    0x29,    0x0a,    
            0x7b,    0x0a,    0x20,    0x20,    0x20,    0x20,    0x68,    0x69,    0x67,    0x68,    0x70,    0x20,    0x76,    0x65,    0x63,    0x33,    
            0x20,    0x63,    0x6f,    0x6c,    0x6f,    0x72,    0x20,    0x3d,    0x20,    0x74,    0x65,    0x78,    0x74,    0x75,    0x72,    0x65,    
            0x28,    0x68,    0x64,    0x72,    0x5f,    0x74,    0x65,    0x78,    0x5f,    0x68,    0x64,    0x72,    0x5f,    0x73,    0x6d,    0x70,    
            0x2c,    0x20,    0x67,    0x6c,    0x5f,    0x46,    0x72,    0x61,    0x67,    0x43,    0x6f,    0x6f,    0x72,    0x64,    0x2e,    0x78,    
            0x79,    0x20,    0x2f,    0x20,    0x76,    0x65,    0x63,    0x32,    0x28,    0x74,    0x65,    0x78,    0x74,    0x75,    0x72,    0x65,    
            0x53,    0x69,    0x7a,    0x65,    0x28,    0x68,    0x64,    0x72,    0x5f,    0x74,    0x65,    0x78,    0x5f,    0x68,    0x64,    0x72,    
            0x5f,    0x73,    0x6d,    0x70,    0x2c,    0x20,    0x30,    0x29,    0x29,    0x29,    0x2e,    0x78,    0x79,    0x7a,    0x20,    0x2a,    
            0x20,    0x5f,    0x32,    0x34,    0x34,    0x2e,    0x75,    0x5f,    0x45,    0x78,    0x70,    0x6f,    0x73,    0x75,    0x72,    0x65,    
            0x3b,    0x0a,    0x20,    0x20,    0x20,    0x20,    0x69,    0x66,    0x20,    0x28,    0x5f,    0x32,    0x34,    0x34,    0x2e,    0x75,    
            0x5f,    0x54,    0x79,    0x70,    0x65,    0x20,    0x3d,    0x3d,    0x20,    0x31,    0x29,    0x0a,    0x20,    0x20,    0x20,    0x20,    
            0x7b,    0x0a,    0x20,    0x20,    0x20,    0x20,    0x20,    0x20,    0x20,    0x20,    0x68,    0x69,    0x67,    0x68,    0x70,    0x20,    
            0x76,    0x65,    0x63,    0x33,    0x20,    0x70,    0x61,    0x72,    0x61,    0x6d,    0x20,    0x3d,    0x20,    0x63,    0x6f,    0x6c,    
            0x6f,    0x72,    0x3b,    0x0a,    0x20,    0x20,    0x20,    0x20,    0x20,    0x20,    0x20,    0x20,    0x63,    0x6f,    0x6c,    0x6f,    
            0x72,    0x20,    0x3d,    0x20,    0x74,    0x6f,    0x6e,    0x65,    0x4d,    0x61,    0x70,    0x41,    0x43,    0x45,    0x53,    0x5f,    
            0x4e,    0x61,    0x72,    0x6b,    0x6f,    0x77,    0x69,    0x63,    0x7a,    0x28,    0x70,    0x61,    0x72,    0x61,    0x6d,    0x29,    
            0x3b,    0x0a,    0x20,    0x20,    0x20,    0x20,    0x7d,    0x0a,    0x20,    0x20,    0x20,    0x20,    0x65,    0x6c,    0x73,    0x65,    
            0x0a,    0x20,    0x20,    0x20,    0x20,    0x7b,    0x0a,    0x20,    0x20,    0x20,    0x20,    0x20,    0x20,    0x20,    0x20,    0x69,    
            0x66,    0x20,    0x28,    0x5f,    0x32,    0x34,    0x34,    0x2e,    0x75,    0x5f,    0x54,    0x79,    0x70,    0x65,    0x20,    0x3d,    
            0x3d,    0x20,    0x32,    0x29,    0x0a,    0x20,    0x20,    0x20,    0x20,    0x20,    0x20,    0x20,    0x20,    0x7b,    0x0a,    0x20,    
            0x20,    0x20,    0x20,    0x20,    0x20,    0x20,    0x20,    0x20,    0x20,    0x20,    0x20,    0x68,    0x69,    0x67,    0x68,    0x70,    
            0x20,    0x76,    0x65,    0x63,    0x33,    0x20,    0x70,    0x61,    0x72,    0x61,    0x6d,    0x5f,    0x31,    0x20,    0x3d,    0x20,    
            0x63,    0x6f,    0x6c,    0x6f,    0x72,    0x3b,    0x0a,    0x20,    0x20,    0x20,    0x20,    0x20,    0x20,    0x20,    0x20,    0x20,    
            0x20,    0x20,    0x20,    0x68,    0x69,    0x67,    0x68,    0x70,    0x20,    0x76,    0x65,    0x63,    0x33,    0x20,    0x5f,    0x32,    
            0x36,    0x39,    0x20,    0x3d,    0x20,    0x74,    0x6f,    0x6e,    0x65,    0x4d,    0x61,    0x70,    0x41,    0x43,    0x45,    0x53,    
            0x5f,    0x48,    0x69,    0x6c,    0x6c,    0x28,    0x70,    0x61,    0x72,    0x61,    0x6d,    0x5f,    0x31,    0x29,    0x3b,    0x0a,    
            0x20,    0x20,    0x20,    0x20,    0x20,    0x20,    0x20,    0x20,    0x20,    0x20,    0x20,    0x20,    0x63,    0x6f,    0x6c,    0x6f,    
            0x72,    0x20,    0x3d,    0x20,    0x5f,    0x32,    0x36,    0x39,    0x3b,    0x0a,    0x20,    0x20,    0x20,    0x20,    0x20,    0x20,    
            0x20,    0x20,    0x7d,    0x0a,    0x20,    0x20,    0x20,    0x20,    0x20,    0x20,    0x20,    0x20,    0x65,    0x6c,    0x73,    0x65,    
            0x0a,    0x20,    0x20,    0x20,    0x20,    0x20,    0x20,    0x20,    0x20,    0x7b,    0x0a,    0x20,    0x20,    0x20,    0x20,    0x20,    
            0x20,    0x20,    0x20,    0x20,    0x20,    0x20,    0x20,    0x69,    0x66,    0x20,    0x28,    0x5f,    0x32,    0x34,    0x34,    0x2e,    
            0x75,    0x5f,    0x54,    0x79,    0x70,    0x65,    0x20,    0x3d,    0x3d,    0x20,    0x33,    0x29,    0x0a,    0x20,    0x20,    0x20,    
            0x20,    0x20,    0x20,    0x20,    0x20,    0x20,    0x20,    0x20,    0x20,    0x7b,    0x0a,    0x20,    0x20,    0x20,    0x20,    0x20,    
            0x20,    0x20,    0x20,    0x20,    0x20,    0x20,    0x20,    0x20,    0x20,    0x20,    0x20,    0x68,    0x69,    0x67,    0x68,    0x70,    
            0x20,    0x76,    0x65,    0x63,    0x33,    0x20,    0x70,    0x61,    0x72,    0x61,    0x6d,    0x5f,    0x32,    0x20,    0x3d,    0x20,    
            0x63,    0x6f,    0x6c,    0x6f,    0x72,    0x3b,    0x0a,    0x20,    0x20,    0x20,    0x20,    0x20,    0x20,    0x20,    0x20,    0x20,    
            0x20,    0x20,    0x20,    0x20,    0x20,    0x20,    0x20,    0x68,    0x69,    0x67,    0x68,    0x70,    0x20,    0x76,    0x65,    0x63,    
            0x33,    0x20,    0x5f,    0x32,    0x37,    0x39,    0x20,    0x3d,    0x20,    0x74,    0x6f,    0x6e,    0x65,    0x4d,    0x61,    0x70,    
            0x4b,    0x68,    0x72,    0x50,    0x62,    0x72,    0x4e,    0x65,    0x75,    0x74,    0x72,    0x61,    0x6c,    0x28,    0x70,    0x61,    
            0x72,    0x61,    0x6d,    0x5f,    0x32,    0x29,    0x3b,    0x0a,    0x20,    0x20,    0x20,    0x20,    0x20,    0x20,    0x20,    0x20,    
            0x20,    0x20,    0x20,    0x20,    0x20,    0x20,    0x20,    0x20,    0x63,    0x6f,    0x6c,    0x6f,    0x72,    0x20,    0x3d,    0x20,    
            0x5f,    0x32,    0x37,    0x39,    0x3b,    0x0a,    0x20,    0x20,    0x20,    0x20,    0x20,    0x20,    0x20,    0x20,    0x20,    0x20,    
            0x20,    0x20,    0x7d,    0x0a,    0x20,    0x20,    0x20,    0x20,    0x20,    0x20,    0x20,    0x20,    0x7d,    0x0a,    0x20,    0x20,    
            0x20,    0x20,    0x7d,    0x0a,    0x20,    0x20,    0x20,    0x20,    0x68,    0x69,    0x67,    0x68,    0x70,    0x20,    0x76,    0x65,    
            0x63,    0x33,    0x20,    0x70,    0x61,    0x72,    0x61,    0x6d,    0x5f,    0x33,    0x20,    0x3d,    0x20,    0x63,    0x6f,    0x6c,    
            0x6f,    0x72,    0x3b,    0x0a,    0x20,    0x20,    0x20,    0x20,    0x66,    0x72,    0x61,    0x67,    0x5f,    0x63,    0x6f,    0x6c,    
            0x6f,    0x72,    0x20,    0x3d,    0x20,    0x76,    0x65,    0x63,    0x34,    0x28,    0x6c,    0x69,    0x6e,    0x65,    0x61,    0x72,    
            0x54,    0x6f,    0x53,    0x52,    0x47,    0x42,    0x28,    0x70,    0x61,    0x72,    0x61,    0x6d,    0x5f,    0x33,    0x29,    0x2c,    
            0x20,    0x31,    0x2e,    0x30,    0x29,    0x3b,    0x0a,    0x7d,    0x0a,    0x0a,    0x00,    
};
    /*
        static float4 gl_Position;
        static int gl_VertexIndex;
        struct SPIRV_Cross_Input
        {
            uint gl_VertexIndex : SV_VertexID;
        };

        struct SPIRV_Cross_Output
        {
            float4 gl_Position : SV_Position;
        };

        void vert_main()
        {
            gl_Position = float4((float2(float((gl_VertexIndex << 1) & 2), float(gl_VertexIndex & 2)) * 2.0f) - 1.0f.xx, 0.0f, 1.0f);
        }

        SPIRV_Cross_Output main(SPIRV_Cross_Input stage_input)
        {
            gl_VertexIndex = int(stage_input.gl_VertexIndex);
            vert_main();
            SPIRV_Cross_Output stage_output;
            stage_output.gl_Position = gl_Position;
            return stage_output;
        }
    */
    static readonly byte[] tonemap_pass_tonemap_vs_source_hlsl5 = {
            0x73,    0x74,    0x61,    0x74,    0x69,    0x63,    0x20,    0x66,    0x6c,    0x6f,    0x61,    0x74,    0x34,    0x20,    0x67,    0x6c,    
            0x5f,    0x50,    0x6f,    0x73,    0x69,    0x74,    0x69,    0x6f,    0x6e,    0x3b,    0x0a,    0x73,    0x74,    0x61,    0x74,    0x69,    
            0x63,    0x20,    0x69,    0x6e,    0x74,    0x20,    0x67,    0x6c,    0x5f,    0x56,    0x65,    0x72,    0x74,    0x65,    0x78,    0x49,    
            0x6e,    0x64,    0x65,    0x78,    0x3b,    0x0a,    0x73,    0x74,    0x72,    0x75,    0x63,    0x74,    0x20,    0x53,    0x50,    0x49,    
            0x52,    0x56,    0x5f,    0x43,    0x72,    0x6f,    0x73,    0x73,    0x5f,    0x49,    0x6e,    0x70,    0x75,    0x74,    0x0a,    0x7b,    
            0x0a,    0x20,    0x20,    0x20,    0x20,    0x75,    0x69,    0x6e,    0x74,    0x20,    0x67,    0x6c,    0x5f,    0x56,    0x65,    0x72,    
            0x74,    0x65,    0x78,    0x49,    0x6e,    0x64,    0x65,    0x78,    0x20,    0x3a,    0x20,    0x53,    0x56,    0x5f,    0x56,    0x65,    
            0x72,    0x74,    0x65,    0x78,    0x49,    0x44,    0x3b,    0x0a,    0x7d,    0x3b,    0x0a,    0x0a,    0x73,    0x74,    0x72,    0x75,    
            0x63,    0x74,    0x20,    0x53,    0x50,    0x49,    0x52,    0x56,    0x5f,    0x43,    0x72,    0x6f,    0x73,    0x73,    0x5f,    0x4f,    
            0x75,    0x74,    0x70,    0x75,    0x74,    0x0a,    0x7b,    0x0a,    0x20,    0x20,    0x20,    0x20,    0x66,    0x6c,    0x6f,    0x61,    
            0x74,    0x34,    0x20,    0x67,    0x6c,    0x5f,    0x50,    0x6f,    0x73,    0x69,    0x74,    0x69,    0x6f,    0x6e,    0x20,    0x3a,    
            0x20,    0x53,    0x56,    0x5f,    0x50,    0x6f,    0x73,    0x69,    0x74,    0x69,    0x6f,    0x6e,    0x3b,    0x0a,    0x7d,    0x3b,    
            0x0a,    0x0a,    0x76,    0x6f,    0x69,    0x64,    0x20,    0x76,    0x65,    0x72,    0x74,    0x5f,    0x6d,    0x61,    0x69,    0x6e,    
            0x28,    0x29,    0x0a,    0x7b,    0x0a,    0x20,    0x20,    0x20,    0x20,    0x67,    0x6c,    0x5f,    0x50,    0x6f,    0x73,    0x69,    
            0x74,    0x69,    0x6f,    0x6e,    0x20,    0x3d,    0x20,    0x66,    0x6c,    0x6f,    0x61,    0x74,    0x34,    0x28,    0x28,    0x66,    
            0x6c,    0x6f,    0x61,    0x74,    0x32,    0x28,    0x66,    0x6c,    0x6f,    0x61,    0x74,    0x28,    0x28,    0x67,    0x6c,    0x5f,    
            0x56,    0x65,    0x72,    0x74,    0x65,    0x78,    0x49,    0x6e,    0x64,    0x65,    0x78,    0x20,    0x3c,    0x3c,    0x20,    0x31,    
            0x29,    0x20,    0x26,    0x20,    0x32,    0x29,    0x2c,    0x20,    0x66,    0x6c,    0x6f,    0x61,    0x74,    0x28,    0x67,    0x6c,    
            0x5f,    0x56,    0x65,    0x72,    0x74,    0x65,    0x78,    0x49,    0x6e,    0x64,    0x65,    0x78,    0x20,    0x26,    0x20,    0x32,    
            0x29,    0x29,    0x20,    0x2a,    0x20,    0x32,    0x2e,    0x30,    0x66,    0x29,    0x20,    0x2d,    0x20,    0x31,    0x2e,    0x30,    
            0x66,    0x2e,    0x78,    0x78,    0x2c,    0x20,    0x30,    0x2e,    0x30,    0x66,    0x2c,    0x20,    0x31,    0x2e,    0x30,    0x66,    
            0x29,    0x3b,    0x0a,    0x7d,    0x0a,    0x0a,    0x53,    0x50,    0x49,    0x52,    0x56,    0x5f,    0x43,    0x72,    0x6f,    0x73,    
            0x73,    0x5f,    0x4f,    0x75,    0x74,    0x70,    0x75,    0x74,    0x20,    0x6d,    0x61,    0x69,    0x6e,    0x28,    0x53,    0x50,    
            0x49,    0x52,    0x56,    0x5f,    0x43,    0x72,    0x6f,    0x73,    0x73,    0x5f,    0x49,    0x6e,    0x70,    0x75,    0x74,    0x20,    
            0x73,    0x74,    0x61,    0x67,    0x65,    0x5f,    0x69,    0x6e,    0x70,    0x75,    0x74,    0x29,    0x0a,    0x7b,    0x0a,    0x20,    
            0x20,    0x20,    0x20,    0x67,    0x6c,    0x5f,    0x56,    0x65,    0x72,    0x74,    0x65,    0x78,    0x49,    0x6e,    0x64,    0x65,    
            0x78,    0x20,    0x3d,    0x20,    0x69,    0x6e,    0x74,    0x28,    0x73,    0x74,    0x61,    0x67,    0x65,    0x5f,    0x69,    0x6e,    
            0x70,    0x75,    0x74,    0x2e,    0x67,    0x6c,    0x5f,    0x56,    0x65,    0x72,    0x74,    0x65,    0x78,    0x49,    0x6e,    0x64,    
            0x65,    0x78,    0x29,    0x3b,    0x0a,    0x20,    0x20,    0x20,    0x20,    0x76,    0x65,    0x72,    0x74,    0x5f,    0x6d,    0x61,    
            0x69,    0x6e,    0x28,    0x29,    0x3b,    0x0a,    0x20,    0x20,    0x20,    0x20,    0x53,    0x50,    0x49,    0x52,    0x56,    0x5f,    
            0x43,    0x72,    0x6f,    0x73,    0x73,    0x5f,    0x4f,    0x75,    0x74,    0x70,    0x75,    0x74,    0x20,    0x73,    0x74,    0x61,    
            0x67,    0x65,    0x5f,    0x6f,    0x75,    0x74,    0x70,    0x75,    0x74,    0x3b,    0x0a,    0x20,    0x20,    0x20,    0x20,    0x73,    
            0x74,    0x61,    0x67,    0x65,    0x5f,    0x6f,    0x75,    0x74,    0x70,    0x75,    0x74,    0x2e,    0x67,    0x6c,    0x5f,    0x50,    
            0x6f,    0x73,    0x69,    0x74,    0x69,    0x6f,    0x6e,    0x20,    0x3d,    0x20,    0x67,    0x6c,    0x5f,    0x50,    0x6f,    0x73,    
            0x69,    0x74,    0x69,    0x6f,    0x6e,    0x3b,    0x0a,    0x20,    0x20,    0x20,    0x20,    0x72,    0x65,    0x74,    0x75,    0x72,    
            0x6e,    0x20,    0x73,    0x74,    0x61,    0x67,    0x65,    0x5f,    0x6f,    0x75,    0x74,    0x70,    0x75,    0x74,    0x3b,    0x0a,    
            0x7d,    0x0a,    0x00,    
};
    /*
        cbuffer tonemap_params : register(b0)
        {
            float _244_u_Exposure : packoffset(c0);
            int _244_u_Type : packoffset(c0.y);
            float _244_pad0 : packoffset(c0.z);
            float _244_pad1 : packoffset(c0.w);
        };

        Texture2D<float4> hdr_tex : register(t0);
        SamplerState hdr_smp : register(s0);

        static float4 gl_FragCoord;
        static float4 frag_color;

        struct SPIRV_Cross_Input
        {
            float4 gl_FragCoord : SV_Position;
        };

        struct SPIRV_Cross_Output
        {
            float4 frag_color : SV_Target0;
        };

        uint2 spvTextureSize(Texture2D<float4> Tex, uint Level, out uint Param)
        {
            uint2 ret;
            Tex.GetDimensions(Level, ret.x, ret.y, Param);
            return ret;
        }

        float3 toneMapACES_Narkowicz(float3 c)
        {
            return clamp((c * ((c * 2.5099999904632568359375f) + 0.02999999932944774627685546875f.xxx)) / ((c * ((c * 2.4300000667572021484375f) + 0.589999973773956298828125f.xxx)) + 0.14000000059604644775390625f.xxx), 0.0f.xxx, 1.0f.xxx);
        }

        float3 RRTAndODTFit(float3 c)
        {
            return ((c * (c + 0.02457859925925731658935546875f.xxx)) - 9.0537003416102379560470581054688e-05f.xxx) / ((c * ((c * 0.98372900485992431640625f) + 0.4329510033130645751953125f.xxx)) + 0.23808099329471588134765625f.xxx);
        }

        float3 toneMapACES_Hill(inout float3 c)
        {
            c = mul(c, float3x3(float3(0.59719002246856689453125f, 0.075999997556209564208984375f, 0.0284000001847743988037109375f), float3(0.354579985141754150390625f, 0.908339977264404296875f, 0.13382999598979949951171875f), float3(0.048229999840259552001953125f, 0.0156599991023540496826171875f, 0.837769985198974609375f)));
            float3 param = c;
            c = RRTAndODTFit(param);
            c = mul(c, float3x3(float3(1.60475003719329833984375f, -0.10208000242710113525390625f, -0.00326999998651444911956787109375f), float3(-0.5310800075531005859375f, 1.108129978179931640625f, -0.07276000082492828369140625f), float3(-0.0736699998378753662109375f, -0.00604999996721744537353515625f, 1.0760200023651123046875f)));
            return clamp(c, 0.0f.xxx, 1.0f.xxx);
        }

        float3 toneMapKhrPbrNeutral(inout float3 c)
        {
            float _140 = min(c.x, min(c.y, c.z));
            float _146;
            if (_140 < 0.07999999821186065673828125f)
            {
                _146 = _140 - ((6.25f * _140) * _140);
            }
            else
            {
                _146 = 0.039999999105930328369140625f;
            }
            c -= _146.xxx;
            float _165 = c.x;
            float _167 = c.y;
            float _169 = c.z;
            float _171 = max(_165, max(_167, _169));
            if (_171 < 0.7599999904632568359375f)
            {
                return c;
            }
            float _186 = 1.0f - (0.057599999010562896728515625f / (_171 + (-0.519999980926513671875f)));
            c *= (_186 / _171);
            return lerp(c, 1.0f.xxx * _186, (1.0f - (1.0f / ((0.1500000059604644775390625f * (_171 - _186)) + 1.0f))).xxx);
        }

        float3 linearToSRGB(float3 c)
        {
            return pow(max(c, 0.0f.xxx), 0.4545454680919647216796875f.xxx);
        }

        void frag_main()
        {
            uint _232_dummy_parameter;
            float3 color = hdr_tex.Sample(hdr_smp, gl_FragCoord.xy / float2(int2(spvTextureSize(hdr_tex, uint(0), _232_dummy_parameter)))).xyz * _244_u_Exposure;
            if (_244_u_Type == 1)
            {
                float3 param = color;
                color = toneMapACES_Narkowicz(param);
            }
            else
            {
                if (_244_u_Type == 2)
                {
                    float3 param_1 = color;
                    float3 _269 = toneMapACES_Hill(param_1);
                    color = _269;
                }
                else
                {
                    if (_244_u_Type == 3)
                    {
                        float3 param_2 = color;
                        float3 _279 = toneMapKhrPbrNeutral(param_2);
                        color = _279;
                    }
                }
            }
            float3 param_3 = color;
            frag_color = float4(linearToSRGB(param_3), 1.0f);
        }

        SPIRV_Cross_Output main(SPIRV_Cross_Input stage_input)
        {
            gl_FragCoord = stage_input.gl_FragCoord;
            gl_FragCoord.w = 1.0 / gl_FragCoord.w;
            frag_main();
            SPIRV_Cross_Output stage_output;
            stage_output.frag_color = frag_color;
            return stage_output;
        }
    */
    static readonly byte[] tonemap_pass_tonemap_fs_source_hlsl5 = {
            0x63,    0x62,    0x75,    0x66,    0x66,    0x65,    0x72,    0x20,    0x74,    0x6f,    0x6e,    0x65,    0x6d,    0x61,    0x70,    0x5f,    
            0x70,    0x61,    0x72,    0x61,    0x6d,    0x73,    0x20,    0x3a,    0x20,    0x72,    0x65,    0x67,    0x69,    0x73,    0x74,    0x65,    
            0x72,    0x28,    0x62,    0x30,    0x29,    0x0a,    0x7b,    0x0a,    0x20,    0x20,    0x20,    0x20,    0x66,    0x6c,    0x6f,    0x61,    
            0x74,    0x20,    0x5f,    0x32,    0x34,    0x34,    0x5f,    0x75,    0x5f,    0x45,    0x78,    0x70,    0x6f,    0x73,    0x75,    0x72,    
            0x65,    0x20,    0x3a,    0x20,    0x70,    0x61,    0x63,    0x6b,    0x6f,    0x66,    0x66,    0x73,    0x65,    0x74,    0x28,    0x63,    
            0x30,    0x29,    0x3b,    0x0a,    0x20,    0x20,    0x20,    0x20,    0x69,    0x6e,    0x74,    0x20,    0x5f,    0x32,    0x34,    0x34,    
            0x5f,    0x75,    0x5f,    0x54,    0x79,    0x70,    0x65,    0x20,    0x3a,    0x20,    0x70,    0x61,    0x63,    0x6b,    0x6f,    0x66,    
            0x66,    0x73,    0x65,    0x74,    0x28,    0x63,    0x30,    0x2e,    0x79,    0x29,    0x3b,    0x0a,    0x20,    0x20,    0x20,    0x20,    
            0x66,    0x6c,    0x6f,    0x61,    0x74,    0x20,    0x5f,    0x32,    0x34,    0x34,    0x5f,    0x70,    0x61,    0x64,    0x30,    0x20,    
            0x3a,    0x20,    0x70,    0x61,    0x63,    0x6b,    0x6f,    0x66,    0x66,    0x73,    0x65,    0x74,    0x28,    0x63,    0x30,    0x2e,    
            0x7a,    0x29,    0x3b,    0x0a,    0x20,    0x20,    0x20,    0x20,    0x66,    0x6c,    0x6f,    0x61,    0x74,    0x20,    0x5f,    0x32,    
            0x34,    0x34,    0x5f,    0x70,    0x61,    0x64,    0x31,    0x20,    0x3a,    0x20,    0x70,    0x61,    0x63,    0x6b,    0x6f,    0x66,    
            0x66,    0x73,    0x65,    0x74,    0x28,    0x63,    0x30,    0x2e,    0x77,    0x29,    0x3b,    0x0a,    0x7d,    0x3b,    0x0a,    0x0a,    
            0x54,    0x65,    0x78,    0x74,    0x75,    0x72,    0x65,    0x32,    0x44,    0x3c,    0x66,    0x6c,    0x6f,    0x61,    0x74,    0x34,    
            0x3e,    0x20,    0x68,    0x64,    0x72,    0x5f,    0x74,    0x65,    0x78,    0x20,    0x3a,    0x20,    0x72,    0x65,    0x67,    0x69,    
            0x73,    0x74,    0x65,    0x72,    0x28,    0x74,    0x30,    0x29,    0x3b,    0x0a,    0x53,    0x61,    0x6d,    0x70,    0x6c,    0x65,    
            0x72,    0x53,    0x74,    0x61,    0x74,    0x65,    0x20,    0x68,    0x64,    0x72,    0x5f,    0x73,    0x6d,    0x70,    0x20,    0x3a,    
            0x20,    0x72,    0x65,    0x67,    0x69,    0x73,    0x74,    0x65,    0x72,    0x28,    0x73,    0x30,    0x29,    0x3b,    0x0a,    0x0a,    
            0x73,    0x74,    0x61,    0x74,    0x69,    0x63,    0x20,    0x66,    0x6c,    0x6f,    0x61,    0x74,    0x34,    0x20,    0x67,    0x6c,    
            0x5f,    0x46,    0x72,    0x61,    0x67,    0x43,    0x6f,    0x6f,    0x72,    0x64,    0x3b,    0x0a,    0x73,    0x74,    0x61,    0x74,    
            0x69,    0x63,    0x20,    0x66,    0x6c,    0x6f,    0x61,    0x74,    0x34,    0x20,    0x66,    0x72,    0x61,    0x67,    0x5f,    0x63,    
            0x6f,    0x6c,    0x6f,    0x72,    0x3b,    0x0a,    0x0a,    0x73,    0x74,    0x72,    0x75,    0x63,    0x74,    0x20,    0x53,    0x50,    
            0x49,    0x52,    0x56,    0x5f,    0x43,    0x72,    0x6f,    0x73,    0x73,    0x5f,    0x49,    0x6e,    0x70,    0x75,    0x74,    0x0a,    
            0x7b,    0x0a,    0x20,    0x20,    0x20,    0x20,    0x66,    0x6c,    0x6f,    0x61,    0x74,    0x34,    0x20,    0x67,    0x6c,    0x5f,    
            0x46,    0x72,    0x61,    0x67,    0x43,    0x6f,    0x6f,    0x72,    0x64,    0x20,    0x3a,    0x20,    0x53,    0x56,    0x5f,    0x50,    
            0x6f,    0x73,    0x69,    0x74,    0x69,    0x6f,    0x6e,    0x3b,    0x0a,    0x7d,    0x3b,    0x0a,    0x0a,    0x73,    0x74,    0x72,    
            0x75,    0x63,    0x74,    0x20,    0x53,    0x50,    0x49,    0x52,    0x56,    0x5f,    0x43,    0x72,    0x6f,    0x73,    0x73,    0x5f,    
            0x4f,    0x75,    0x74,    0x70,    0x75,    0x74,    0x0a,    0x7b,    0x0a,    0x20,    0x20,    0x20,    0x20,    0x66,    0x6c,    0x6f,    
            0x61,    0x74,    0x34,    0x20,    0x66,    0x72,    0x61,    0x67,    0x5f,    0x63,    0x6f,    0x6c,    0x6f,    0x72,    0x20,    0x3a,    
            0x20,    0x53,    0x56,    0x5f,    0x54,    0x61,    0x72,    0x67,    0x65,    0x74,    0x30,    0x3b,    0x0a,    0x7d,    0x3b,    0x0a,    
            0x0a,    0x75,    0x69,    0x6e,    0x74,    0x32,    0x20,    0x73,    0x70,    0x76,    0x54,    0x65,    0x78,    0x74,    0x75,    0x72,    
            0x65,    0x53,    0x69,    0x7a,    0x65,    0x28,    0x54,    0x65,    0x78,    0x74,    0x75,    0x72,    0x65,    0x32,    0x44,    0x3c,    
            0x66,    0x6c,    0x6f,    0x61,    0x74,    0x34,    0x3e,    0x20,    0x54,    0x65,    0x78,    0x2c,    0x20,    0x75,    0x69,    0x6e,    
            0x74,    0x20,    0x4c,    0x65,    0x76,    0x65,    0x6c,    0x2c,    0x20,    0x6f,    0x75,    0x74,    0x20,    0x75,    0x69,    0x6e,    
            0x74,    0x20,    0x50,    0x61,    0x72,    0x61,    0x6d,    0x29,    0x0a,    0x7b,    0x0a,    0x20,    0x20,    0x20,    0x20,    0x75,    
            0x69,    0x6e,    0x74,    0x32,    0x20,    0x72,    0x65,    0x74,    0x3b,    0x0a,    0x20,    0x20,    0x20,    0x20,    0x54,    0x65,    
            0x78,    0x2e,    0x47,    0x65,    0x74,    0x44,    0x69,    0x6d,    0x65,    0x6e,    0x73,    0x69,    0x6f,    0x6e,    0x73,    0x28,    
            0x4c,    0x65,    0x76,    0x65,    0x6c,    0x2c,    0x20,    0x72,    0x65,    0x74,    0x2e,    0x78,    0x2c,    0x20,    0x72,    0x65,    
            0x74,    0x2e,    0x79,    0x2c,    0x20,    0x50,    0x61,    0x72,    0x61,    0x6d,    0x29,    0x3b,    0x0a,    0x20,    0x20,    0x20,    
            0x20,    0x72,    0x65,    0x74,    0x75,    0x72,    0x6e,    0x20,    0x72,    0x65,    0x74,    0x3b,    0x0a,    0x7d,    0x0a,    0x0a,    
            0x66,    0x6c,    0x6f,    0x61,    0x74,    0x33,    0x20,    0x74,    0x6f,    0x6e,    0x65,    0x4d,    0x61,    0x70,    0x41,    0x43,    
            0x45,    0x53,    0x5f,    0x4e,    0x61,    0x72,    0x6b,    0x6f,    0x77,    0x69,    0x63,    0x7a,    0x28,    0x66,    0x6c,    0x6f,    
            0x61,    0x74,    0x33,    0x20,    0x63,    0x29,    0x0a,    0x7b,    0x0a,    0x20,    0x20,    0x20,    0x20,    0x72,    0x65,    0x74,    
            0x75,    0x72,    0x6e,    0x20,    0x63,    0x6c,    0x61,    0x6d,    0x70,    0x28,    0x28,    0x63,    0x20,    0x2a,    0x20,    0x28,    
            0x28,    0x63,    0x20,    0x2a,    0x20,    0x32,    0x2e,    0x35,    0x30,    0x39,    0x39,    0x39,    0x39,    0x39,    0x39,    0x30,    
            0x34,    0x36,    0x33,    0x32,    0x35,    0x36,    0x38,    0x33,    0x35,    0x39,    0x33,    0x37,    0x35,    0x66,    0x29,    0x20,    
            0x2b,    0x20,    0x30,    0x2e,    0x30,    0x32,    0x39,    0x39,    0x39,    0x39,    0x39,    0x39,    0x39,    0x33,    0x32,    0x39,    
            0x34,    0x34,    0x37,    0x37,    0x34,    0x36,    0x32,    0x37,    0x36,    0x38,    0x35,    0x35,    0x34,    0x36,    0x38,    0x37,    
            0x35,    0x66,    0x2e,    0x78,    0x78,    0x78,    0x29,    0x29,    0x20,    0x2f,    0x20,    0x28,    0x28,    0x63,    0x20,    0x2a,    
            0x20,    0x28,    0x28,    0x63,    0x20,    0x2a,    0x20,    0x32,    0x2e,    0x34,    0x33,    0x30,    0x30,    0x30,    0x30,    0x30,    
            0x36,    0x36,    0x37,    0x35,    0x37,    0x32,    0x30,    0x32,    0x31,    0x34,    0x38,    0x34,    0x33,    0x37,    0x35,    0x66,    
            0x29,    0x20,    0x2b,    0x20,    0x30,    0x2e,    0x35,    0x38,    0x39,    0x39,    0x39,    0x39,    0x39,    0x37,    0x33,    0x37,    
            0x37,    0x33,    0x39,    0x35,    0x36,    0x32,    0x39,    0x38,    0x38,    0x32,    0x38,    0x31,    0x32,    0x35,    0x66,    0x2e,    
            0x78,    0x78,    0x78,    0x29,    0x29,    0x20,    0x2b,    0x20,    0x30,    0x2e,    0x31,    0x34,    0x30,    0x30,    0x30,    0x30,    
            0x30,    0x30,    0x30,    0x35,    0x39,    0x36,    0x30,    0x34,    0x36,    0x34,    0x34,    0x37,    0x37,    0x35,    0x33,    0x39,    
            0x30,    0x36,    0x32,    0x35,    0x66,    0x2e,    0x78,    0x78,    0x78,    0x29,    0x2c,    0x20,    0x30,    0x2e,    0x30,    0x66,    
            0x2e,    0x78,    0x78,    0x78,    0x2c,    0x20,    0x31,    0x2e,    0x30,    0x66,    0x2e,    0x78,    0x78,    0x78,    0x29,    0x3b,    
            0x0a,    0x7d,    0x0a,    0x0a,    0x66,    0x6c,    0x6f,    0x61,    0x74,    0x33,    0x20,    0x52,    0x52,    0x54,    0x41,    0x6e,    
            0x64,    0x4f,    0x44,    0x54,    0x46,    0x69,    0x74,    0x28,    0x66,    0x6c,    0x6f,    0x61,    0x74,    0x33,    0x20,    0x63,    
            0x29,    0x0a,    0x7b,    0x0a,    0x20,    0x20,    0x20,    0x20,    0x72,    0x65,    0x74,    0x75,    0x72,    0x6e,    0x20,    0x28,    
            0x28,    0x63,    0x20,    0x2a,    0x20,    0x28,    0x63,    0x20,    0x2b,    0x20,    0x30,    0x2e,    0x30,    0x32,    0x34,    0x35,    
            0x37,    0x38,    0x35,    0x39,    0x39,    0x32,    0x35,    0x39,    0x32,    0x35,    0x37,    0x33,    0x31,    0x36,    0x35,    0x38,    
            0x39,    0x33,    0x35,    0x35,    0x34,    0x36,    0x38,    0x37,    0x35,    0x66,    0x2e,    0x78,    0x78,    0x78,    0x29,    0x29,    
            0x20,    0x2d,    0x20,    0x39,    0x2e,    0x30,    0x35,    0x33,    0x37,    0x30,    0x30,    0x33,    0x34,    0x31,    0x36,    0x31,    
            0x30,    0x32,    0x33,    0x37,    0x39,    0x35,    0x36,    0x30,    0x34,    0x37,    0x30,    0x35,    0x38,    0x31,    0x30,    0x35,    
            0x34,    0x36,    0x38,    0x38,    0x65,    0x2d,    0x30,    0x35,    0x66,    0x2e,    0x78,    0x78,    0x78,    0x29,    0x20,    0x2f,    
            0x20,    0x28,    0x28,    0x63,    0x20,    0x2a,    0x20,    0x28,    0x28,    0x63,    0x20,    0x2a,    0x20,    0x30,    0x2e,    0x39,    
            0x38,    0x33,    0x37,    0x32,    0x39,    0x30,    0x30,    0x34,    0x38,    0x35,    0x39,    0x39,    0x32,    0x34,    0x33,    0x31,    
            0x36,    0x34,    0x30,    0x36,    0x32,    0x35,    0x66,    0x29,    0x20,    0x2b,    0x20,    0x30,    0x2e,    0x34,    0x33,    0x32,    
            0x39,    0x35,    0x31,    0x30,    0x30,    0x33,    0x33,    0x31,    0x33,    0x30,    0x36,    0x34,    0x35,    0x37,    0x35,    0x31,    
            0x39,    0x35,    0x33,    0x31,    0x32,    0x35,    0x66,    0x2e,    0x78,    0x78,    0x78,    0x29,    0x29,    0x20,    0x2b,    0x20,    
            0x30,    0x2e,    0x32,    0x33,    0x38,    0x30,    0x38,    0x30,    0x39,    0x39,    0x33,    0x32,    0x39,    0x34,    0x37,    0x31,    
            0x35,    0x38,    0x38,    0x31,    0x33,    0x34,    0x37,    0x36,    0x35,    0x36,    0x32,    0x35,    0x66,    0x2e,    0x78,    0x78,    
            0x78,    0x29,    0x3b,    0x0a,    0x7d,    0x0a,    0x0a,    0x66,    0x6c,    0x6f,    0x61,    0x74,    0x33,    0x20,    0x74,    0x6f,    
            0x6e,    0x65,    0x4d,    0x61,    0x70,    0x41,    0x43,    0x45,    0x53,    0x5f,    0x48,    0x69,    0x6c,    0x6c,    0x28,    0x69,    
            0x6e,    0x6f,    0x75,    0x74,    0x20,    0x66,    0x6c,    0x6f,    0x61,    0x74,    0x33,    0x20,    0x63,    0x29,    0x0a,    0x7b,    
            0x0a,    0x20,    0x20,    0x20,    0x20,    0x63,    0x20,    0x3d,    0x20,    0x6d,    0x75,    0x6c,    0x28,    0x63,    0x2c,    0x20,    
            0x66,    0x6c,    0x6f,    0x61,    0x74,    0x33,    0x78,    0x33,    0x28,    0x66,    0x6c,    0x6f,    0x61,    0x74,    0x33,    0x28,    
            0x30,    0x2e,    0x35,    0x39,    0x37,    0x31,    0x39,    0x30,    0x30,    0x32,    0x32,    0x34,    0x36,    0x38,    0x35,    0x36,    
            0x36,    0x38,    0x39,    0x34,    0x35,    0x33,    0x31,    0x32,    0x35,    0x66,    0x2c,    0x20,    0x30,    0x2e,    0x30,    0x37,    
            0x35,    0x39,    0x39,    0x39,    0x39,    0x39,    0x37,    0x35,    0x35,    0x36,    0x32,    0x30,    0x39,    0x35,    0x36,    0x34,    
            0x32,    0x30,    0x38,    0x39,    0x38,    0x34,    0x33,    0x37,    0x35,    0x66,    0x2c,    0x20,    0x30,    0x2e,    0x30,    0x32,    
            0x38,    0x34,    0x30,    0x30,    0x30,    0x30,    0x30,    0x31,    0x38,    0x34,    0x37,    0x37,    0x34,    0x33,    0x39,    0x38,    
            0x38,    0x30,    0x33,    0x37,    0x31,    0x30,    0x39,    0x33,    0x37,    0x35,    0x66,    0x29,    0x2c,    0x20,    0x66,    0x6c,    
            0x6f,    0x61,    0x74,    0x33,    0x28,    0x30,    0x2e,    0x33,    0x35,    0x34,    0x35,    0x37,    0x39,    0x39,    0x38,    0x35,    
            0x31,    0x34,    0x31,    0x37,    0x35,    0x34,    0x31,    0x35,    0x30,    0x33,    0x39,    0x30,    0x36,    0x32,    0x35,    0x66,    
            0x2c,    0x20,    0x30,    0x2e,    0x39,    0x30,    0x38,    0x33,    0x33,    0x39,    0x39,    0x37,    0x37,    0x32,    0x36,    0x34,    
            0x34,    0x30,    0x34,    0x32,    0x39,    0x36,    0x38,    0x37,    0x35,    0x66,    0x2c,    0x20,    0x30,    0x2e,    0x31,    0x33,    
            0x33,    0x38,    0x32,    0x39,    0x39,    0x39,    0x35,    0x39,    0x38,    0x39,    0x37,    0x39,    0x39,    0x34,    0x39,    0x39,    
            0x35,    0x31,    0x31,    0x37,    0x31,    0x38,    0x37,    0x35,    0x66,    0x29,    0x2c,    0x20,    0x66,    0x6c,    0x6f,    0x61,    
            0x74,    0x33,    0x28,    0x30,    0x2e,    0x30,    0x34,    0x38,    0x32,    0x32,    0x39,    0x39,    0x39,    0x39,    0x38,    0x34,    
            0x30,    0x32,    0x35,    0x39,    0x35,    0x35,    0x32,    0x30,    0x30,    0x31,    0x39,    0x35,    0x33,    0x31,    0x32,    0x35,    
            0x66,    0x2c,    0x20,    0x30,    0x2e,    0x30,    0x31,    0x35,    0x36,    0x35,    0x39,    0x39,    0x39,    0x39,    0x31,    0x30,    
            0x32,    0x33,    0x35,    0x34,    0x30,    0x34,    0x39,    0x36,    0x38,    0x32,    0x36,    0x31,    0x37,    0x31,    0x38,    0x37,    
            0x35,    0x66,    0x2c,    0x20,    0x30,    0x2e,    0x38,    0x33,    0x37,    0x37,    0x36,    0x39,    0x39,    0x38,    0x35,    0x31,    
            0x39,    0x38,    0x39,    0x37,    0x34,    0x36,    0x30,    0x39,    0x33,    0x37,    0x35,    0x66,    0x29,    0x29,    0x29,    0x3b,    
            0x0a,    0x20,    0x20,    0x20,    0x20,    0x66,    0x6c,    0x6f,    0x61,    0x74,    0x33,    0x20,    0x70,    0x61,    0x72,    0x61,    
            0x6d,    0x20,    0x3d,    0x20,    0x63,    0x3b,    0x0a,    0x20,    0x20,    0x20,    0x20,    0x63,    0x20,    0x3d,    0x20,    0x52,    
            0x52,    0x54,    0x41,    0x6e,    0x64,    0x4f,    0x44,    0x54,    0x46,    0x69,    0x74,    0x28,    0x70,    0x61,    0x72,    0x61,    
            0x6d,    0x29,    0x3b,    0x0a,    0x20,    0x20,    0x20,    0x20,    0x63,    0x20,    0x3d,    0x20,    0x6d,    0x75,    0x6c,    0x28,    
            0x63,    0x2c,    0x20,    0x66,    0x6c,    0x6f,    0x61,    0x74,    0x33,    0x78,    0x33,    0x28,    0x66,    0x6c,    0x6f,    0x61,    
            0x74,    0x33,    0x28,    0x31,    0x2e,    0x36,    0x30,    0x34,    0x37,    0x35,    0x30,    0x30,    0x33,    0x37,    0x31,    0x39,    
            0x33,    0x32,    0x39,    0x38,    0x33,    0x33,    0x39,    0x38,    0x34,    0x33,    0x37,    0x35,    0x66,    0x2c,    0x20,    0x2d,    
            0x30,    0x2e,    0x31,    0x30,    0x32,    0x30,    0x38,    0x30,    0x30,    0x30,    0x32,    0x34,    0x32,    0x37,    0x31,    0x30,    
            0x31,    0x31,    0x33,    0x35,    0x32,    0x35,    0x33,    0x39,    0x30,    0x36,    0x32,    0x35,    0x66,    0x2c,    0x20,    0x2d,    
            0x30,    0x2e,    0x30,    0x30,    0x33,    0x32,    0x36,    0x39,    0x39,    0x39,    0x39,    0x39,    0x38,    0x36,    0x35,    0x31,    
            0x34,    0x34,    0x34,    0x39,    0x31,    0x31,    0x39,    0x35,    0x36,    0x37,    0x38,    0x37,    0x31,    0x30,    0x39,    0x33,    
            0x37,    0x35,    0x66,    0x29,    0x2c,    0x20,    0x66,    0x6c,    0x6f,    0x61,    0x74,    0x33,    0x28,    0x2d,    0x30,    0x2e,    
            0x35,    0x33,    0x31,    0x30,    0x38,    0x30,    0x30,    0x30,    0x37,    0x35,    0x35,    0x33,    0x31,    0x30,    0x30,    0x35,    
            0x38,    0x35,    0x39,    0x33,    0x37,    0x35,    0x66,    0x2c,    0x20,    0x31,    0x2e,    0x31,    0x30,    0x38,    0x31,    0x32,    
            0x39,    0x39,    0x37,    0x38,    0x31,    0x37,    0x39,    0x39,    0x33,    0x31,    0x36,    0x34,    0x30,    0x36,    0x32,    0x35,    
            0x66,    0x2c,    0x20,    0x2d,    0x30,    0x2e,    0x30,    0x37,    0x32,    0x37,    0x36,    0x30,    0x30,    0x30,    0x30,    0x38,    
            0x32,    0x34,    0x39,    0x32,    0x38,    0x32,    0x38,    0x33,    0x36,    0x39,    0x31,    0x34,    0x30,    0x36,    0x32,    0x35,    
            0x66,    0x29,    0x2c,    0x20,    0x66,    0x6c,    0x6f,    0x61,    0x74,    0x33,    0x28,    0x2d,    0x30,    0x2e,    0x30,    0x37,    
            0x33,    0x36,    0x36,    0x39,    0x39,    0x39,    0x39,    0x38,    0x33,    0x37,    0x38,    0x37,    0x35,    0x33,    0x36,    0x36,    
            0x32,    0x31,    0x30,    0x39,    0x33,    0x37,    0x35,    0x66,    0x2c,    0x20,    0x2d,    0x30,    0x2e,    0x30,    0x30,    0x36,    
            0x30,    0x34,    0x39,    0x39,    0x39,    0x39,    0x39,    0x36,    0x37,    0x32,    0x31,    0x37,    0x34,    0x34,    0x35,    0x33,    
            0x37,    0x33,    0x35,    0x33,    0x35,    0x31,    0x35,    0x36,    0x32,    0x35,    0x66,    0x2c,    0x20,    0x31,    0x2e,    0x30,    
            0x37,    0x36,    0x30,    0x32,    0x30,    0x30,    0x30,    0x32,    0x33,    0x36,    0x35,    0x31,    0x31,    0x32,    0x33,    0x30,    
            0x34,    0x36,    0x38,    0x37,    0x35,    0x66,    0x29,    0x29,    0x29,    0x3b,    0x0a,    0x20,    0x20,    0x20,    0x20,    0x72,    
            0x65,    0x74,    0x75,    0x72,    0x6e,    0x20,    0x63,    0x6c,    0x61,    0x6d,    0x70,    0x28,    0x63,    0x2c,    0x20,    0x30,    
            0x2e,    0x30,    0x66,    0x2e,    0x78,    0x78,    0x78,    0x2c,    0x20,    0x31,    0x2e,    0x30,    0x66,    0x2e,    0x78,    0x78,    
            0x78,    0x29,    0x3b,    0x0a,    0x7d,    0x0a,    0x0a,    0x66,    0x6c,    0x6f,    0x61,    0x74,    0x33,    0x20,    0x74,    0x6f,    
            0x6e,    0x65,    0x4d,    0x61,    0x70,    0x4b,    0x68,    0x72,    0x50,    0x62,    0x72,    0x4e,    0x65,    0x75,    0x74,    0x72,    
            0x61,    0x6c,    0x28,    0x69,    0x6e,    0x6f,    0x75,    0x74,    0x20,    0x66,    0x6c,    0x6f,    0x61,    0x74,    0x33,    0x20,    
            0x63,    0x29,    0x0a,    0x7b,    0x0a,    0x20,    0x20,    0x20,    0x20,    0x66,    0x6c,    0x6f,    0x61,    0x74,    0x20,    0x5f,    
            0x31,    0x34,    0x30,    0x20,    0x3d,    0x20,    0x6d,    0x69,    0x6e,    0x28,    0x63,    0x2e,    0x78,    0x2c,    0x20,    0x6d,    
            0x69,    0x6e,    0x28,    0x63,    0x2e,    0x79,    0x2c,    0x20,    0x63,    0x2e,    0x7a,    0x29,    0x29,    0x3b,    0x0a,    0x20,    
            0x20,    0x20,    0x20,    0x66,    0x6c,    0x6f,    0x61,    0x74,    0x20,    0x5f,    0x31,    0x34,    0x36,    0x3b,    0x0a,    0x20,    
            0x20,    0x20,    0x20,    0x69,    0x66,    0x20,    0x28,    0x5f,    0x31,    0x34,    0x30,    0x20,    0x3c,    0x20,    0x30,    0x2e,    
            0x30,    0x37,    0x39,    0x39,    0x39,    0x39,    0x39,    0x39,    0x38,    0x32,    0x31,    0x31,    0x38,    0x36,    0x30,    0x36,    
            0x35,    0x36,    0x37,    0x33,    0x38,    0x32,    0x38,    0x31,    0x32,    0x35,    0x66,    0x29,    0x0a,    0x20,    0x20,    0x20,    
            0x20,    0x7b,    0x0a,    0x20,    0x20,    0x20,    0x20,    0x20,    0x20,    0x20,    0x20,    0x5f,    0x31,    0x34,    0x36,    0x20,    
            0x3d,    0x20,    0x5f,    0x31,    0x34,    0x30,    0x20,    0x2d,    0x20,    0x28,    0x28,    0x36,    0x2e,    0x32,    0x35,    0x66,    
            0x20,    0x2a,    0x20,    0x5f,    0x31,    0x34,    0x30,    0x29,    0x20,    0x2a,    0x20,    0x5f,    0x31,    0x34,    0x30,    0x29,    
            0x3b,    0x0a,    0x20,    0x20,    0x20,    0x20,    0x7d,    0x0a,    0x20,    0x20,    0x20,    0x20,    0x65,    0x6c,    0x73,    0x65,    
            0x0a,    0x20,    0x20,    0x20,    0x20,    0x7b,    0x0a,    0x20,    0x20,    0x20,    0x20,    0x20,    0x20,    0x20,    0x20,    0x5f,    
            0x31,    0x34,    0x36,    0x20,    0x3d,    0x20,    0x30,    0x2e,    0x30,    0x33,    0x39,    0x39,    0x39,    0x39,    0x39,    0x39,    
            0x39,    0x31,    0x30,    0x35,    0x39,    0x33,    0x30,    0x33,    0x32,    0x38,    0x33,    0x36,    0x39,    0x31,    0x34,    0x30,    
            0x36,    0x32,    0x35,    0x66,    0x3b,    0x0a,    0x20,    0x20,    0x20,    0x20,    0x7d,    0x0a,    0x20,    0x20,    0x20,    0x20,    
            0x63,    0x20,    0x2d,    0x3d,    0x20,    0x5f,    0x31,    0x34,    0x36,    0x2e,    0x78,    0x78,    0x78,    0x3b,    0x0a,    0x20,    
            0x20,    0x20,    0x20,    0x66,    0x6c,    0x6f,    0x61,    0x74,    0x20,    0x5f,    0x31,    0x36,    0x35,    0x20,    0x3d,    0x20,    
            0x63,    0x2e,    0x78,    0x3b,    0x0a,    0x20,    0x20,    0x20,    0x20,    0x66,    0x6c,    0x6f,    0x61,    0x74,    0x20,    0x5f,    
            0x31,    0x36,    0x37,    0x20,    0x3d,    0x20,    0x63,    0x2e,    0x79,    0x3b,    0x0a,    0x20,    0x20,    0x20,    0x20,    0x66,    
            0x6c,    0x6f,    0x61,    0x74,    0x20,    0x5f,    0x31,    0x36,    0x39,    0x20,    0x3d,    0x20,    0x63,    0x2e,    0x7a,    0x3b,    
            0x0a,    0x20,    0x20,    0x20,    0x20,    0x66,    0x6c,    0x6f,    0x61,    0x74,    0x20,    0x5f,    0x31,    0x37,    0x31,    0x20,    
            0x3d,    0x20,    0x6d,    0x61,    0x78,    0x28,    0x5f,    0x31,    0x36,    0x35,    0x2c,    0x20,    0x6d,    0x61,    0x78,    0x28,    
            0x5f,    0x31,    0x36,    0x37,    0x2c,    0x20,    0x5f,    0x31,    0x36,    0x39,    0x29,    0x29,    0x3b,    0x0a,    0x20,    0x20,    
            0x20,    0x20,    0x69,    0x66,    0x20,    0x28,    0x5f,    0x31,    0x37,    0x31,    0x20,    0x3c,    0x20,    0x30,    0x2e,    0x37,    
            0x35,    0x39,    0x39,    0x39,    0x39,    0x39,    0x39,    0x30,    0x34,    0x36,    0x33,    0x32,    0x35,    0x36,    0x38,    0x33,    
            0x35,    0x39,    0x33,    0x37,    0x35,    0x66,    0x29,    0x0a,    0x20,    0x20,    0x20,    0x20,    0x7b,    0x0a,    0x20,    0x20,    
            0x20,    0x20,    0x20,    0x20,    0x20,    0x20,    0x72,    0x65,    0x74,    0x75,    0x72,    0x6e,    0x20,    0x63,    0x3b,    0x0a,    
            0x20,    0x20,    0x20,    0x20,    0x7d,    0x0a,    0x20,    0x20,    0x20,    0x20,    0x66,    0x6c,    0x6f,    0x61,    0x74,    0x20,    
            0x5f,    0x31,    0x38,    0x36,    0x20,    0x3d,    0x20,    0x31,    0x2e,    0x30,    0x66,    0x20,    0x2d,    0x20,    0x28,    0x30,    
            0x2e,    0x30,    0x35,    0x37,    0x35,    0x39,    0x39,    0x39,    0x39,    0x39,    0x30,    0x31,    0x30,    0x35,    0x36,    0x32,    
            0x38,    0x39,    0x36,    0x37,    0x32,    0x38,    0x35,    0x31,    0x35,    0x36,    0x32,    0x35,    0x66,    0x20,    0x2f,    0x20,    
            0x28,    0x5f,    0x31,    0x37,    0x31,    0x20,    0x2b,    0x20,    0x28,    0x2d,    0x30,    0x2e,    0x35,    0x31,    0x39,    0x39,    
            0x39,    0x39,    0x39,    0x38,    0x30,    0x39,    0x32,    0x36,    0x35,    0x31,    0x33,    0x36,    0x37,    0x31,    0x38,    0x37,    
            0x35,    0x66,    0x29,    0x29,    0x29,    0x3b,    0x0a,    0x20,    0x20,    0x20,    0x20,    0x63,    0x20,    0x2a,    0x3d,    0x20,    
            0x28,    0x5f,    0x31,    0x38,    0x36,    0x20,    0x2f,    0x20,    0x5f,    0x31,    0x37,    0x31,    0x29,    0x3b,    0x0a,    0x20,    
            0x20,    0x20,    0x20,    0x72,    0x65,    0x74,    0x75,    0x72,    0x6e,    0x20,    0x6c,    0x65,    0x72,    0x70,    0x28,    0x63,    
            0x2c,    0x20,    0x31,    0x2e,    0x30,    0x66,    0x2e,    0x78,    0x78,    0x78,    0x20,    0x2a,    0x20,    0x5f,    0x31,    0x38,    
            0x36,    0x2c,    0x20,    0x28,    0x31,    0x2e,    0x30,    0x66,    0x20,    0x2d,    0x20,    0x28,    0x31,    0x2e,    0x30,    0x66,    
            0x20,    0x2f,    0x20,    0x28,    0x28,    0x30,    0x2e,    0x31,    0x35,    0x30,    0x30,    0x30,    0x30,    0x30,    0x30,    0x35,    
            0x39,    0x36,    0x30,    0x34,    0x36,    0x34,    0x34,    0x37,    0x37,    0x35,    0x33,    0x39,    0x30,    0x36,    0x32,    0x35,    
            0x66,    0x20,    0x2a,    0x20,    0x28,    0x5f,    0x31,    0x37,    0x31,    0x20,    0x2d,    0x20,    0x5f,    0x31,    0x38,    0x36,    
            0x29,    0x29,    0x20,    0x2b,    0x20,    0x31,    0x2e,    0x30,    0x66,    0x29,    0x29,    0x29,    0x2e,    0x78,    0x78,    0x78,    
            0x29,    0x3b,    0x0a,    0x7d,    0x0a,    0x0a,    0x66,    0x6c,    0x6f,    0x61,    0x74,    0x33,    0x20,    0x6c,    0x69,    0x6e,    
            0x65,    0x61,    0x72,    0x54,    0x6f,    0x53,    0x52,    0x47,    0x42,    0x28,    0x66,    0x6c,    0x6f,    0x61,    0x74,    0x33,    
            0x20,    0x63,    0x29,    0x0a,    0x7b,    0x0a,    0x20,    0x20,    0x20,    0x20,    0x72,    0x65,    0x74,    0x75,    0x72,    0x6e,    
            0x20,    0x70,    0x6f,    0x77,    0x28,    0x6d,    0x61,    0x78,    0x28,    0x63,    0x2c,    0x20,    0x30,    0x2e,    0x30,    0x66,    
            0x2e,    0x78,    0x78,    0x78,    0x29,    0x2c,    0x20,    0x30,    0x2e,    0x34,    0x35,    0x34,    0x35,    0x34,    0x35,    0x34,    
            0x36,    0x38,    0x30,    0x39,    0x31,    0x39,    0x36,    0x34,    0x37,    0x32,    0x31,    0x36,    0x37,    0x39,    0x36,    0x38,    
            0x37,    0x35,    0x66,    0x2e,    0x78,    0x78,    0x78,    0x29,    0x3b,    0x0a,    0x7d,    0x0a,    0x0a,    0x76,    0x6f,    0x69,    
            0x64,    0x20,    0x66,    0x72,    0x61,    0x67,    0x5f,    0x6d,    0x61,    0x69,    0x6e,    0x28,    0x29,    0x0a,    0x7b,    0x0a,    
            0x20,    0x20,    0x20,    0x20,    0x75,    0x69,    0x6e,    0x74,    0x20,    0x5f,    0x32,    0x33,    0x32,    0x5f,    0x64,    0x75,    
            0x6d,    0x6d,    0x79,    0x5f,    0x70,    0x61,    0x72,    0x61,    0x6d,    0x65,    0x74,    0x65,    0x72,    0x3b,    0x0a,    0x20,    
            0x20,    0x20,    0x20,    0x66,    0x6c,    0x6f,    0x61,    0x74,    0x33,    0x20,    0x63,    0x6f,    0x6c,    0x6f,    0x72,    0x20,    
            0x3d,    0x20,    0x68,    0x64,    0x72,    0x5f,    0x74,    0x65,    0x78,    0x2e,    0x53,    0x61,    0x6d,    0x70,    0x6c,    0x65,    
            0x28,    0x68,    0x64,    0x72,    0x5f,    0x73,    0x6d,    0x70,    0x2c,    0x20,    0x67,    0x6c,    0x5f,    0x46,    0x72,    0x61,    
            0x67,    0x43,    0x6f,    0x6f,    0x72,    0x64,    0x2e,    0x78,    0x79,    0x20,    0x2f,    0x20,    0x66,    0x6c,    0x6f,    0x61,    
            0x74,    0x32,    0x28,    0x69,    0x6e,    0x74,    0x32,    0x28,    0x73,    0x70,    0x76,    0x54,    0x65,    0x78,    0x74,    0x75,    
            0x72,    0x65,    0x53,    0x69,    0x7a,    0x65,    0x28,    0x68,    0x64,    0x72,    0x5f,    0x74,    0x65,    0x78,    0x2c,    0x20,    
            0x75,    0x69,    0x6e,    0x74,    0x28,    0x30,    0x29,    0x2c,    0x20,    0x5f,    0x32,    0x33,    0x32,    0x5f,    0x64,    0x75,    
            0x6d,    0x6d,    0x79,    0x5f,    0x70,    0x61,    0x72,    0x61,    0x6d,    0x65,    0x74,    0x65,    0x72,    0x29,    0x29,    0x29,    
            0x29,    0x2e,    0x78,    0x79,    0x7a,    0x20,    0x2a,    0x20,    0x5f,    0x32,    0x34,    0x34,    0x5f,    0x75,    0x5f,    0x45,    
            0x78,    0x70,    0x6f,    0x73,    0x75,    0x72,    0x65,    0x3b,    0x0a,    0x20,    0x20,    0x20,    0x20,    0x69,    0x66,    0x20,    
            0x28,    0x5f,    0x32,    0x34,    0x34,    0x5f,    0x75,    0x5f,    0x54,    0x79,    0x70,    0x65,    0x20,    0x3d,    0x3d,    0x20,    
            0x31,    0x29,    0x0a,    0x20,    0x20,    0x20,    0x20,    0x7b,    0x0a,    0x20,    0x20,    0x20,    0x20,    0x20,    0x20,    0x20,    
            0x20,    0x66,    0x6c,    0x6f,    0x61,    0x74,    0x33,    0x20,    0x70,    0x61,    0x72,    0x61,    0x6d,    0x20,    0x3d,    0x20,    
            0x63,    0x6f,    0x6c,    0x6f,    0x72,    0x3b,    0x0a,    0x20,    0x20,    0x20,    0x20,    0x20,    0x20,    0x20,    0x20,    0x63,    
            0x6f,    0x6c,    0x6f,    0x72,    0x20,    0x3d,    0x20,    0x74,    0x6f,    0x6e,    0x65,    0x4d,    0x61,    0x70,    0x41,    0x43,    
            0x45,    0x53,    0x5f,    0x4e,    0x61,    0x72,    0x6b,    0x6f,    0x77,    0x69,    0x63,    0x7a,    0x28,    0x70,    0x61,    0x72,    
            0x61,    0x6d,    0x29,    0x3b,    0x0a,    0x20,    0x20,    0x20,    0x20,    0x7d,    0x0a,    0x20,    0x20,    0x20,    0x20,    0x65,    
            0x6c,    0x73,    0x65,    0x0a,    0x20,    0x20,    0x20,    0x20,    0x7b,    0x0a,    0x20,    0x20,    0x20,    0x20,    0x20,    0x20,    
            0x20,    0x20,    0x69,    0x66,    0x20,    0x28,    0x5f,    0x32,    0x34,    0x34,    0x5f,    0x75,    0x5f,    0x54,    0x79,    0x70,    
            0x65,    0x20,    0x3d,    0x3d,    0x20,    0x32,    0x29,    0x0a,    0x20,    0x20,    0x20,    0x20,    0x20,    0x20,    0x20,    0x20,    
            0x7b,    0x0a,    0x20,    0x20,    0x20,    0x20,    0x20,    0x20,    0x20,    0x20,    0x20,    0x20,    0x20,    0x20,    0x66,    0x6c,    
            0x6f,    0x61,    0x74,    0x33,    0x20,    0x70,    0x61,    0x72,    0x61,    0x6d,    0x5f,    0x31,    0x20,    0x3d,    0x20,    0x63,    
            0x6f,    0x6c,    0x6f,    0x72,    0x3b,    0x0a,    0x20,    0x20,    0x20,    0x20,    0x20,    0x20,    0x20,    0x20,    0x20,    0x20,    
            0x20,    0x20,    0x66,    0x6c,    0x6f,    0x61,    0x74,    0x33,    0x20,    0x5f,    0x32,    0x36,    0x39,    0x20,    0x3d,    0x20,    
            0x74,    0x6f,    0x6e,    0x65,    0x4d,    0x61,    0x70,    0x41,    0x43,    0x45,    0x53,    0x5f,    0x48,    0x69,    0x6c,    0x6c,    
            0x28,    0x70,    0x61,    0x72,    0x61,    0x6d,    0x5f,    0x31,    0x29,    0x3b,    0x0a,    0x20,    0x20,    0x20,    0x20,    0x20,    
            0x20,    0x20,    0x20,    0x20,    0x20,    0x20,    0x20,    0x63,    0x6f,    0x6c,    0x6f,    0x72,    0x20,    0x3d,    0x20,    0x5f,    
            0x32,    0x36,    0x39,    0x3b,    0x0a,    0x20,    0x20,    0x20,    0x20,    0x20,    0x20,    0x20,    0x20,    0x7d,    0x0a,    0x20,    
            0x20,    0x20,    0x20,    0x20,    0x20,    0x20,    0x20,    0x65,    0x6c,    0x73,    0x65,    0x0a,    0x20,    0x20,    0x20,    0x20,    
            0x20,    0x20,    0x20,    0x20,    0x7b,    0x0a,    0x20,    0x20,    0x20,    0x20,    0x20,    0x20,    0x20,    0x20,    0x20,    0x20,    
            0x20,    0x20,    0x69,    0x66,    0x20,    0x28,    0x5f,    0x32,    0x34,    0x34,    0x5f,    0x75,    0x5f,    0x54,    0x79,    0x70,    
            0x65,    0x20,    0x3d,    0x3d,    0x20,    0x33,    0x29,    0x0a,    0x20,    0x20,    0x20,    0x20,    0x20,    0x20,    0x20,    0x20,    
            0x20,    0x20,    0x20,    0x20,    0x7b,    0x0a,    0x20,    0x20,    0x20,    0x20,    0x20,    0x20,    0x20,    0x20,    0x20,    0x20,    
            0x20,    0x20,    0x20,    0x20,    0x20,    0x20,    0x66,    0x6c,    0x6f,    0x61,    0x74,    0x33,    0x20,    0x70,    0x61,    0x72,    
            0x61,    0x6d,    0x5f,    0x32,    0x20,    0x3d,    0x20,    0x63,    0x6f,    0x6c,    0x6f,    0x72,    0x3b,    0x0a,    0x20,    0x20,    
            0x20,    0x20,    0x20,    0x20,    0x20,    0x20,    0x20,    0x20,    0x20,    0x20,    0x20,    0x20,    0x20,    0x20,    0x66,    0x6c,    
            0x6f,    0x61,    0x74,    0x33,    0x20,    0x5f,    0x32,    0x37,    0x39,    0x20,    0x3d,    0x20,    0x74,    0x6f,    0x6e,    0x65,    
            0x4d,    0x61,    0x70,    0x4b,    0x68,    0x72,    0x50,    0x62,    0x72,    0x4e,    0x65,    0x75,    0x74,    0x72,    0x61,    0x6c,    
            0x28,    0x70,    0x61,    0x72,    0x61,    0x6d,    0x5f,    0x32,    0x29,    0x3b,    0x0a,    0x20,    0x20,    0x20,    0x20,    0x20,    
            0x20,    0x20,    0x20,    0x20,    0x20,    0x20,    0x20,    0x20,    0x20,    0x20,    0x20,    0x63,    0x6f,    0x6c,    0x6f,    0x72,    
            0x20,    0x3d,    0x20,    0x5f,    0x32,    0x37,    0x39,    0x3b,    0x0a,    0x20,    0x20,    0x20,    0x20,    0x20,    0x20,    0x20,    
            0x20,    0x20,    0x20,    0x20,    0x20,    0x7d,    0x0a,    0x20,    0x20,    0x20,    0x20,    0x20,    0x20,    0x20,    0x20,    0x7d,    
            0x0a,    0x20,    0x20,    0x20,    0x20,    0x7d,    0x0a,    0x20,    0x20,    0x20,    0x20,    0x66,    0x6c,    0x6f,    0x61,    0x74,    
            0x33,    0x20,    0x70,    0x61,    0x72,    0x61,    0x6d,    0x5f,    0x33,    0x20,    0x3d,    0x20,    0x63,    0x6f,    0x6c,    0x6f,    
            0x72,    0x3b,    0x0a,    0x20,    0x20,    0x20,    0x20,    0x66,    0x72,    0x61,    0x67,    0x5f,    0x63,    0x6f,    0x6c,    0x6f,    
            0x72,    0x20,    0x3d,    0x20,    0x66,    0x6c,    0x6f,    0x61,    0x74,    0x34,    0x28,    0x6c,    0x69,    0x6e,    0x65,    0x61,    
            0x72,    0x54,    0x6f,    0x53,    0x52,    0x47,    0x42,    0x28,    0x70,    0x61,    0x72,    0x61,    0x6d,    0x5f,    0x33,    0x29,    
            0x2c,    0x20,    0x31,    0x2e,    0x30,    0x66,    0x29,    0x3b,    0x0a,    0x7d,    0x0a,    0x0a,    0x53,    0x50,    0x49,    0x52,    
            0x56,    0x5f,    0x43,    0x72,    0x6f,    0x73,    0x73,    0x5f,    0x4f,    0x75,    0x74,    0x70,    0x75,    0x74,    0x20,    0x6d,    
            0x61,    0x69,    0x6e,    0x28,    0x53,    0x50,    0x49,    0x52,    0x56,    0x5f,    0x43,    0x72,    0x6f,    0x73,    0x73,    0x5f,    
            0x49,    0x6e,    0x70,    0x75,    0x74,    0x20,    0x73,    0x74,    0x61,    0x67,    0x65,    0x5f,    0x69,    0x6e,    0x70,    0x75,    
            0x74,    0x29,    0x0a,    0x7b,    0x0a,    0x20,    0x20,    0x20,    0x20,    0x67,    0x6c,    0x5f,    0x46,    0x72,    0x61,    0x67,    
            0x43,    0x6f,    0x6f,    0x72,    0x64,    0x20,    0x3d,    0x20,    0x73,    0x74,    0x61,    0x67,    0x65,    0x5f,    0x69,    0x6e,    
            0x70,    0x75,    0x74,    0x2e,    0x67,    0x6c,    0x5f,    0x46,    0x72,    0x61,    0x67,    0x43,    0x6f,    0x6f,    0x72,    0x64,    
            0x3b,    0x0a,    0x20,    0x20,    0x20,    0x20,    0x67,    0x6c,    0x5f,    0x46,    0x72,    0x61,    0x67,    0x43,    0x6f,    0x6f,    
            0x72,    0x64,    0x2e,    0x77,    0x20,    0x3d,    0x20,    0x31,    0x2e,    0x30,    0x20,    0x2f,    0x20,    0x67,    0x6c,    0x5f,    
            0x46,    0x72,    0x61,    0x67,    0x43,    0x6f,    0x6f,    0x72,    0x64,    0x2e,    0x77,    0x3b,    0x0a,    0x20,    0x20,    0x20,    
            0x20,    0x66,    0x72,    0x61,    0x67,    0x5f,    0x6d,    0x61,    0x69,    0x6e,    0x28,    0x29,    0x3b,    0x0a,    0x20,    0x20,    
            0x20,    0x20,    0x53,    0x50,    0x49,    0x52,    0x56,    0x5f,    0x43,    0x72,    0x6f,    0x73,    0x73,    0x5f,    0x4f,    0x75,    
            0x74,    0x70,    0x75,    0x74,    0x20,    0x73,    0x74,    0x61,    0x67,    0x65,    0x5f,    0x6f,    0x75,    0x74,    0x70,    0x75,    
            0x74,    0x3b,    0x0a,    0x20,    0x20,    0x20,    0x20,    0x73,    0x74,    0x61,    0x67,    0x65,    0x5f,    0x6f,    0x75,    0x74,    
            0x70,    0x75,    0x74,    0x2e,    0x66,    0x72,    0x61,    0x67,    0x5f,    0x63,    0x6f,    0x6c,    0x6f,    0x72,    0x20,    0x3d,    
            0x20,    0x66,    0x72,    0x61,    0x67,    0x5f,    0x63,    0x6f,    0x6c,    0x6f,    0x72,    0x3b,    0x0a,    0x20,    0x20,    0x20,    
            0x20,    0x72,    0x65,    0x74,    0x75,    0x72,    0x6e,    0x20,    0x73,    0x74,    0x61,    0x67,    0x65,    0x5f,    0x6f,    0x75,    
            0x74,    0x70,    0x75,    0x74,    0x3b,    0x0a,    0x7d,    0x0a,    0x00,    
};
    /*
        #include <metal_stdlib>
        #include <simd/simd.h>

        using namespace metal;

        struct main0_out
        {
            float4 gl_Position [[position]];
        };

        vertex main0_out main0(uint gl_VertexIndex [[vertex_id]])
        {
            main0_out out = {};
            out.gl_Position = float4((float2(float((int(gl_VertexIndex) << 1) & 2), float(int(gl_VertexIndex) & 2)) * 2.0) - float2(1.0), 0.0, 1.0);
            return out;
        }

    */
    static readonly byte[] tonemap_pass_tonemap_vs_source_metal_macos = {
            0x23,    0x69,    0x6e,    0x63,    0x6c,    0x75,    0x64,    0x65,    0x20,    0x3c,    0x6d,    0x65,    0x74,    0x61,    0x6c,    0x5f,    
            0x73,    0x74,    0x64,    0x6c,    0x69,    0x62,    0x3e,    0x0a,    0x23,    0x69,    0x6e,    0x63,    0x6c,    0x75,    0x64,    0x65,    
            0x20,    0x3c,    0x73,    0x69,    0x6d,    0x64,    0x2f,    0x73,    0x69,    0x6d,    0x64,    0x2e,    0x68,    0x3e,    0x0a,    0x0a,    
            0x75,    0x73,    0x69,    0x6e,    0x67,    0x20,    0x6e,    0x61,    0x6d,    0x65,    0x73,    0x70,    0x61,    0x63,    0x65,    0x20,    
            0x6d,    0x65,    0x74,    0x61,    0x6c,    0x3b,    0x0a,    0x0a,    0x73,    0x74,    0x72,    0x75,    0x63,    0x74,    0x20,    0x6d,    
            0x61,    0x69,    0x6e,    0x30,    0x5f,    0x6f,    0x75,    0x74,    0x0a,    0x7b,    0x0a,    0x20,    0x20,    0x20,    0x20,    0x66,    
            0x6c,    0x6f,    0x61,    0x74,    0x34,    0x20,    0x67,    0x6c,    0x5f,    0x50,    0x6f,    0x73,    0x69,    0x74,    0x69,    0x6f,    
            0x6e,    0x20,    0x5b,    0x5b,    0x70,    0x6f,    0x73,    0x69,    0x74,    0x69,    0x6f,    0x6e,    0x5d,    0x5d,    0x3b,    0x0a,    
            0x7d,    0x3b,    0x0a,    0x0a,    0x76,    0x65,    0x72,    0x74,    0x65,    0x78,    0x20,    0x6d,    0x61,    0x69,    0x6e,    0x30,    
            0x5f,    0x6f,    0x75,    0x74,    0x20,    0x6d,    0x61,    0x69,    0x6e,    0x30,    0x28,    0x75,    0x69,    0x6e,    0x74,    0x20,    
            0x67,    0x6c,    0x5f,    0x56,    0x65,    0x72,    0x74,    0x65,    0x78,    0x49,    0x6e,    0x64,    0x65,    0x78,    0x20,    0x5b,    
            0x5b,    0x76,    0x65,    0x72,    0x74,    0x65,    0x78,    0x5f,    0x69,    0x64,    0x5d,    0x5d,    0x29,    0x0a,    0x7b,    0x0a,    
            0x20,    0x20,    0x20,    0x20,    0x6d,    0x61,    0x69,    0x6e,    0x30,    0x5f,    0x6f,    0x75,    0x74,    0x20,    0x6f,    0x75,    
            0x74,    0x20,    0x3d,    0x20,    0x7b,    0x7d,    0x3b,    0x0a,    0x20,    0x20,    0x20,    0x20,    0x6f,    0x75,    0x74,    0x2e,    
            0x67,    0x6c,    0x5f,    0x50,    0x6f,    0x73,    0x69,    0x74,    0x69,    0x6f,    0x6e,    0x20,    0x3d,    0x20,    0x66,    0x6c,    
            0x6f,    0x61,    0x74,    0x34,    0x28,    0x28,    0x66,    0x6c,    0x6f,    0x61,    0x74,    0x32,    0x28,    0x66,    0x6c,    0x6f,    
            0x61,    0x74,    0x28,    0x28,    0x69,    0x6e,    0x74,    0x28,    0x67,    0x6c,    0x5f,    0x56,    0x65,    0x72,    0x74,    0x65,    
            0x78,    0x49,    0x6e,    0x64,    0x65,    0x78,    0x29,    0x20,    0x3c,    0x3c,    0x20,    0x31,    0x29,    0x20,    0x26,    0x20,    
            0x32,    0x29,    0x2c,    0x20,    0x66,    0x6c,    0x6f,    0x61,    0x74,    0x28,    0x69,    0x6e,    0x74,    0x28,    0x67,    0x6c,    
            0x5f,    0x56,    0x65,    0x72,    0x74,    0x65,    0x78,    0x49,    0x6e,    0x64,    0x65,    0x78,    0x29,    0x20,    0x26,    0x20,    
            0x32,    0x29,    0x29,    0x20,    0x2a,    0x20,    0x32,    0x2e,    0x30,    0x29,    0x20,    0x2d,    0x20,    0x66,    0x6c,    0x6f,    
            0x61,    0x74,    0x32,    0x28,    0x31,    0x2e,    0x30,    0x29,    0x2c,    0x20,    0x30,    0x2e,    0x30,    0x2c,    0x20,    0x31,    
            0x2e,    0x30,    0x29,    0x3b,    0x0a,    0x20,    0x20,    0x20,    0x20,    0x72,    0x65,    0x74,    0x75,    0x72,    0x6e,    0x20,    
            0x6f,    0x75,    0x74,    0x3b,    0x0a,    0x7d,    0x0a,    0x0a,    0x00,    
};
    /*
        #pragma clang diagnostic ignored "-Wmissing-prototypes"

        #include <metal_stdlib>
        #include <simd/simd.h>

        using namespace metal;

        struct tonemap_params
        {
            float u_Exposure;
            int u_Type;
            float _pad0;
            float _pad1;
        };

        struct main0_out
        {
            float4 frag_color [[color(0)]];
        };

        static inline __attribute__((always_inline))
        float3 toneMapACES_Narkowicz(thread const float3& c)
        {
            return fast::clamp((c * ((c * 2.5099999904632568359375) + float3(0.02999999932944774627685546875))) / ((c * ((c * 2.4300000667572021484375) + float3(0.589999973773956298828125))) + float3(0.14000000059604644775390625)), float3(0.0), float3(1.0));
        }

        static inline __attribute__((always_inline))
        float3 RRTAndODTFit(thread const float3& c)
        {
            return ((c * (c + float3(0.02457859925925731658935546875))) - float3(9.0537003416102379560470581054688e-05)) / ((c * ((c * 0.98372900485992431640625) + float3(0.4329510033130645751953125))) + float3(0.23808099329471588134765625));
        }

        static inline __attribute__((always_inline))
        float3 toneMapACES_Hill(thread float3& c)
        {
            c = float3x3(float3(0.59719002246856689453125, 0.075999997556209564208984375, 0.0284000001847743988037109375), float3(0.354579985141754150390625, 0.908339977264404296875, 0.13382999598979949951171875), float3(0.048229999840259552001953125, 0.0156599991023540496826171875, 0.837769985198974609375)) * c;
            float3 param = c;
            c = RRTAndODTFit(param);
            c = float3x3(float3(1.60475003719329833984375, -0.10208000242710113525390625, -0.00326999998651444911956787109375), float3(-0.5310800075531005859375, 1.108129978179931640625, -0.07276000082492828369140625), float3(-0.0736699998378753662109375, -0.00604999996721744537353515625, 1.0760200023651123046875)) * c;
            return fast::clamp(c, float3(0.0), float3(1.0));
        }

        static inline __attribute__((always_inline))
        float3 toneMapKhrPbrNeutral(thread float3& c)
        {
            float _140 = fast::min(c.x, fast::min(c.y, c.z));
            float _146;
            if (_140 < 0.07999999821186065673828125)
            {
                _146 = _140 - ((6.25 * _140) * _140);
            }
            else
            {
                _146 = 0.039999999105930328369140625;
            }
            c -= float3(_146);
            float _165 = c.x;
            float _167 = c.y;
            float _169 = c.z;
            float _171 = fast::max(_165, fast::max(_167, _169));
            if (_171 < 0.7599999904632568359375)
            {
                return c;
            }
            float _186 = 1.0 - (0.057599999010562896728515625 / (_171 + (-0.519999980926513671875)));
            c *= (_186 / _171);
            return mix(c, float3(1.0) * _186, float3(1.0 - (1.0 / ((0.1500000059604644775390625 * (_171 - _186)) + 1.0))));
        }

        static inline __attribute__((always_inline))
        float3 linearToSRGB(thread const float3& c)
        {
            return powr(fast::max(c, float3(0.0)), float3(0.4545454680919647216796875));
        }

        fragment main0_out main0(constant tonemap_params& _244 [[buffer(0)]], texture2d<float> hdr_tex [[texture(0)]], sampler hdr_smp [[sampler(0)]], float4 gl_FragCoord [[position]])
        {
            main0_out out = {};
            float3 color = hdr_tex.sample(hdr_smp, (gl_FragCoord.xy / float2(int2(hdr_tex.get_width(), hdr_tex.get_height())))).xyz * _244.u_Exposure;
            if (_244.u_Type == 1)
            {
                float3 param = color;
                color = toneMapACES_Narkowicz(param);
            }
            else
            {
                if (_244.u_Type == 2)
                {
                    float3 param_1 = color;
                    float3 _269 = toneMapACES_Hill(param_1);
                    color = _269;
                }
                else
                {
                    if (_244.u_Type == 3)
                    {
                        float3 param_2 = color;
                        float3 _279 = toneMapKhrPbrNeutral(param_2);
                        color = _279;
                    }
                }
            }
            float3 param_3 = color;
            out.frag_color = float4(linearToSRGB(param_3), 1.0);
            return out;
        }

    */
    static readonly byte[] tonemap_pass_tonemap_fs_source_metal_macos = {
            0x23,    0x70,    0x72,    0x61,    0x67,    0x6d,    0x61,    0x20,    0x63,    0x6c,    0x61,    0x6e,    0x67,    0x20,    0x64,    0x69,    
            0x61,    0x67,    0x6e,    0x6f,    0x73,    0x74,    0x69,    0x63,    0x20,    0x69,    0x67,    0x6e,    0x6f,    0x72,    0x65,    0x64,    
            0x20,    0x22,    0x2d,    0x57,    0x6d,    0x69,    0x73,    0x73,    0x69,    0x6e,    0x67,    0x2d,    0x70,    0x72,    0x6f,    0x74,    
            0x6f,    0x74,    0x79,    0x70,    0x65,    0x73,    0x22,    0x0a,    0x0a,    0x23,    0x69,    0x6e,    0x63,    0x6c,    0x75,    0x64,    
            0x65,    0x20,    0x3c,    0x6d,    0x65,    0x74,    0x61,    0x6c,    0x5f,    0x73,    0x74,    0x64,    0x6c,    0x69,    0x62,    0x3e,    
            0x0a,    0x23,    0x69,    0x6e,    0x63,    0x6c,    0x75,    0x64,    0x65,    0x20,    0x3c,    0x73,    0x69,    0x6d,    0x64,    0x2f,    
            0x73,    0x69,    0x6d,    0x64,    0x2e,    0x68,    0x3e,    0x0a,    0x0a,    0x75,    0x73,    0x69,    0x6e,    0x67,    0x20,    0x6e,    
            0x61,    0x6d,    0x65,    0x73,    0x70,    0x61,    0x63,    0x65,    0x20,    0x6d,    0x65,    0x74,    0x61,    0x6c,    0x3b,    0x0a,    
            0x0a,    0x73,    0x74,    0x72,    0x75,    0x63,    0x74,    0x20,    0x74,    0x6f,    0x6e,    0x65,    0x6d,    0x61,    0x70,    0x5f,    
            0x70,    0x61,    0x72,    0x61,    0x6d,    0x73,    0x0a,    0x7b,    0x0a,    0x20,    0x20,    0x20,    0x20,    0x66,    0x6c,    0x6f,    
            0x61,    0x74,    0x20,    0x75,    0x5f,    0x45,    0x78,    0x70,    0x6f,    0x73,    0x75,    0x72,    0x65,    0x3b,    0x0a,    0x20,    
            0x20,    0x20,    0x20,    0x69,    0x6e,    0x74,    0x20,    0x75,    0x5f,    0x54,    0x79,    0x70,    0x65,    0x3b,    0x0a,    0x20,    
            0x20,    0x20,    0x20,    0x66,    0x6c,    0x6f,    0x61,    0x74,    0x20,    0x5f,    0x70,    0x61,    0x64,    0x30,    0x3b,    0x0a,    
            0x20,    0x20,    0x20,    0x20,    0x66,    0x6c,    0x6f,    0x61,    0x74,    0x20,    0x5f,    0x70,    0x61,    0x64,    0x31,    0x3b,    
            0x0a,    0x7d,    0x3b,    0x0a,    0x0a,    0x73,    0x74,    0x72,    0x75,    0x63,    0x74,    0x20,    0x6d,    0x61,    0x69,    0x6e,    
            0x30,    0x5f,    0x6f,    0x75,    0x74,    0x0a,    0x7b,    0x0a,    0x20,    0x20,    0x20,    0x20,    0x66,    0x6c,    0x6f,    0x61,    
            0x74,    0x34,    0x20,    0x66,    0x72,    0x61,    0x67,    0x5f,    0x63,    0x6f,    0x6c,    0x6f,    0x72,    0x20,    0x5b,    0x5b,    
            0x63,    0x6f,    0x6c,    0x6f,    0x72,    0x28,    0x30,    0x29,    0x5d,    0x5d,    0x3b,    0x0a,    0x7d,    0x3b,    0x0a,    0x0a,    
            0x73,    0x74,    0x61,    0x74,    0x69,    0x63,    0x20,    0x69,    0x6e,    0x6c,    0x69,    0x6e,    0x65,    0x20,    0x5f,    0x5f,    
            0x61,    0x74,    0x74,    0x72,    0x69,    0x62,    0x75,    0x74,    0x65,    0x5f,    0x5f,    0x28,    0x28,    0x61,    0x6c,    0x77,    
            0x61,    0x79,    0x73,    0x5f,    0x69,    0x6e,    0x6c,    0x69,    0x6e,    0x65,    0x29,    0x29,    0x0a,    0x66,    0x6c,    0x6f,    
            0x61,    0x74,    0x33,    0x20,    0x74,    0x6f,    0x6e,    0x65,    0x4d,    0x61,    0x70,    0x41,    0x43,    0x45,    0x53,    0x5f,    
            0x4e,    0x61,    0x72,    0x6b,    0x6f,    0x77,    0x69,    0x63,    0x7a,    0x28,    0x74,    0x68,    0x72,    0x65,    0x61,    0x64,    
            0x20,    0x63,    0x6f,    0x6e,    0x73,    0x74,    0x20,    0x66,    0x6c,    0x6f,    0x61,    0x74,    0x33,    0x26,    0x20,    0x63,    
            0x29,    0x0a,    0x7b,    0x0a,    0x20,    0x20,    0x20,    0x20,    0x72,    0x65,    0x74,    0x75,    0x72,    0x6e,    0x20,    0x66,    
            0x61,    0x73,    0x74,    0x3a,    0x3a,    0x63,    0x6c,    0x61,    0x6d,    0x70,    0x28,    0x28,    0x63,    0x20,    0x2a,    0x20,    
            0x28,    0x28,    0x63,    0x20,    0x2a,    0x20,    0x32,    0x2e,    0x35,    0x30,    0x39,    0x39,    0x39,    0x39,    0x39,    0x39,    
            0x30,    0x34,    0x36,    0x33,    0x32,    0x35,    0x36,    0x38,    0x33,    0x35,    0x39,    0x33,    0x37,    0x35,    0x29,    0x20,    
            0x2b,    0x20,    0x66,    0x6c,    0x6f,    0x61,    0x74,    0x33,    0x28,    0x30,    0x2e,    0x30,    0x32,    0x39,    0x39,    0x39,    
            0x39,    0x39,    0x39,    0x39,    0x33,    0x32,    0x39,    0x34,    0x34,    0x37,    0x37,    0x34,    0x36,    0x32,    0x37,    0x36,    
            0x38,    0x35,    0x35,    0x34,    0x36,    0x38,    0x37,    0x35,    0x29,    0x29,    0x29,    0x20,    0x2f,    0x20,    0x28,    0x28,    
            0x63,    0x20,    0x2a,    0x20,    0x28,    0x28,    0x63,    0x20,    0x2a,    0x20,    0x32,    0x2e,    0x34,    0x33,    0x30,    0x30,    
            0x30,    0x30,    0x30,    0x36,    0x36,    0x37,    0x35,    0x37,    0x32,    0x30,    0x32,    0x31,    0x34,    0x38,    0x34,    0x33,    
            0x37,    0x35,    0x29,    0x20,    0x2b,    0x20,    0x66,    0x6c,    0x6f,    0x61,    0x74,    0x33,    0x28,    0x30,    0x2e,    0x35,    
            0x38,    0x39,    0x39,    0x39,    0x39,    0x39,    0x37,    0x33,    0x37,    0x37,    0x33,    0x39,    0x35,    0x36,    0x32,    0x39,    
            0x38,    0x38,    0x32,    0x38,    0x31,    0x32,    0x35,    0x29,    0x29,    0x29,    0x20,    0x2b,    0x20,    0x66,    0x6c,    0x6f,    
            0x61,    0x74,    0x33,    0x28,    0x30,    0x2e,    0x31,    0x34,    0x30,    0x30,    0x30,    0x30,    0x30,    0x30,    0x30,    0x35,    
            0x39,    0x36,    0x30,    0x34,    0x36,    0x34,    0x34,    0x37,    0x37,    0x35,    0x33,    0x39,    0x30,    0x36,    0x32,    0x35,    
            0x29,    0x29,    0x2c,    0x20,    0x66,    0x6c,    0x6f,    0x61,    0x74,    0x33,    0x28,    0x30,    0x2e,    0x30,    0x29,    0x2c,    
            0x20,    0x66,    0x6c,    0x6f,    0x61,    0x74,    0x33,    0x28,    0x31,    0x2e,    0x30,    0x29,    0x29,    0x3b,    0x0a,    0x7d,    
            0x0a,    0x0a,    0x73,    0x74,    0x61,    0x74,    0x69,    0x63,    0x20,    0x69,    0x6e,    0x6c,    0x69,    0x6e,    0x65,    0x20,    
            0x5f,    0x5f,    0x61,    0x74,    0x74,    0x72,    0x69,    0x62,    0x75,    0x74,    0x65,    0x5f,    0x5f,    0x28,    0x28,    0x61,    
            0x6c,    0x77,    0x61,    0x79,    0x73,    0x5f,    0x69,    0x6e,    0x6c,    0x69,    0x6e,    0x65,    0x29,    0x29,    0x0a,    0x66,    
            0x6c,    0x6f,    0x61,    0x74,    0x33,    0x20,    0x52,    0x52,    0x54,    0x41,    0x6e,    0x64,    0x4f,    0x44,    0x54,    0x46,    
            0x69,    0x74,    0x28,    0x74,    0x68,    0x72,    0x65,    0x61,    0x64,    0x20,    0x63,    0x6f,    0x6e,    0x73,    0x74,    0x20,    
            0x66,    0x6c,    0x6f,    0x61,    0x74,    0x33,    0x26,    0x20,    0x63,    0x29,    0x0a,    0x7b,    0x0a,    0x20,    0x20,    0x20,    
            0x20,    0x72,    0x65,    0x74,    0x75,    0x72,    0x6e,    0x20,    0x28,    0x28,    0x63,    0x20,    0x2a,    0x20,    0x28,    0x63,    
            0x20,    0x2b,    0x20,    0x66,    0x6c,    0x6f,    0x61,    0x74,    0x33,    0x28,    0x30,    0x2e,    0x30,    0x32,    0x34,    0x35,    
            0x37,    0x38,    0x35,    0x39,    0x39,    0x32,    0x35,    0x39,    0x32,    0x35,    0x37,    0x33,    0x31,    0x36,    0x35,    0x38,    
            0x39,    0x33,    0x35,    0x35,    0x34,    0x36,    0x38,    0x37,    0x35,    0x29,    0x29,    0x29,    0x20,    0x2d,    0x20,    0x66,    
            0x6c,    0x6f,    0x61,    0x74,    0x33,    0x28,    0x39,    0x2e,    0x30,    0x35,    0x33,    0x37,    0x30,    0x30,    0x33,    0x34,    
            0x31,    0x36,    0x31,    0x30,    0x32,    0x33,    0x37,    0x39,    0x35,    0x36,    0x30,    0x34,    0x37,    0x30,    0x35,    0x38,    
            0x31,    0x30,    0x35,    0x34,    0x36,    0x38,    0x38,    0x65,    0x2d,    0x30,    0x35,    0x29,    0x29,    0x20,    0x2f,    0x20,    
            0x28,    0x28,    0x63,    0x20,    0x2a,    0x20,    0x28,    0x28,    0x63,    0x20,    0x2a,    0x20,    0x30,    0x2e,    0x39,    0x38,    
            0x33,    0x37,    0x32,    0x39,    0x30,    0x30,    0x34,    0x38,    0x35,    0x39,    0x39,    0x32,    0x34,    0x33,    0x31,    0x36,    
            0x34,    0x30,    0x36,    0x32,    0x35,    0x29,    0x20,    0x2b,    0x20,    0x66,    0x6c,    0x6f,    0x61,    0x74,    0x33,    0x28,    
            0x30,    0x2e,    0x34,    0x33,    0x32,    0x39,    0x35,    0x31,    0x30,    0x30,    0x33,    0x33,    0x31,    0x33,    0x30,    0x36,    
            0x34,    0x35,    0x37,    0x35,    0x31,    0x39,    0x35,    0x33,    0x31,    0x32,    0x35,    0x29,    0x29,    0x29,    0x20,    0x2b,    
            0x20,    0x66,    0x6c,    0x6f,    0x61,    0x74,    0x33,    0x28,    0x30,    0x2e,    0x32,    0x33,    0x38,    0x30,    0x38,    0x30,    
            0x39,    0x39,    0x33,    0x32,    0x39,    0x34,    0x37,    0x31,    0x35,    0x38,    0x38,    0x31,    0x33,    0x34,    0x37,    0x36,    
            0x35,    0x36,    0x32,    0x35,    0x29,    0x29,    0x3b,    0x0a,    0x7d,    0x0a,    0x0a,    0x73,    0x74,    0x61,    0x74,    0x69,    
            0x63,    0x20,    0x69,    0x6e,    0x6c,    0x69,    0x6e,    0x65,    0x20,    0x5f,    0x5f,    0x61,    0x74,    0x74,    0x72,    0x69,    
            0x62,    0x75,    0x74,    0x65,    0x5f,    0x5f,    0x28,    0x28,    0x61,    0x6c,    0x77,    0x61,    0x79,    0x73,    0x5f,    0x69,    
            0x6e,    0x6c,    0x69,    0x6e,    0x65,    0x29,    0x29,    0x0a,    0x66,    0x6c,    0x6f,    0x61,    0x74,    0x33,    0x20,    0x74,    
            0x6f,    0x6e,    0x65,    0x4d,    0x61,    0x70,    0x41,    0x43,    0x45,    0x53,    0x5f,    0x48,    0x69,    0x6c,    0x6c,    0x28,    
            0x74,    0x68,    0x72,    0x65,    0x61,    0x64,    0x20,    0x66,    0x6c,    0x6f,    0x61,    0x74,    0x33,    0x26,    0x20,    0x63,    
            0x29,    0x0a,    0x7b,    0x0a,    0x20,    0x20,    0x20,    0x20,    0x63,    0x20,    0x3d,    0x20,    0x66,    0x6c,    0x6f,    0x61,    
            0x74,    0x33,    0x78,    0x33,    0x28,    0x66,    0x6c,    0x6f,    0x61,    0x74,    0x33,    0x28,    0x30,    0x2e,    0x35,    0x39,    
            0x37,    0x31,    0x39,    0x30,    0x30,    0x32,    0x32,    0x34,    0x36,    0x38,    0x35,    0x36,    0x36,    0x38,    0x39,    0x34,    
            0x35,    0x33,    0x31,    0x32,    0x35,    0x2c,    0x20,    0x30,    0x2e,    0x30,    0x37,    0x35,    0x39,    0x39,    0x39,    0x39,    
            0x39,    0x37,    0x35,    0x35,    0x36,    0x32,    0x30,    0x39,    0x35,    0x36,    0x34,    0x32,    0x30,    0x38,    0x39,    0x38,    
            0x34,    0x33,    0x37,    0x35,    0x2c,    0x20,    0x30,    0x2e,    0x30,    0x32,    0x38,    0x34,    0x30,    0x30,    0x30,    0x30,    
            0x30,    0x31,    0x38,    0x34,    0x37,    0x37,    0x34,    0x33,    0x39,    0x38,    0x38,    0x30,    0x33,    0x37,    0x31,    0x30,    
            0x39,    0x33,    0x37,    0x35,    0x29,    0x2c,    0x20,    0x66,    0x6c,    0x6f,    0x61,    0x74,    0x33,    0x28,    0x30,    0x2e,    
            0x33,    0x35,    0x34,    0x35,    0x37,    0x39,    0x39,    0x38,    0x35,    0x31,    0x34,    0x31,    0x37,    0x35,    0x34,    0x31,    
            0x35,    0x30,    0x33,    0x39,    0x30,    0x36,    0x32,    0x35,    0x2c,    0x20,    0x30,    0x2e,    0x39,    0x30,    0x38,    0x33,    
            0x33,    0x39,    0x39,    0x37,    0x37,    0x32,    0x36,    0x34,    0x34,    0x30,    0x34,    0x32,    0x39,    0x36,    0x38,    0x37,    
            0x35,    0x2c,    0x20,    0x30,    0x2e,    0x31,    0x33,    0x33,    0x38,    0x32,    0x39,    0x39,    0x39,    0x35,    0x39,    0x38,    
            0x39,    0x37,    0x39,    0x39,    0x34,    0x39,    0x39,    0x35,    0x31,    0x31,    0x37,    0x31,    0x38,    0x37,    0x35,    0x29,    
            0x2c,    0x20,    0x66,    0x6c,    0x6f,    0x61,    0x74,    0x33,    0x28,    0x30,    0x2e,    0x30,    0x34,    0x38,    0x32,    0x32,    
            0x39,    0x39,    0x39,    0x39,    0x38,    0x34,    0x30,    0x32,    0x35,    0x39,    0x35,    0x35,    0x32,    0x30,    0x30,    0x31,    
            0x39,    0x35,    0x33,    0x31,    0x32,    0x35,    0x2c,    0x20,    0x30,    0x2e,    0x30,    0x31,    0x35,    0x36,    0x35,    0x39,    
            0x39,    0x39,    0x39,    0x31,    0x30,    0x32,    0x33,    0x35,    0x34,    0x30,    0x34,    0x39,    0x36,    0x38,    0x32,    0x36,    
            0x31,    0x37,    0x31,    0x38,    0x37,    0x35,    0x2c,    0x20,    0x30,    0x2e,    0x38,    0x33,    0x37,    0x37,    0x36,    0x39,    
            0x39,    0x38,    0x35,    0x31,    0x39,    0x38,    0x39,    0x37,    0x34,    0x36,    0x30,    0x39,    0x33,    0x37,    0x35,    0x29,    
            0x29,    0x20,    0x2a,    0x20,    0x63,    0x3b,    0x0a,    0x20,    0x20,    0x20,    0x20,    0x66,    0x6c,    0x6f,    0x61,    0x74,    
            0x33,    0x20,    0x70,    0x61,    0x72,    0x61,    0x6d,    0x20,    0x3d,    0x20,    0x63,    0x3b,    0x0a,    0x20,    0x20,    0x20,    
            0x20,    0x63,    0x20,    0x3d,    0x20,    0x52,    0x52,    0x54,    0x41,    0x6e,    0x64,    0x4f,    0x44,    0x54,    0x46,    0x69,    
            0x74,    0x28,    0x70,    0x61,    0x72,    0x61,    0x6d,    0x29,    0x3b,    0x0a,    0x20,    0x20,    0x20,    0x20,    0x63,    0x20,    
            0x3d,    0x20,    0x66,    0x6c,    0x6f,    0x61,    0x74,    0x33,    0x78,    0x33,    0x28,    0x66,    0x6c,    0x6f,    0x61,    0x74,    
            0x33,    0x28,    0x31,    0x2e,    0x36,    0x30,    0x34,    0x37,    0x35,    0x30,    0x30,    0x33,    0x37,    0x31,    0x39,    0x33,    
            0x32,    0x39,    0x38,    0x33,    0x33,    0x39,    0x38,    0x34,    0x33,    0x37,    0x35,    0x2c,    0x20,    0x2d,    0x30,    0x2e,    
            0x31,    0x30,    0x32,    0x30,    0x38,    0x30,    0x30,    0x30,    0x32,    0x34,    0x32,    0x37,    0x31,    0x30,    0x31,    0x31,    
            0x33,    0x35,    0x32,    0x35,    0x33,    0x39,    0x30,    0x36,    0x32,    0x35,    0x2c,    0x20,    0x2d,    0x30,    0x2e,    0x30,    
            0x30,    0x33,    0x32,    0x36,    0x39,    0x39,    0x39,    0x39,    0x39,    0x38,    0x36,    0x35,    0x31,    0x34,    0x34,    0x34,    
            0x39,    0x31,    0x31,    0x39,    0x35,    0x36,    0x37,    0x38,    0x37,    0x31,    0x30,    0x39,    0x33,    0x37,    0x35,    0x29,    
            0x2c,    0x20,    0x66,    0x6c,    0x6f,    0x61,    0x74,    0x33,    0x28,    0x2d,    0x30,    0x2e,    0x35,    0x33,    0x31,    0x30,    
            0x38,    0x30,    0x30,    0x30,    0x37,    0x35,    0x35,    0x33,    0x31,    0x30,    0x30,    0x35,    0x38,    0x35,    0x39,    0x33,    
            0x37,    0x35,    0x2c,    0x20,    0x31,    0x2e,    0x31,    0x30,    0x38,    0x31,    0x32,    0x39,    0x39,    0x37,    0x38,    0x31,    
            0x37,    0x39,    0x39,    0x33,    0x31,    0x36,    0x34,    0x30,    0x36,    0x32,    0x35,    0x2c,    0x20,    0x2d,    0x30,    0x2e,    
            0x30,    0x37,    0x32,    0x37,    0x36,    0x30,    0x30,    0x30,    0x30,    0x38,    0x32,    0x34,    0x39,    0x32,    0x38,    0x32,    
            0x38,    0x33,    0x36,    0x39,    0x31,    0x34,    0x30,    0x36,    0x32,    0x35,    0x29,    0x2c,    0x20,    0x66,    0x6c,    0x6f,    
            0x61,    0x74,    0x33,    0x28,    0x2d,    0x30,    0x2e,    0x30,    0x37,    0x33,    0x36,    0x36,    0x39,    0x39,    0x39,    0x39,    
            0x38,    0x33,    0x37,    0x38,    0x37,    0x35,    0x33,    0x36,    0x36,    0x32,    0x31,    0x30,    0x39,    0x33,    0x37,    0x35,    
            0x2c,    0x20,    0x2d,    0x30,    0x2e,    0x30,    0x30,    0x36,    0x30,    0x34,    0x39,    0x39,    0x39,    0x39,    0x39,    0x36,    
            0x37,    0x32,    0x31,    0x37,    0x34,    0x34,    0x35,    0x33,    0x37,    0x33,    0x35,    0x33,    0x35,    0x31,    0x35,    0x36,    
            0x32,    0x35,    0x2c,    0x20,    0x31,    0x2e,    0x30,    0x37,    0x36,    0x30,    0x32,    0x30,    0x30,    0x30,    0x32,    0x33,    
            0x36,    0x35,    0x31,    0x31,    0x32,    0x33,    0x30,    0x34,    0x36,    0x38,    0x37,    0x35,    0x29,    0x29,    0x20,    0x2a,    
            0x20,    0x63,    0x3b,    0x0a,    0x20,    0x20,    0x20,    0x20,    0x72,    0x65,    0x74,    0x75,    0x72,    0x6e,    0x20,    0x66,    
            0x61,    0x73,    0x74,    0x3a,    0x3a,    0x63,    0x6c,    0x61,    0x6d,    0x70,    0x28,    0x63,    0x2c,    0x20,    0x66,    0x6c,    
            0x6f,    0x61,    0x74,    0x33,    0x28,    0x30,    0x2e,    0x30,    0x29,    0x2c,    0x20,    0x66,    0x6c,    0x6f,    0x61,    0x74,    
            0x33,    0x28,    0x31,    0x2e,    0x30,    0x29,    0x29,    0x3b,    0x0a,    0x7d,    0x0a,    0x0a,    0x73,    0x74,    0x61,    0x74,    
            0x69,    0x63,    0x20,    0x69,    0x6e,    0x6c,    0x69,    0x6e,    0x65,    0x20,    0x5f,    0x5f,    0x61,    0x74,    0x74,    0x72,    
            0x69,    0x62,    0x75,    0x74,    0x65,    0x5f,    0x5f,    0x28,    0x28,    0x61,    0x6c,    0x77,    0x61,    0x79,    0x73,    0x5f,    
            0x69,    0x6e,    0x6c,    0x69,    0x6e,    0x65,    0x29,    0x29,    0x0a,    0x66,    0x6c,    0x6f,    0x61,    0x74,    0x33,    0x20,    
            0x74,    0x6f,    0x6e,    0x65,    0x4d,    0x61,    0x70,    0x4b,    0x68,    0x72,    0x50,    0x62,    0x72,    0x4e,    0x65,    0x75,    
            0x74,    0x72,    0x61,    0x6c,    0x28,    0x74,    0x68,    0x72,    0x65,    0x61,    0x64,    0x20,    0x66,    0x6c,    0x6f,    0x61,    
            0x74,    0x33,    0x26,    0x20,    0x63,    0x29,    0x0a,    0x7b,    0x0a,    0x20,    0x20,    0x20,    0x20,    0x66,    0x6c,    0x6f,    
            0x61,    0x74,    0x20,    0x5f,    0x31,    0x34,    0x30,    0x20,    0x3d,    0x20,    0x66,    0x61,    0x73,    0x74,    0x3a,    0x3a,    
            0x6d,    0x69,    0x6e,    0x28,    0x63,    0x2e,    0x78,    0x2c,    0x20,    0x66,    0x61,    0x73,    0x74,    0x3a,    0x3a,    0x6d,    
            0x69,    0x6e,    0x28,    0x63,    0x2e,    0x79,    0x2c,    0x20,    0x63,    0x2e,    0x7a,    0x29,    0x29,    0x3b,    0x0a,    0x20,    
            0x20,    0x20,    0x20,    0x66,    0x6c,    0x6f,    0x61,    0x74,    0x20,    0x5f,    0x31,    0x34,    0x36,    0x3b,    0x0a,    0x20,    
            0x20,    0x20,    0x20,    0x69,    0x66,    0x20,    0x28,    0x5f,    0x31,    0x34,    0x30,    0x20,    0x3c,    0x20,    0x30,    0x2e,    
            0x30,    0x37,    0x39,    0x39,    0x39,    0x39,    0x39,    0x39,    0x38,    0x32,    0x31,    0x31,    0x38,    0x36,    0x30,    0x36,    
            0x35,    0x36,    0x37,    0x33,    0x38,    0x32,    0x38,    0x31,    0x32,    0x35,    0x29,    0x0a,    0x20,    0x20,    0x20,    0x20,    
            0x7b,    0x0a,    0x20,    0x20,    0x20,    0x20,    0x20,    0x20,    0x20,    0x20,    0x5f,    0x31,    0x34,    0x36,    0x20,    0x3d,    
            0x20,    0x5f,    0x31,    0x34,    0x30,    0x20,    0x2d,    0x20,    0x28,    0x28,    0x36,    0x2e,    0x32,    0x35,    0x20,    0x2a,    
            0x20,    0x5f,    0x31,    0x34,    0x30,    0x29,    0x20,    0x2a,    0x20,    0x5f,    0x31,    0x34,    0x30,    0x29,    0x3b,    0x0a,    
            0x20,    0x20,    0x20,    0x20,    0x7d,    0x0a,    0x20,    0x20,    0x20,    0x20,    0x65,    0x6c,    0x73,    0x65,    0x0a,    0x20,    
            0x20,    0x20,    0x20,    0x7b,    0x0a,    0x20,    0x20,    0x20,    0x20,    0x20,    0x20,    0x20,    0x20,    0x5f,    0x31,    0x34,    
            0x36,    0x20,    0x3d,    0x20,    0x30,    0x2e,    0x30,    0x33,    0x39,    0x39,    0x39,    0x39,    0x39,    0x39,    0x39,    0x31,    
            0x30,    0x35,    0x39,    0x33,    0x30,    0x33,    0x32,    0x38,    0x33,    0x36,    0x39,    0x31,    0x34,    0x30,    0x36,    0x32,    
            0x35,    0x3b,    0x0a,    0x20,    0x20,    0x20,    0x20,    0x7d,    0x0a,    0x20,    0x20,    0x20,    0x20,    0x63,    0x20,    0x2d,    
            0x3d,    0x20,    0x66,    0x6c,    0x6f,    0x61,    0x74,    0x33,    0x28,    0x5f,    0x31,    0x34,    0x36,    0x29,    0x3b,    0x0a,    
            0x20,    0x20,    0x20,    0x20,    0x66,    0x6c,    0x6f,    0x61,    0x74,    0x20,    0x5f,    0x31,    0x36,    0x35,    0x20,    0x3d,    
            0x20,    0x63,    0x2e,    0x78,    0x3b,    0x0a,    0x20,    0x20,    0x20,    0x20,    0x66,    0x6c,    0x6f,    0x61,    0x74,    0x20,    
            0x5f,    0x31,    0x36,    0x37,    0x20,    0x3d,    0x20,    0x63,    0x2e,    0x79,    0x3b,    0x0a,    0x20,    0x20,    0x20,    0x20,    
            0x66,    0x6c,    0x6f,    0x61,    0x74,    0x20,    0x5f,    0x31,    0x36,    0x39,    0x20,    0x3d,    0x20,    0x63,    0x2e,    0x7a,    
            0x3b,    0x0a,    0x20,    0x20,    0x20,    0x20,    0x66,    0x6c,    0x6f,    0x61,    0x74,    0x20,    0x5f,    0x31,    0x37,    0x31,    
            0x20,    0x3d,    0x20,    0x66,    0x61,    0x73,    0x74,    0x3a,    0x3a,    0x6d,    0x61,    0x78,    0x28,    0x5f,    0x31,    0x36,    
            0x35,    0x2c,    0x20,    0x66,    0x61,    0x73,    0x74,    0x3a,    0x3a,    0x6d,    0x61,    0x78,    0x28,    0x5f,    0x31,    0x36,    
            0x37,    0x2c,    0x20,    0x5f,    0x31,    0x36,    0x39,    0x29,    0x29,    0x3b,    0x0a,    0x20,    0x20,    0x20,    0x20,    0x69,    
            0x66,    0x20,    0x28,    0x5f,    0x31,    0x37,    0x31,    0x20,    0x3c,    0x20,    0x30,    0x2e,    0x37,    0x35,    0x39,    0x39,    
            0x39,    0x39,    0x39,    0x39,    0x30,    0x34,    0x36,    0x33,    0x32,    0x35,    0x36,    0x38,    0x33,    0x35,    0x39,    0x33,    
            0x37,    0x35,    0x29,    0x0a,    0x20,    0x20,    0x20,    0x20,    0x7b,    0x0a,    0x20,    0x20,    0x20,    0x20,    0x20,    0x20,    
            0x20,    0x20,    0x72,    0x65,    0x74,    0x75,    0x72,    0x6e,    0x20,    0x63,    0x3b,    0x0a,    0x20,    0x20,    0x20,    0x20,    
            0x7d,    0x0a,    0x20,    0x20,    0x20,    0x20,    0x66,    0x6c,    0x6f,    0x61,    0x74,    0x20,    0x5f,    0x31,    0x38,    0x36,    
            0x20,    0x3d,    0x20,    0x31,    0x2e,    0x30,    0x20,    0x2d,    0x20,    0x28,    0x30,    0x2e,    0x30,    0x35,    0x37,    0x35,    
            0x39,    0x39,    0x39,    0x39,    0x39,    0x30,    0x31,    0x30,    0x35,    0x36,    0x32,    0x38,    0x39,    0x36,    0x37,    0x32,    
            0x38,    0x35,    0x31,    0x35,    0x36,    0x32,    0x35,    0x20,    0x2f,    0x20,    0x28,    0x5f,    0x31,    0x37,    0x31,    0x20,    
            0x2b,    0x20,    0x28,    0x2d,    0x30,    0x2e,    0x35,    0x31,    0x39,    0x39,    0x39,    0x39,    0x39,    0x38,    0x30,    0x39,    
            0x32,    0x36,    0x35,    0x31,    0x33,    0x36,    0x37,    0x31,    0x38,    0x37,    0x35,    0x29,    0x29,    0x29,    0x3b,    0x0a,    
            0x20,    0x20,    0x20,    0x20,    0x63,    0x20,    0x2a,    0x3d,    0x20,    0x28,    0x5f,    0x31,    0x38,    0x36,    0x20,    0x2f,    
            0x20,    0x5f,    0x31,    0x37,    0x31,    0x29,    0x3b,    0x0a,    0x20,    0x20,    0x20,    0x20,    0x72,    0x65,    0x74,    0x75,    
            0x72,    0x6e,    0x20,    0x6d,    0x69,    0x78,    0x28,    0x63,    0x2c,    0x20,    0x66,    0x6c,    0x6f,    0x61,    0x74,    0x33,    
            0x28,    0x31,    0x2e,    0x30,    0x29,    0x20,    0x2a,    0x20,    0x5f,    0x31,    0x38,    0x36,    0x2c,    0x20,    0x66,    0x6c,    
            0x6f,    0x61,    0x74,    0x33,    0x28,    0x31,    0x2e,    0x30,    0x20,    0x2d,    0x20,    0x28,    0x31,    0x2e,    0x30,    0x20,    
            0x2f,    0x20,    0x28,    0x28,    0x30,    0x2e,    0x31,    0x35,    0x30,    0x30,    0x30,    0x30,    0x30,    0x30,    0x35,    0x39,    
            0x36,    0x30,    0x34,    0x36,    0x34,    0x34,    0x37,    0x37,    0x35,    0x33,    0x39,    0x30,    0x36,    0x32,    0x35,    0x20,    
            0x2a,    0x20,    0x28,    0x5f,    0x31,    0x37,    0x31,    0x20,    0x2d,    0x20,    0x5f,    0x31,    0x38,    0x36,    0x29,    0x29,    
            0x20,    0x2b,    0x20,    0x31,    0x2e,    0x30,    0x29,    0x29,    0x29,    0x29,    0x3b,    0x0a,    0x7d,    0x0a,    0x0a,    0x73,    
            0x74,    0x61,    0x74,    0x69,    0x63,    0x20,    0x69,    0x6e,    0x6c,    0x69,    0x6e,    0x65,    0x20,    0x5f,    0x5f,    0x61,    
            0x74,    0x74,    0x72,    0x69,    0x62,    0x75,    0x74,    0x65,    0x5f,    0x5f,    0x28,    0x28,    0x61,    0x6c,    0x77,    0x61,    
            0x79,    0x73,    0x5f,    0x69,    0x6e,    0x6c,    0x69,    0x6e,    0x65,    0x29,    0x29,    0x0a,    0x66,    0x6c,    0x6f,    0x61,    
            0x74,    0x33,    0x20,    0x6c,    0x69,    0x6e,    0x65,    0x61,    0x72,    0x54,    0x6f,    0x53,    0x52,    0x47,    0x42,    0x28,    
            0x74,    0x68,    0x72,    0x65,    0x61,    0x64,    0x20,    0x63,    0x6f,    0x6e,    0x73,    0x74,    0x20,    0x66,    0x6c,    0x6f,    
            0x61,    0x74,    0x33,    0x26,    0x20,    0x63,    0x29,    0x0a,    0x7b,    0x0a,    0x20,    0x20,    0x20,    0x20,    0x72,    0x65,    
            0x74,    0x75,    0x72,    0x6e,    0x20,    0x70,    0x6f,    0x77,    0x72,    0x28,    0x66,    0x61,    0x73,    0x74,    0x3a,    0x3a,    
            0x6d,    0x61,    0x78,    0x28,    0x63,    0x2c,    0x20,    0x66,    0x6c,    0x6f,    0x61,    0x74,    0x33,    0x28,    0x30,    0x2e,    
            0x30,    0x29,    0x29,    0x2c,    0x20,    0x66,    0x6c,    0x6f,    0x61,    0x74,    0x33,    0x28,    0x30,    0x2e,    0x34,    0x35,    
            0x34,    0x35,    0x34,    0x35,    0x34,    0x36,    0x38,    0x30,    0x39,    0x31,    0x39,    0x36,    0x34,    0x37,    0x32,    0x31,    
            0x36,    0x37,    0x39,    0x36,    0x38,    0x37,    0x35,    0x29,    0x29,    0x3b,    0x0a,    0x7d,    0x0a,    0x0a,    0x66,    0x72,    
            0x61,    0x67,    0x6d,    0x65,    0x6e,    0x74,    0x20,    0x6d,    0x61,    0x69,    0x6e,    0x30,    0x5f,    0x6f,    0x75,    0x74,    
            0x20,    0x6d,    0x61,    0x69,    0x6e,    0x30,    0x28,    0x63,    0x6f,    0x6e,    0x73,    0x74,    0x61,    0x6e,    0x74,    0x20,    
            0x74,    0x6f,    0x6e,    0x65,    0x6d,    0x61,    0x70,    0x5f,    0x70,    0x61,    0x72,    0x61,    0x6d,    0x73,    0x26,    0x20,    
            0x5f,    0x32,    0x34,    0x34,    0x20,    0x5b,    0x5b,    0x62,    0x75,    0x66,    0x66,    0x65,    0x72,    0x28,    0x30,    0x29,    
            0x5d,    0x5d,    0x2c,    0x20,    0x74,    0x65,    0x78,    0x74,    0x75,    0x72,    0x65,    0x32,    0x64,    0x3c,    0x66,    0x6c,    
            0x6f,    0x61,    0x74,    0x3e,    0x20,    0x68,    0x64,    0x72,    0x5f,    0x74,    0x65,    0x78,    0x20,    0x5b,    0x5b,    0x74,    
            0x65,    0x78,    0x74,    0x75,    0x72,    0x65,    0x28,    0x30,    0x29,    0x5d,    0x5d,    0x2c,    0x20,    0x73,    0x61,    0x6d,    
            0x70,    0x6c,    0x65,    0x72,    0x20,    0x68,    0x64,    0x72,    0x5f,    0x73,    0x6d,    0x70,    0x20,    0x5b,    0x5b,    0x73,    
            0x61,    0x6d,    0x70,    0x6c,    0x65,    0x72,    0x28,    0x30,    0x29,    0x5d,    0x5d,    0x2c,    0x20,    0x66,    0x6c,    0x6f,    
            0x61,    0x74,    0x34,    0x20,    0x67,    0x6c,    0x5f,    0x46,    0x72,    0x61,    0x67,    0x43,    0x6f,    0x6f,    0x72,    0x64,    
            0x20,    0x5b,    0x5b,    0x70,    0x6f,    0x73,    0x69,    0x74,    0x69,    0x6f,    0x6e,    0x5d,    0x5d,    0x29,    0x0a,    0x7b,    
            0x0a,    0x20,    0x20,    0x20,    0x20,    0x6d,    0x61,    0x69,    0x6e,    0x30,    0x5f,    0x6f,    0x75,    0x74,    0x20,    0x6f,    
            0x75,    0x74,    0x20,    0x3d,    0x20,    0x7b,    0x7d,    0x3b,    0x0a,    0x20,    0x20,    0x20,    0x20,    0x66,    0x6c,    0x6f,    
            0x61,    0x74,    0x33,    0x20,    0x63,    0x6f,    0x6c,    0x6f,    0x72,    0x20,    0x3d,    0x20,    0x68,    0x64,    0x72,    0x5f,    
            0x74,    0x65,    0x78,    0x2e,    0x73,    0x61,    0x6d,    0x70,    0x6c,    0x65,    0x28,    0x68,    0x64,    0x72,    0x5f,    0x73,    
            0x6d,    0x70,    0x2c,    0x20,    0x28,    0x67,    0x6c,    0x5f,    0x46,    0x72,    0x61,    0x67,    0x43,    0x6f,    0x6f,    0x72,    
            0x64,    0x2e,    0x78,    0x79,    0x20,    0x2f,    0x20,    0x66,    0x6c,    0x6f,    0x61,    0x74,    0x32,    0x28,    0x69,    0x6e,    
            0x74,    0x32,    0x28,    0x68,    0x64,    0x72,    0x5f,    0x74,    0x65,    0x78,    0x2e,    0x67,    0x65,    0x74,    0x5f,    0x77,    
            0x69,    0x64,    0x74,    0x68,    0x28,    0x29,    0x2c,    0x20,    0x68,    0x64,    0x72,    0x5f,    0x74,    0x65,    0x78,    0x2e,    
            0x67,    0x65,    0x74,    0x5f,    0x68,    0x65,    0x69,    0x67,    0x68,    0x74,    0x28,    0x29,    0x29,    0x29,    0x29,    0x29,    
            0x2e,    0x78,    0x79,    0x7a,    0x20,    0x2a,    0x20,    0x5f,    0x32,    0x34,    0x34,    0x2e,    0x75,    0x5f,    0x45,    0x78,    
            0x70,    0x6f,    0x73,    0x75,    0x72,    0x65,    0x3b,    0x0a,    0x20,    0x20,    0x20,    0x20,    0x69,    0x66,    0x20,    0x28,    
            0x5f,    0x32,    0x34,    0x34,    0x2e,    0x75,    0x5f,    0x54,    0x79,    0x70,    0x65,    0x20,    0x3d,    0x3d,    0x20,    0x31,    
            0x29,    0x0a,    0x20,    0x20,    0x20,    0x20,    0x7b,    0x0a,    0x20,    0x20,    0x20,    0x20,    0x20,    0x20,    0x20,    0x20,    
            0x66,    0x6c,    0x6f,    0x61,    0x74,    0x33,    0x20,    0x70,    0x61,    0x72,    0x61,    0x6d,    0x20,    0x3d,    0x20,    0x63,    
            0x6f,    0x6c,    0x6f,    0x72,    0x3b,    0x0a,    0x20,    0x20,    0x20,    0x20,    0x20,    0x20,    0x20,    0x20,    0x63,    0x6f,    
            0x6c,    0x6f,    0x72,    0x20,    0x3d,    0x20,    0x74,    0x6f,    0x6e,    0x65,    0x4d,    0x61,    0x70,    0x41,    0x43,    0x45,    
            0x53,    0x5f,    0x4e,    0x61,    0x72,    0x6b,    0x6f,    0x77,    0x69,    0x63,    0x7a,    0x28,    0x70,    0x61,    0x72,    0x61,    
            0x6d,    0x29,    0x3b,    0x0a,    0x20,    0x20,    0x20,    0x20,    0x7d,    0x0a,    0x20,    0x20,    0x20,    0x20,    0x65,    0x6c,    
            0x73,    0x65,    0x0a,    0x20,    0x20,    0x20,    0x20,    0x7b,    0x0a,    0x20,    0x20,    0x20,    0x20,    0x20,    0x20,    0x20,    
            0x20,    0x69,    0x66,    0x20,    0x28,    0x5f,    0x32,    0x34,    0x34,    0x2e,    0x75,    0x5f,    0x54,    0x79,    0x70,    0x65,    
            0x20,    0x3d,    0x3d,    0x20,    0x32,    0x29,    0x0a,    0x20,    0x20,    0x20,    0x20,    0x20,    0x20,    0x20,    0x20,    0x7b,    
            0x0a,    0x20,    0x20,    0x20,    0x20,    0x20,    0x20,    0x20,    0x20,    0x20,    0x20,    0x20,    0x20,    0x66,    0x6c,    0x6f,    
            0x61,    0x74,    0x33,    0x20,    0x70,    0x61,    0x72,    0x61,    0x6d,    0x5f,    0x31,    0x20,    0x3d,    0x20,    0x63,    0x6f,    
            0x6c,    0x6f,    0x72,    0x3b,    0x0a,    0x20,    0x20,    0x20,    0x20,    0x20,    0x20,    0x20,    0x20,    0x20,    0x20,    0x20,    
            0x20,    0x66,    0x6c,    0x6f,    0x61,    0x74,    0x33,    0x20,    0x5f,    0x32,    0x36,    0x39,    0x20,    0x3d,    0x20,    0x74,    
            0x6f,    0x6e,    0x65,    0x4d,    0x61,    0x70,    0x41,    0x43,    0x45,    0x53,    0x5f,    0x48,    0x69,    0x6c,    0x6c,    0x28,    
            0x70,    0x61,    0x72,    0x61,    0x6d,    0x5f,    0x31,    0x29,    0x3b,    0x0a,    0x20,    0x20,    0x20,    0x20,    0x20,    0x20,    
            0x20,    0x20,    0x20,    0x20,    0x20,    0x20,    0x63,    0x6f,    0x6c,    0x6f,    0x72,    0x20,    0x3d,    0x20,    0x5f,    0x32,    
            0x36,    0x39,    0x3b,    0x0a,    0x20,    0x20,    0x20,    0x20,    0x20,    0x20,    0x20,    0x20,    0x7d,    0x0a,    0x20,    0x20,    
            0x20,    0x20,    0x20,    0x20,    0x20,    0x20,    0x65,    0x6c,    0x73,    0x65,    0x0a,    0x20,    0x20,    0x20,    0x20,    0x20,    
            0x20,    0x20,    0x20,    0x7b,    0x0a,    0x20,    0x20,    0x20,    0x20,    0x20,    0x20,    0x20,    0x20,    0x20,    0x20,    0x20,    
            0x20,    0x69,    0x66,    0x20,    0x28,    0x5f,    0x32,    0x34,    0x34,    0x2e,    0x75,    0x5f,    0x54,    0x79,    0x70,    0x65,    
            0x20,    0x3d,    0x3d,    0x20,    0x33,    0x29,    0x0a,    0x20,    0x20,    0x20,    0x20,    0x20,    0x20,    0x20,    0x20,    0x20,    
            0x20,    0x20,    0x20,    0x7b,    0x0a,    0x20,    0x20,    0x20,    0x20,    0x20,    0x20,    0x20,    0x20,    0x20,    0x20,    0x20,    
            0x20,    0x20,    0x20,    0x20,    0x20,    0x66,    0x6c,    0x6f,    0x61,    0x74,    0x33,    0x20,    0x70,    0x61,    0x72,    0x61,    
            0x6d,    0x5f,    0x32,    0x20,    0x3d,    0x20,    0x63,    0x6f,    0x6c,    0x6f,    0x72,    0x3b,    0x0a,    0x20,    0x20,    0x20,    
            0x20,    0x20,    0x20,    0x20,    0x20,    0x20,    0x20,    0x20,    0x20,    0x20,    0x20,    0x20,    0x20,    0x66,    0x6c,    0x6f,    
            0x61,    0x74,    0x33,    0x20,    0x5f,    0x32,    0x37,    0x39,    0x20,    0x3d,    0x20,    0x74,    0x6f,    0x6e,    0x65,    0x4d,    
            0x61,    0x70,    0x4b,    0x68,    0x72,    0x50,    0x62,    0x72,    0x4e,    0x65,    0x75,    0x74,    0x72,    0x61,    0x6c,    0x28,    
            0x70,    0x61,    0x72,    0x61,    0x6d,    0x5f,    0x32,    0x29,    0x3b,    0x0a,    0x20,    0x20,    0x20,    0x20,    0x20,    0x20,    
            0x20,    0x20,    0x20,    0x20,    0x20,    0x20,    0x20,    0x20,    0x20,    0x20,    0x63,    0x6f,    0x6c,    0x6f,    0x72,    0x20,    
            0x3d,    0x20,    0x5f,    0x32,    0x37,    0x39,    0x3b,    0x0a,    0x20,    0x20,    0x20,    0x20,    0x20,    0x20,    0x20,    0x20,    
            0x20,    0x20,    0x20,    0x20,    0x7d,    0x0a,    0x20,    0x20,    0x20,    0x20,    0x20,    0x20,    0x20,    0x20,    0x7d,    0x0a,    
            0x20,    0x20,    0x20,    0x20,    0x7d,    0x0a,    0x20,    0x20,    0x20,    0x20,    0x66,    0x6c,    0x6f,    0x61,    0x74,    0x33,    
            0x20,    0x70,    0x61,    0x72,    0x61,    0x6d,    0x5f,    0x33,    0x20,    0x3d,    0x20,    0x63,    0x6f,    0x6c,    0x6f,    0x72,    
            0x3b,    0x0a,    0x20,    0x20,    0x20,    0x20,    0x6f,    0x75,    0x74,    0x2e,    0x66,    0x72,    0x61,    0x67,    0x5f,    0x63,    
            0x6f,    0x6c,    0x6f,    0x72,    0x20,    0x3d,    0x20,    0x66,    0x6c,    0x6f,    0x61,    0x74,    0x34,    0x28,    0x6c,    0x69,    
            0x6e,    0x65,    0x61,    0x72,    0x54,    0x6f,    0x53,    0x52,    0x47,    0x42,    0x28,    0x70,    0x61,    0x72,    0x61,    0x6d,    
            0x5f,    0x33,    0x29,    0x2c,    0x20,    0x31,    0x2e,    0x30,    0x29,    0x3b,    0x0a,    0x20,    0x20,    0x20,    0x20,    0x72,    
            0x65,    0x74,    0x75,    0x72,    0x6e,    0x20,    0x6f,    0x75,    0x74,    0x3b,    0x0a,    0x7d,    0x0a,    0x0a,    0x00,    
};
    /*
        #include <metal_stdlib>
        #include <simd/simd.h>

        using namespace metal;

        struct main0_out
        {
            float4 gl_Position [[position]];
        };

        vertex main0_out main0(uint gl_VertexIndex [[vertex_id]])
        {
            main0_out out = {};
            out.gl_Position = float4((float2(float((int(gl_VertexIndex) << 1) & 2), float(int(gl_VertexIndex) & 2)) * 2.0) - float2(1.0), 0.0, 1.0);
            return out;
        }

    */
    static readonly byte[] tonemap_pass_tonemap_vs_source_metal_ios = {
            0x23,    0x69,    0x6e,    0x63,    0x6c,    0x75,    0x64,    0x65,    0x20,    0x3c,    0x6d,    0x65,    0x74,    0x61,    0x6c,    0x5f,    
            0x73,    0x74,    0x64,    0x6c,    0x69,    0x62,    0x3e,    0x0a,    0x23,    0x69,    0x6e,    0x63,    0x6c,    0x75,    0x64,    0x65,    
            0x20,    0x3c,    0x73,    0x69,    0x6d,    0x64,    0x2f,    0x73,    0x69,    0x6d,    0x64,    0x2e,    0x68,    0x3e,    0x0a,    0x0a,    
            0x75,    0x73,    0x69,    0x6e,    0x67,    0x20,    0x6e,    0x61,    0x6d,    0x65,    0x73,    0x70,    0x61,    0x63,    0x65,    0x20,    
            0x6d,    0x65,    0x74,    0x61,    0x6c,    0x3b,    0x0a,    0x0a,    0x73,    0x74,    0x72,    0x75,    0x63,    0x74,    0x20,    0x6d,    
            0x61,    0x69,    0x6e,    0x30,    0x5f,    0x6f,    0x75,    0x74,    0x0a,    0x7b,    0x0a,    0x20,    0x20,    0x20,    0x20,    0x66,    
            0x6c,    0x6f,    0x61,    0x74,    0x34,    0x20,    0x67,    0x6c,    0x5f,    0x50,    0x6f,    0x73,    0x69,    0x74,    0x69,    0x6f,    
            0x6e,    0x20,    0x5b,    0x5b,    0x70,    0x6f,    0x73,    0x69,    0x74,    0x69,    0x6f,    0x6e,    0x5d,    0x5d,    0x3b,    0x0a,    
            0x7d,    0x3b,    0x0a,    0x0a,    0x76,    0x65,    0x72,    0x74,    0x65,    0x78,    0x20,    0x6d,    0x61,    0x69,    0x6e,    0x30,    
            0x5f,    0x6f,    0x75,    0x74,    0x20,    0x6d,    0x61,    0x69,    0x6e,    0x30,    0x28,    0x75,    0x69,    0x6e,    0x74,    0x20,    
            0x67,    0x6c,    0x5f,    0x56,    0x65,    0x72,    0x74,    0x65,    0x78,    0x49,    0x6e,    0x64,    0x65,    0x78,    0x20,    0x5b,    
            0x5b,    0x76,    0x65,    0x72,    0x74,    0x65,    0x78,    0x5f,    0x69,    0x64,    0x5d,    0x5d,    0x29,    0x0a,    0x7b,    0x0a,    
            0x20,    0x20,    0x20,    0x20,    0x6d,    0x61,    0x69,    0x6e,    0x30,    0x5f,    0x6f,    0x75,    0x74,    0x20,    0x6f,    0x75,    
            0x74,    0x20,    0x3d,    0x20,    0x7b,    0x7d,    0x3b,    0x0a,    0x20,    0x20,    0x20,    0x20,    0x6f,    0x75,    0x74,    0x2e,    
            0x67,    0x6c,    0x5f,    0x50,    0x6f,    0x73,    0x69,    0x74,    0x69,    0x6f,    0x6e,    0x20,    0x3d,    0x20,    0x66,    0x6c,    
            0x6f,    0x61,    0x74,    0x34,    0x28,    0x28,    0x66,    0x6c,    0x6f,    0x61,    0x74,    0x32,    0x28,    0x66,    0x6c,    0x6f,    
            0x61,    0x74,    0x28,    0x28,    0x69,    0x6e,    0x74,    0x28,    0x67,    0x6c,    0x5f,    0x56,    0x65,    0x72,    0x74,    0x65,    
            0x78,    0x49,    0x6e,    0x64,    0x65,    0x78,    0x29,    0x20,    0x3c,    0x3c,    0x20,    0x31,    0x29,    0x20,    0x26,    0x20,    
            0x32,    0x29,    0x2c,    0x20,    0x66,    0x6c,    0x6f,    0x61,    0x74,    0x28,    0x69,    0x6e,    0x74,    0x28,    0x67,    0x6c,    
            0x5f,    0x56,    0x65,    0x72,    0x74,    0x65,    0x78,    0x49,    0x6e,    0x64,    0x65,    0x78,    0x29,    0x20,    0x26,    0x20,    
            0x32,    0x29,    0x29,    0x20,    0x2a,    0x20,    0x32,    0x2e,    0x30,    0x29,    0x20,    0x2d,    0x20,    0x66,    0x6c,    0x6f,    
            0x61,    0x74,    0x32,    0x28,    0x31,    0x2e,    0x30,    0x29,    0x2c,    0x20,    0x30,    0x2e,    0x30,    0x2c,    0x20,    0x31,    
            0x2e,    0x30,    0x29,    0x3b,    0x0a,    0x20,    0x20,    0x20,    0x20,    0x72,    0x65,    0x74,    0x75,    0x72,    0x6e,    0x20,    
            0x6f,    0x75,    0x74,    0x3b,    0x0a,    0x7d,    0x0a,    0x0a,    0x00,    
};
    /*
        #pragma clang diagnostic ignored "-Wmissing-prototypes"

        #include <metal_stdlib>
        #include <simd/simd.h>

        using namespace metal;

        struct tonemap_params
        {
            float u_Exposure;
            int u_Type;
            float _pad0;
            float _pad1;
        };

        struct main0_out
        {
            float4 frag_color [[color(0)]];
        };

        static inline __attribute__((always_inline))
        float3 toneMapACES_Narkowicz(thread const float3& c)
        {
            return fast::clamp((c * ((c * 2.5099999904632568359375) + float3(0.02999999932944774627685546875))) / ((c * ((c * 2.4300000667572021484375) + float3(0.589999973773956298828125))) + float3(0.14000000059604644775390625)), float3(0.0), float3(1.0));
        }

        static inline __attribute__((always_inline))
        float3 RRTAndODTFit(thread const float3& c)
        {
            return ((c * (c + float3(0.02457859925925731658935546875))) - float3(9.0537003416102379560470581054688e-05)) / ((c * ((c * 0.98372900485992431640625) + float3(0.4329510033130645751953125))) + float3(0.23808099329471588134765625));
        }

        static inline __attribute__((always_inline))
        float3 toneMapACES_Hill(thread float3& c)
        {
            c = float3x3(float3(0.59719002246856689453125, 0.075999997556209564208984375, 0.0284000001847743988037109375), float3(0.354579985141754150390625, 0.908339977264404296875, 0.13382999598979949951171875), float3(0.048229999840259552001953125, 0.0156599991023540496826171875, 0.837769985198974609375)) * c;
            float3 param = c;
            c = RRTAndODTFit(param);
            c = float3x3(float3(1.60475003719329833984375, -0.10208000242710113525390625, -0.00326999998651444911956787109375), float3(-0.5310800075531005859375, 1.108129978179931640625, -0.07276000082492828369140625), float3(-0.0736699998378753662109375, -0.00604999996721744537353515625, 1.0760200023651123046875)) * c;
            return fast::clamp(c, float3(0.0), float3(1.0));
        }

        static inline __attribute__((always_inline))
        float3 toneMapKhrPbrNeutral(thread float3& c)
        {
            float _140 = fast::min(c.x, fast::min(c.y, c.z));
            float _146;
            if (_140 < 0.07999999821186065673828125)
            {
                _146 = _140 - ((6.25 * _140) * _140);
            }
            else
            {
                _146 = 0.039999999105930328369140625;
            }
            c -= float3(_146);
            float _165 = c.x;
            float _167 = c.y;
            float _169 = c.z;
            float _171 = fast::max(_165, fast::max(_167, _169));
            if (_171 < 0.7599999904632568359375)
            {
                return c;
            }
            float _186 = 1.0 - (0.057599999010562896728515625 / (_171 + (-0.519999980926513671875)));
            c *= (_186 / _171);
            return mix(c, float3(1.0) * _186, float3(1.0 - (1.0 / ((0.1500000059604644775390625 * (_171 - _186)) + 1.0))));
        }

        static inline __attribute__((always_inline))
        float3 linearToSRGB(thread const float3& c)
        {
            return powr(fast::max(c, float3(0.0)), float3(0.4545454680919647216796875));
        }

        fragment main0_out main0(constant tonemap_params& _244 [[buffer(0)]], texture2d<float> hdr_tex [[texture(0)]], sampler hdr_smp [[sampler(0)]], float4 gl_FragCoord [[position]])
        {
            main0_out out = {};
            float3 color = hdr_tex.sample(hdr_smp, (gl_FragCoord.xy / float2(int2(hdr_tex.get_width(), hdr_tex.get_height())))).xyz * _244.u_Exposure;
            if (_244.u_Type == 1)
            {
                float3 param = color;
                color = toneMapACES_Narkowicz(param);
            }
            else
            {
                if (_244.u_Type == 2)
                {
                    float3 param_1 = color;
                    float3 _269 = toneMapACES_Hill(param_1);
                    color = _269;
                }
                else
                {
                    if (_244.u_Type == 3)
                    {
                        float3 param_2 = color;
                        float3 _279 = toneMapKhrPbrNeutral(param_2);
                        color = _279;
                    }
                }
            }
            float3 param_3 = color;
            out.frag_color = float4(linearToSRGB(param_3), 1.0);
            return out;
        }

    */
    static readonly byte[] tonemap_pass_tonemap_fs_source_metal_ios = {
            0x23,    0x70,    0x72,    0x61,    0x67,    0x6d,    0x61,    0x20,    0x63,    0x6c,    0x61,    0x6e,    0x67,    0x20,    0x64,    0x69,    
            0x61,    0x67,    0x6e,    0x6f,    0x73,    0x74,    0x69,    0x63,    0x20,    0x69,    0x67,    0x6e,    0x6f,    0x72,    0x65,    0x64,    
            0x20,    0x22,    0x2d,    0x57,    0x6d,    0x69,    0x73,    0x73,    0x69,    0x6e,    0x67,    0x2d,    0x70,    0x72,    0x6f,    0x74,    
            0x6f,    0x74,    0x79,    0x70,    0x65,    0x73,    0x22,    0x0a,    0x0a,    0x23,    0x69,    0x6e,    0x63,    0x6c,    0x75,    0x64,    
            0x65,    0x20,    0x3c,    0x6d,    0x65,    0x74,    0x61,    0x6c,    0x5f,    0x73,    0x74,    0x64,    0x6c,    0x69,    0x62,    0x3e,    
            0x0a,    0x23,    0x69,    0x6e,    0x63,    0x6c,    0x75,    0x64,    0x65,    0x20,    0x3c,    0x73,    0x69,    0x6d,    0x64,    0x2f,    
            0x73,    0x69,    0x6d,    0x64,    0x2e,    0x68,    0x3e,    0x0a,    0x0a,    0x75,    0x73,    0x69,    0x6e,    0x67,    0x20,    0x6e,    
            0x61,    0x6d,    0x65,    0x73,    0x70,    0x61,    0x63,    0x65,    0x20,    0x6d,    0x65,    0x74,    0x61,    0x6c,    0x3b,    0x0a,    
            0x0a,    0x73,    0x74,    0x72,    0x75,    0x63,    0x74,    0x20,    0x74,    0x6f,    0x6e,    0x65,    0x6d,    0x61,    0x70,    0x5f,    
            0x70,    0x61,    0x72,    0x61,    0x6d,    0x73,    0x0a,    0x7b,    0x0a,    0x20,    0x20,    0x20,    0x20,    0x66,    0x6c,    0x6f,    
            0x61,    0x74,    0x20,    0x75,    0x5f,    0x45,    0x78,    0x70,    0x6f,    0x73,    0x75,    0x72,    0x65,    0x3b,    0x0a,    0x20,    
            0x20,    0x20,    0x20,    0x69,    0x6e,    0x74,    0x20,    0x75,    0x5f,    0x54,    0x79,    0x70,    0x65,    0x3b,    0x0a,    0x20,    
            0x20,    0x20,    0x20,    0x66,    0x6c,    0x6f,    0x61,    0x74,    0x20,    0x5f,    0x70,    0x61,    0x64,    0x30,    0x3b,    0x0a,    
            0x20,    0x20,    0x20,    0x20,    0x66,    0x6c,    0x6f,    0x61,    0x74,    0x20,    0x5f,    0x70,    0x61,    0x64,    0x31,    0x3b,    
            0x0a,    0x7d,    0x3b,    0x0a,    0x0a,    0x73,    0x74,    0x72,    0x75,    0x63,    0x74,    0x20,    0x6d,    0x61,    0x69,    0x6e,    
            0x30,    0x5f,    0x6f,    0x75,    0x74,    0x0a,    0x7b,    0x0a,    0x20,    0x20,    0x20,    0x20,    0x66,    0x6c,    0x6f,    0x61,    
            0x74,    0x34,    0x20,    0x66,    0x72,    0x61,    0x67,    0x5f,    0x63,    0x6f,    0x6c,    0x6f,    0x72,    0x20,    0x5b,    0x5b,    
            0x63,    0x6f,    0x6c,    0x6f,    0x72,    0x28,    0x30,    0x29,    0x5d,    0x5d,    0x3b,    0x0a,    0x7d,    0x3b,    0x0a,    0x0a,    
            0x73,    0x74,    0x61,    0x74,    0x69,    0x63,    0x20,    0x69,    0x6e,    0x6c,    0x69,    0x6e,    0x65,    0x20,    0x5f,    0x5f,    
            0x61,    0x74,    0x74,    0x72,    0x69,    0x62,    0x75,    0x74,    0x65,    0x5f,    0x5f,    0x28,    0x28,    0x61,    0x6c,    0x77,    
            0x61,    0x79,    0x73,    0x5f,    0x69,    0x6e,    0x6c,    0x69,    0x6e,    0x65,    0x29,    0x29,    0x0a,    0x66,    0x6c,    0x6f,    
            0x61,    0x74,    0x33,    0x20,    0x74,    0x6f,    0x6e,    0x65,    0x4d,    0x61,    0x70,    0x41,    0x43,    0x45,    0x53,    0x5f,    
            0x4e,    0x61,    0x72,    0x6b,    0x6f,    0x77,    0x69,    0x63,    0x7a,    0x28,    0x74,    0x68,    0x72,    0x65,    0x61,    0x64,    
            0x20,    0x63,    0x6f,    0x6e,    0x73,    0x74,    0x20,    0x66,    0x6c,    0x6f,    0x61,    0x74,    0x33,    0x26,    0x20,    0x63,    
            0x29,    0x0a,    0x7b,    0x0a,    0x20,    0x20,    0x20,    0x20,    0x72,    0x65,    0x74,    0x75,    0x72,    0x6e,    0x20,    0x66,    
            0x61,    0x73,    0x74,    0x3a,    0x3a,    0x63,    0x6c,    0x61,    0x6d,    0x70,    0x28,    0x28,    0x63,    0x20,    0x2a,    0x20,    
            0x28,    0x28,    0x63,    0x20,    0x2a,    0x20,    0x32,    0x2e,    0x35,    0x30,    0x39,    0x39,    0x39,    0x39,    0x39,    0x39,    
            0x30,    0x34,    0x36,    0x33,    0x32,    0x35,    0x36,    0x38,    0x33,    0x35,    0x39,    0x33,    0x37,    0x35,    0x29,    0x20,    
            0x2b,    0x20,    0x66,    0x6c,    0x6f,    0x61,    0x74,    0x33,    0x28,    0x30,    0x2e,    0x30,    0x32,    0x39,    0x39,    0x39,    
            0x39,    0x39,    0x39,    0x39,    0x33,    0x32,    0x39,    0x34,    0x34,    0x37,    0x37,    0x34,    0x36,    0x32,    0x37,    0x36,    
            0x38,    0x35,    0x35,    0x34,    0x36,    0x38,    0x37,    0x35,    0x29,    0x29,    0x29,    0x20,    0x2f,    0x20,    0x28,    0x28,    
            0x63,    0x20,    0x2a,    0x20,    0x28,    0x28,    0x63,    0x20,    0x2a,    0x20,    0x32,    0x2e,    0x34,    0x33,    0x30,    0x30,    
            0x30,    0x30,    0x30,    0x36,    0x36,    0x37,    0x35,    0x37,    0x32,    0x30,    0x32,    0x31,    0x34,    0x38,    0x34,    0x33,    
            0x37,    0x35,    0x29,    0x20,    0x2b,    0x20,    0x66,    0x6c,    0x6f,    0x61,    0x74,    0x33,    0x28,    0x30,    0x2e,    0x35,    
            0x38,    0x39,    0x39,    0x39,    0x39,    0x39,    0x37,    0x33,    0x37,    0x37,    0x33,    0x39,    0x35,    0x36,    0x32,    0x39,    
            0x38,    0x38,    0x32,    0x38,    0x31,    0x32,    0x35,    0x29,    0x29,    0x29,    0x20,    0x2b,    0x20,    0x66,    0x6c,    0x6f,    
            0x61,    0x74,    0x33,    0x28,    0x30,    0x2e,    0x31,    0x34,    0x30,    0x30,    0x30,    0x30,    0x30,    0x30,    0x30,    0x35,    
            0x39,    0x36,    0x30,    0x34,    0x36,    0x34,    0x34,    0x37,    0x37,    0x35,    0x33,    0x39,    0x30,    0x36,    0x32,    0x35,    
            0x29,    0x29,    0x2c,    0x20,    0x66,    0x6c,    0x6f,    0x61,    0x74,    0x33,    0x28,    0x30,    0x2e,    0x30,    0x29,    0x2c,    
            0x20,    0x66,    0x6c,    0x6f,    0x61,    0x74,    0x33,    0x28,    0x31,    0x2e,    0x30,    0x29,    0x29,    0x3b,    0x0a,    0x7d,    
            0x0a,    0x0a,    0x73,    0x74,    0x61,    0x74,    0x69,    0x63,    0x20,    0x69,    0x6e,    0x6c,    0x69,    0x6e,    0x65,    0x20,    
            0x5f,    0x5f,    0x61,    0x74,    0x74,    0x72,    0x69,    0x62,    0x75,    0x74,    0x65,    0x5f,    0x5f,    0x28,    0x28,    0x61,    
            0x6c,    0x77,    0x61,    0x79,    0x73,    0x5f,    0x69,    0x6e,    0x6c,    0x69,    0x6e,    0x65,    0x29,    0x29,    0x0a,    0x66,    
            0x6c,    0x6f,    0x61,    0x74,    0x33,    0x20,    0x52,    0x52,    0x54,    0x41,    0x6e,    0x64,    0x4f,    0x44,    0x54,    0x46,    
            0x69,    0x74,    0x28,    0x74,    0x68,    0x72,    0x65,    0x61,    0x64,    0x20,    0x63,    0x6f,    0x6e,    0x73,    0x74,    0x20,    
            0x66,    0x6c,    0x6f,    0x61,    0x74,    0x33,    0x26,    0x20,    0x63,    0x29,    0x0a,    0x7b,    0x0a,    0x20,    0x20,    0x20,    
            0x20,    0x72,    0x65,    0x74,    0x75,    0x72,    0x6e,    0x20,    0x28,    0x28,    0x63,    0x20,    0x2a,    0x20,    0x28,    0x63,    
            0x20,    0x2b,    0x20,    0x66,    0x6c,    0x6f,    0x61,    0x74,    0x33,    0x28,    0x30,    0x2e,    0x30,    0x32,    0x34,    0x35,    
            0x37,    0x38,    0x35,    0x39,    0x39,    0x32,    0x35,    0x39,    0x32,    0x35,    0x37,    0x33,    0x31,    0x36,    0x35,    0x38,    
            0x39,    0x33,    0x35,    0x35,    0x34,    0x36,    0x38,    0x37,    0x35,    0x29,    0x29,    0x29,    0x20,    0x2d,    0x20,    0x66,    
            0x6c,    0x6f,    0x61,    0x74,    0x33,    0x28,    0x39,    0x2e,    0x30,    0x35,    0x33,    0x37,    0x30,    0x30,    0x33,    0x34,    
            0x31,    0x36,    0x31,    0x30,    0x32,    0x33,    0x37,    0x39,    0x35,    0x36,    0x30,    0x34,    0x37,    0x30,    0x35,    0x38,    
            0x31,    0x30,    0x35,    0x34,    0x36,    0x38,    0x38,    0x65,    0x2d,    0x30,    0x35,    0x29,    0x29,    0x20,    0x2f,    0x20,    
            0x28,    0x28,    0x63,    0x20,    0x2a,    0x20,    0x28,    0x28,    0x63,    0x20,    0x2a,    0x20,    0x30,    0x2e,    0x39,    0x38,    
            0x33,    0x37,    0x32,    0x39,    0x30,    0x30,    0x34,    0x38,    0x35,    0x39,    0x39,    0x32,    0x34,    0x33,    0x31,    0x36,    
            0x34,    0x30,    0x36,    0x32,    0x35,    0x29,    0x20,    0x2b,    0x20,    0x66,    0x6c,    0x6f,    0x61,    0x74,    0x33,    0x28,    
            0x30,    0x2e,    0x34,    0x33,    0x32,    0x39,    0x35,    0x31,    0x30,    0x30,    0x33,    0x33,    0x31,    0x33,    0x30,    0x36,    
            0x34,    0x35,    0x37,    0x35,    0x31,    0x39,    0x35,    0x33,    0x31,    0x32,    0x35,    0x29,    0x29,    0x29,    0x20,    0x2b,    
            0x20,    0x66,    0x6c,    0x6f,    0x61,    0x74,    0x33,    0x28,    0x30,    0x2e,    0x32,    0x33,    0x38,    0x30,    0x38,    0x30,    
            0x39,    0x39,    0x33,    0x32,    0x39,    0x34,    0x37,    0x31,    0x35,    0x38,    0x38,    0x31,    0x33,    0x34,    0x37,    0x36,    
            0x35,    0x36,    0x32,    0x35,    0x29,    0x29,    0x3b,    0x0a,    0x7d,    0x0a,    0x0a,    0x73,    0x74,    0x61,    0x74,    0x69,    
            0x63,    0x20,    0x69,    0x6e,    0x6c,    0x69,    0x6e,    0x65,    0x20,    0x5f,    0x5f,    0x61,    0x74,    0x74,    0x72,    0x69,    
            0x62,    0x75,    0x74,    0x65,    0x5f,    0x5f,    0x28,    0x28,    0x61,    0x6c,    0x77,    0x61,    0x79,    0x73,    0x5f,    0x69,    
            0x6e,    0x6c,    0x69,    0x6e,    0x65,    0x29,    0x29,    0x0a,    0x66,    0x6c,    0x6f,    0x61,    0x74,    0x33,    0x20,    0x74,    
            0x6f,    0x6e,    0x65,    0x4d,    0x61,    0x70,    0x41,    0x43,    0x45,    0x53,    0x5f,    0x48,    0x69,    0x6c,    0x6c,    0x28,    
            0x74,    0x68,    0x72,    0x65,    0x61,    0x64,    0x20,    0x66,    0x6c,    0x6f,    0x61,    0x74,    0x33,    0x26,    0x20,    0x63,    
            0x29,    0x0a,    0x7b,    0x0a,    0x20,    0x20,    0x20,    0x20,    0x63,    0x20,    0x3d,    0x20,    0x66,    0x6c,    0x6f,    0x61,    
            0x74,    0x33,    0x78,    0x33,    0x28,    0x66,    0x6c,    0x6f,    0x61,    0x74,    0x33,    0x28,    0x30,    0x2e,    0x35,    0x39,    
            0x37,    0x31,    0x39,    0x30,    0x30,    0x32,    0x32,    0x34,    0x36,    0x38,    0x35,    0x36,    0x36,    0x38,    0x39,    0x34,    
            0x35,    0x33,    0x31,    0x32,    0x35,    0x2c,    0x20,    0x30,    0x2e,    0x30,    0x37,    0x35,    0x39,    0x39,    0x39,    0x39,    
            0x39,    0x37,    0x35,    0x35,    0x36,    0x32,    0x30,    0x39,    0x35,    0x36,    0x34,    0x32,    0x30,    0x38,    0x39,    0x38,    
            0x34,    0x33,    0x37,    0x35,    0x2c,    0x20,    0x30,    0x2e,    0x30,    0x32,    0x38,    0x34,    0x30,    0x30,    0x30,    0x30,    
            0x30,    0x31,    0x38,    0x34,    0x37,    0x37,    0x34,    0x33,    0x39,    0x38,    0x38,    0x30,    0x33,    0x37,    0x31,    0x30,    
            0x39,    0x33,    0x37,    0x35,    0x29,    0x2c,    0x20,    0x66,    0x6c,    0x6f,    0x61,    0x74,    0x33,    0x28,    0x30,    0x2e,    
            0x33,    0x35,    0x34,    0x35,    0x37,    0x39,    0x39,    0x38,    0x35,    0x31,    0x34,    0x31,    0x37,    0x35,    0x34,    0x31,    
            0x35,    0x30,    0x33,    0x39,    0x30,    0x36,    0x32,    0x35,    0x2c,    0x20,    0x30,    0x2e,    0x39,    0x30,    0x38,    0x33,    
            0x33,    0x39,    0x39,    0x37,    0x37,    0x32,    0x36,    0x34,    0x34,    0x30,    0x34,    0x32,    0x39,    0x36,    0x38,    0x37,    
            0x35,    0x2c,    0x20,    0x30,    0x2e,    0x31,    0x33,    0x33,    0x38,    0x32,    0x39,    0x39,    0x39,    0x35,    0x39,    0x38,    
            0x39,    0x37,    0x39,    0x39,    0x34,    0x39,    0x39,    0x35,    0x31,    0x31,    0x37,    0x31,    0x38,    0x37,    0x35,    0x29,    
            0x2c,    0x20,    0x66,    0x6c,    0x6f,    0x61,    0x74,    0x33,    0x28,    0x30,    0x2e,    0x30,    0x34,    0x38,    0x32,    0x32,    
            0x39,    0x39,    0x39,    0x39,    0x38,    0x34,    0x30,    0x32,    0x35,    0x39,    0x35,    0x35,    0x32,    0x30,    0x30,    0x31,    
            0x39,    0x35,    0x33,    0x31,    0x32,    0x35,    0x2c,    0x20,    0x30,    0x2e,    0x30,    0x31,    0x35,    0x36,    0x35,    0x39,    
            0x39,    0x39,    0x39,    0x31,    0x30,    0x32,    0x33,    0x35,    0x34,    0x30,    0x34,    0x39,    0x36,    0x38,    0x32,    0x36,    
            0x31,    0x37,    0x31,    0x38,    0x37,    0x35,    0x2c,    0x20,    0x30,    0x2e,    0x38,    0x33,    0x37,    0x37,    0x36,    0x39,    
            0x39,    0x38,    0x35,    0x31,    0x39,    0x38,    0x39,    0x37,    0x34,    0x36,    0x30,    0x39,    0x33,    0x37,    0x35,    0x29,    
            0x29,    0x20,    0x2a,    0x20,    0x63,    0x3b,    0x0a,    0x20,    0x20,    0x20,    0x20,    0x66,    0x6c,    0x6f,    0x61,    0x74,    
            0x33,    0x20,    0x70,    0x61,    0x72,    0x61,    0x6d,    0x20,    0x3d,    0x20,    0x63,    0x3b,    0x0a,    0x20,    0x20,    0x20,    
            0x20,    0x63,    0x20,    0x3d,    0x20,    0x52,    0x52,    0x54,    0x41,    0x6e,    0x64,    0x4f,    0x44,    0x54,    0x46,    0x69,    
            0x74,    0x28,    0x70,    0x61,    0x72,    0x61,    0x6d,    0x29,    0x3b,    0x0a,    0x20,    0x20,    0x20,    0x20,    0x63,    0x20,    
            0x3d,    0x20,    0x66,    0x6c,    0x6f,    0x61,    0x74,    0x33,    0x78,    0x33,    0x28,    0x66,    0x6c,    0x6f,    0x61,    0x74,    
            0x33,    0x28,    0x31,    0x2e,    0x36,    0x30,    0x34,    0x37,    0x35,    0x30,    0x30,    0x33,    0x37,    0x31,    0x39,    0x33,    
            0x32,    0x39,    0x38,    0x33,    0x33,    0x39,    0x38,    0x34,    0x33,    0x37,    0x35,    0x2c,    0x20,    0x2d,    0x30,    0x2e,    
            0x31,    0x30,    0x32,    0x30,    0x38,    0x30,    0x30,    0x30,    0x32,    0x34,    0x32,    0x37,    0x31,    0x30,    0x31,    0x31,    
            0x33,    0x35,    0x32,    0x35,    0x33,    0x39,    0x30,    0x36,    0x32,    0x35,    0x2c,    0x20,    0x2d,    0x30,    0x2e,    0x30,    
            0x30,    0x33,    0x32,    0x36,    0x39,    0x39,    0x39,    0x39,    0x39,    0x38,    0x36,    0x35,    0x31,    0x34,    0x34,    0x34,    
            0x39,    0x31,    0x31,    0x39,    0x35,    0x36,    0x37,    0x38,    0x37,    0x31,    0x30,    0x39,    0x33,    0x37,    0x35,    0x29,    
            0x2c,    0x20,    0x66,    0x6c,    0x6f,    0x61,    0x74,    0x33,    0x28,    0x2d,    0x30,    0x2e,    0x35,    0x33,    0x31,    0x30,    
            0x38,    0x30,    0x30,    0x30,    0x37,    0x35,    0x35,    0x33,    0x31,    0x30,    0x30,    0x35,    0x38,    0x35,    0x39,    0x33,    
            0x37,    0x35,    0x2c,    0x20,    0x31,    0x2e,    0x31,    0x30,    0x38,    0x31,    0x32,    0x39,    0x39,    0x37,    0x38,    0x31,    
            0x37,    0x39,    0x39,    0x33,    0x31,    0x36,    0x34,    0x30,    0x36,    0x32,    0x35,    0x2c,    0x20,    0x2d,    0x30,    0x2e,    
            0x30,    0x37,    0x32,    0x37,    0x36,    0x30,    0x30,    0x30,    0x30,    0x38,    0x32,    0x34,    0x39,    0x32,    0x38,    0x32,    
            0x38,    0x33,    0x36,    0x39,    0x31,    0x34,    0x30,    0x36,    0x32,    0x35,    0x29,    0x2c,    0x20,    0x66,    0x6c,    0x6f,    
            0x61,    0x74,    0x33,    0x28,    0x2d,    0x30,    0x2e,    0x30,    0x37,    0x33,    0x36,    0x36,    0x39,    0x39,    0x39,    0x39,    
            0x38,    0x33,    0x37,    0x38,    0x37,    0x35,    0x33,    0x36,    0x36,    0x32,    0x31,    0x30,    0x39,    0x33,    0x37,    0x35,    
            0x2c,    0x20,    0x2d,    0x30,    0x2e,    0x30,    0x30,    0x36,    0x30,    0x34,    0x39,    0x39,    0x39,    0x39,    0x39,    0x36,    
            0x37,    0x32,    0x31,    0x37,    0x34,    0x34,    0x35,    0x33,    0x37,    0x33,    0x35,    0x33,    0x35,    0x31,    0x35,    0x36,    
            0x32,    0x35,    0x2c,    0x20,    0x31,    0x2e,    0x30,    0x37,    0x36,    0x30,    0x32,    0x30,    0x30,    0x30,    0x32,    0x33,    
            0x36,    0x35,    0x31,    0x31,    0x32,    0x33,    0x30,    0x34,    0x36,    0x38,    0x37,    0x35,    0x29,    0x29,    0x20,    0x2a,    
            0x20,    0x63,    0x3b,    0x0a,    0x20,    0x20,    0x20,    0x20,    0x72,    0x65,    0x74,    0x75,    0x72,    0x6e,    0x20,    0x66,    
            0x61,    0x73,    0x74,    0x3a,    0x3a,    0x63,    0x6c,    0x61,    0x6d,    0x70,    0x28,    0x63,    0x2c,    0x20,    0x66,    0x6c,    
            0x6f,    0x61,    0x74,    0x33,    0x28,    0x30,    0x2e,    0x30,    0x29,    0x2c,    0x20,    0x66,    0x6c,    0x6f,    0x61,    0x74,    
            0x33,    0x28,    0x31,    0x2e,    0x30,    0x29,    0x29,    0x3b,    0x0a,    0x7d,    0x0a,    0x0a,    0x73,    0x74,    0x61,    0x74,    
            0x69,    0x63,    0x20,    0x69,    0x6e,    0x6c,    0x69,    0x6e,    0x65,    0x20,    0x5f,    0x5f,    0x61,    0x74,    0x74,    0x72,    
            0x69,    0x62,    0x75,    0x74,    0x65,    0x5f,    0x5f,    0x28,    0x28,    0x61,    0x6c,    0x77,    0x61,    0x79,    0x73,    0x5f,    
            0x69,    0x6e,    0x6c,    0x69,    0x6e,    0x65,    0x29,    0x29,    0x0a,    0x66,    0x6c,    0x6f,    0x61,    0x74,    0x33,    0x20,    
            0x74,    0x6f,    0x6e,    0x65,    0x4d,    0x61,    0x70,    0x4b,    0x68,    0x72,    0x50,    0x62,    0x72,    0x4e,    0x65,    0x75,    
            0x74,    0x72,    0x61,    0x6c,    0x28,    0x74,    0x68,    0x72,    0x65,    0x61,    0x64,    0x20,    0x66,    0x6c,    0x6f,    0x61,    
            0x74,    0x33,    0x26,    0x20,    0x63,    0x29,    0x0a,    0x7b,    0x0a,    0x20,    0x20,    0x20,    0x20,    0x66,    0x6c,    0x6f,    
            0x61,    0x74,    0x20,    0x5f,    0x31,    0x34,    0x30,    0x20,    0x3d,    0x20,    0x66,    0x61,    0x73,    0x74,    0x3a,    0x3a,    
            0x6d,    0x69,    0x6e,    0x28,    0x63,    0x2e,    0x78,    0x2c,    0x20,    0x66,    0x61,    0x73,    0x74,    0x3a,    0x3a,    0x6d,    
            0x69,    0x6e,    0x28,    0x63,    0x2e,    0x79,    0x2c,    0x20,    0x63,    0x2e,    0x7a,    0x29,    0x29,    0x3b,    0x0a,    0x20,    
            0x20,    0x20,    0x20,    0x66,    0x6c,    0x6f,    0x61,    0x74,    0x20,    0x5f,    0x31,    0x34,    0x36,    0x3b,    0x0a,    0x20,    
            0x20,    0x20,    0x20,    0x69,    0x66,    0x20,    0x28,    0x5f,    0x31,    0x34,    0x30,    0x20,    0x3c,    0x20,    0x30,    0x2e,    
            0x30,    0x37,    0x39,    0x39,    0x39,    0x39,    0x39,    0x39,    0x38,    0x32,    0x31,    0x31,    0x38,    0x36,    0x30,    0x36,    
            0x35,    0x36,    0x37,    0x33,    0x38,    0x32,    0x38,    0x31,    0x32,    0x35,    0x29,    0x0a,    0x20,    0x20,    0x20,    0x20,    
            0x7b,    0x0a,    0x20,    0x20,    0x20,    0x20,    0x20,    0x20,    0x20,    0x20,    0x5f,    0x31,    0x34,    0x36,    0x20,    0x3d,    
            0x20,    0x5f,    0x31,    0x34,    0x30,    0x20,    0x2d,    0x20,    0x28,    0x28,    0x36,    0x2e,    0x32,    0x35,    0x20,    0x2a,    
            0x20,    0x5f,    0x31,    0x34,    0x30,    0x29,    0x20,    0x2a,    0x20,    0x5f,    0x31,    0x34,    0x30,    0x29,    0x3b,    0x0a,    
            0x20,    0x20,    0x20,    0x20,    0x7d,    0x0a,    0x20,    0x20,    0x20,    0x20,    0x65,    0x6c,    0x73,    0x65,    0x0a,    0x20,    
            0x20,    0x20,    0x20,    0x7b,    0x0a,    0x20,    0x20,    0x20,    0x20,    0x20,    0x20,    0x20,    0x20,    0x5f,    0x31,    0x34,    
            0x36,    0x20,    0x3d,    0x20,    0x30,    0x2e,    0x30,    0x33,    0x39,    0x39,    0x39,    0x39,    0x39,    0x39,    0x39,    0x31,    
            0x30,    0x35,    0x39,    0x33,    0x30,    0x33,    0x32,    0x38,    0x33,    0x36,    0x39,    0x31,    0x34,    0x30,    0x36,    0x32,    
            0x35,    0x3b,    0x0a,    0x20,    0x20,    0x20,    0x20,    0x7d,    0x0a,    0x20,    0x20,    0x20,    0x20,    0x63,    0x20,    0x2d,    
            0x3d,    0x20,    0x66,    0x6c,    0x6f,    0x61,    0x74,    0x33,    0x28,    0x5f,    0x31,    0x34,    0x36,    0x29,    0x3b,    0x0a,    
            0x20,    0x20,    0x20,    0x20,    0x66,    0x6c,    0x6f,    0x61,    0x74,    0x20,    0x5f,    0x31,    0x36,    0x35,    0x20,    0x3d,    
            0x20,    0x63,    0x2e,    0x78,    0x3b,    0x0a,    0x20,    0x20,    0x20,    0x20,    0x66,    0x6c,    0x6f,    0x61,    0x74,    0x20,    
            0x5f,    0x31,    0x36,    0x37,    0x20,    0x3d,    0x20,    0x63,    0x2e,    0x79,    0x3b,    0x0a,    0x20,    0x20,    0x20,    0x20,    
            0x66,    0x6c,    0x6f,    0x61,    0x74,    0x20,    0x5f,    0x31,    0x36,    0x39,    0x20,    0x3d,    0x20,    0x63,    0x2e,    0x7a,    
            0x3b,    0x0a,    0x20,    0x20,    0x20,    0x20,    0x66,    0x6c,    0x6f,    0x61,    0x74,    0x20,    0x5f,    0x31,    0x37,    0x31,    
            0x20,    0x3d,    0x20,    0x66,    0x61,    0x73,    0x74,    0x3a,    0x3a,    0x6d,    0x61,    0x78,    0x28,    0x5f,    0x31,    0x36,    
            0x35,    0x2c,    0x20,    0x66,    0x61,    0x73,    0x74,    0x3a,    0x3a,    0x6d,    0x61,    0x78,    0x28,    0x5f,    0x31,    0x36,    
            0x37,    0x2c,    0x20,    0x5f,    0x31,    0x36,    0x39,    0x29,    0x29,    0x3b,    0x0a,    0x20,    0x20,    0x20,    0x20,    0x69,    
            0x66,    0x20,    0x28,    0x5f,    0x31,    0x37,    0x31,    0x20,    0x3c,    0x20,    0x30,    0x2e,    0x37,    0x35,    0x39,    0x39,    
            0x39,    0x39,    0x39,    0x39,    0x30,    0x34,    0x36,    0x33,    0x32,    0x35,    0x36,    0x38,    0x33,    0x35,    0x39,    0x33,    
            0x37,    0x35,    0x29,    0x0a,    0x20,    0x20,    0x20,    0x20,    0x7b,    0x0a,    0x20,    0x20,    0x20,    0x20,    0x20,    0x20,    
            0x20,    0x20,    0x72,    0x65,    0x74,    0x75,    0x72,    0x6e,    0x20,    0x63,    0x3b,    0x0a,    0x20,    0x20,    0x20,    0x20,    
            0x7d,    0x0a,    0x20,    0x20,    0x20,    0x20,    0x66,    0x6c,    0x6f,    0x61,    0x74,    0x20,    0x5f,    0x31,    0x38,    0x36,    
            0x20,    0x3d,    0x20,    0x31,    0x2e,    0x30,    0x20,    0x2d,    0x20,    0x28,    0x30,    0x2e,    0x30,    0x35,    0x37,    0x35,    
            0x39,    0x39,    0x39,    0x39,    0x39,    0x30,    0x31,    0x30,    0x35,    0x36,    0x32,    0x38,    0x39,    0x36,    0x37,    0x32,    
            0x38,    0x35,    0x31,    0x35,    0x36,    0x32,    0x35,    0x20,    0x2f,    0x20,    0x28,    0x5f,    0x31,    0x37,    0x31,    0x20,    
            0x2b,    0x20,    0x28,    0x2d,    0x30,    0x2e,    0x35,    0x31,    0x39,    0x39,    0x39,    0x39,    0x39,    0x38,    0x30,    0x39,    
            0x32,    0x36,    0x35,    0x31,    0x33,    0x36,    0x37,    0x31,    0x38,    0x37,    0x35,    0x29,    0x29,    0x29,    0x3b,    0x0a,    
            0x20,    0x20,    0x20,    0x20,    0x63,    0x20,    0x2a,    0x3d,    0x20,    0x28,    0x5f,    0x31,    0x38,    0x36,    0x20,    0x2f,    
            0x20,    0x5f,    0x31,    0x37,    0x31,    0x29,    0x3b,    0x0a,    0x20,    0x20,    0x20,    0x20,    0x72,    0x65,    0x74,    0x75,    
            0x72,    0x6e,    0x20,    0x6d,    0x69,    0x78,    0x28,    0x63,    0x2c,    0x20,    0x66,    0x6c,    0x6f,    0x61,    0x74,    0x33,    
            0x28,    0x31,    0x2e,    0x30,    0x29,    0x20,    0x2a,    0x20,    0x5f,    0x31,    0x38,    0x36,    0x2c,    0x20,    0x66,    0x6c,    
            0x6f,    0x61,    0x74,    0x33,    0x28,    0x31,    0x2e,    0x30,    0x20,    0x2d,    0x20,    0x28,    0x31,    0x2e,    0x30,    0x20,    
            0x2f,    0x20,    0x28,    0x28,    0x30,    0x2e,    0x31,    0x35,    0x30,    0x30,    0x30,    0x30,    0x30,    0x30,    0x35,    0x39,    
            0x36,    0x30,    0x34,    0x36,    0x34,    0x34,    0x37,    0x37,    0x35,    0x33,    0x39,    0x30,    0x36,    0x32,    0x35,    0x20,    
            0x2a,    0x20,    0x28,    0x5f,    0x31,    0x37,    0x31,    0x20,    0x2d,    0x20,    0x5f,    0x31,    0x38,    0x36,    0x29,    0x29,    
            0x20,    0x2b,    0x20,    0x31,    0x2e,    0x30,    0x29,    0x29,    0x29,    0x29,    0x3b,    0x0a,    0x7d,    0x0a,    0x0a,    0x73,    
            0x74,    0x61,    0x74,    0x69,    0x63,    0x20,    0x69,    0x6e,    0x6c,    0x69,    0x6e,    0x65,    0x20,    0x5f,    0x5f,    0x61,    
            0x74,    0x74,    0x72,    0x69,    0x62,    0x75,    0x74,    0x65,    0x5f,    0x5f,    0x28,    0x28,    0x61,    0x6c,    0x77,    0x61,    
            0x79,    0x73,    0x5f,    0x69,    0x6e,    0x6c,    0x69,    0x6e,    0x65,    0x29,    0x29,    0x0a,    0x66,    0x6c,    0x6f,    0x61,    
            0x74,    0x33,    0x20,    0x6c,    0x69,    0x6e,    0x65,    0x61,    0x72,    0x54,    0x6f,    0x53,    0x52,    0x47,    0x42,    0x28,    
            0x74,    0x68,    0x72,    0x65,    0x61,    0x64,    0x20,    0x63,    0x6f,    0x6e,    0x73,    0x74,    0x20,    0x66,    0x6c,    0x6f,    
            0x61,    0x74,    0x33,    0x26,    0x20,    0x63,    0x29,    0x0a,    0x7b,    0x0a,    0x20,    0x20,    0x20,    0x20,    0x72,    0x65,    
            0x74,    0x75,    0x72,    0x6e,    0x20,    0x70,    0x6f,    0x77,    0x72,    0x28,    0x66,    0x61,    0x73,    0x74,    0x3a,    0x3a,    
            0x6d,    0x61,    0x78,    0x28,    0x63,    0x2c,    0x20,    0x66,    0x6c,    0x6f,    0x61,    0x74,    0x33,    0x28,    0x30,    0x2e,    
            0x30,    0x29,    0x29,    0x2c,    0x20,    0x66,    0x6c,    0x6f,    0x61,    0x74,    0x33,    0x28,    0x30,    0x2e,    0x34,    0x35,    
            0x34,    0x35,    0x34,    0x35,    0x34,    0x36,    0x38,    0x30,    0x39,    0x31,    0x39,    0x36,    0x34,    0x37,    0x32,    0x31,    
            0x36,    0x37,    0x39,    0x36,    0x38,    0x37,    0x35,    0x29,    0x29,    0x3b,    0x0a,    0x7d,    0x0a,    0x0a,    0x66,    0x72,    
            0x61,    0x67,    0x6d,    0x65,    0x6e,    0x74,    0x20,    0x6d,    0x61,    0x69,    0x6e,    0x30,    0x5f,    0x6f,    0x75,    0x74,    
            0x20,    0x6d,    0x61,    0x69,    0x6e,    0x30,    0x28,    0x63,    0x6f,    0x6e,    0x73,    0x74,    0x61,    0x6e,    0x74,    0x20,    
            0x74,    0x6f,    0x6e,    0x65,    0x6d,    0x61,    0x70,    0x5f,    0x70,    0x61,    0x72,    0x61,    0x6d,    0x73,    0x26,    0x20,    
            0x5f,    0x32,    0x34,    0x34,    0x20,    0x5b,    0x5b,    0x62,    0x75,    0x66,    0x66,    0x65,    0x72,    0x28,    0x30,    0x29,    
            0x5d,    0x5d,    0x2c,    0x20,    0x74,    0x65,    0x78,    0x74,    0x75,    0x72,    0x65,    0x32,    0x64,    0x3c,    0x66,    0x6c,    
            0x6f,    0x61,    0x74,    0x3e,    0x20,    0x68,    0x64,    0x72,    0x5f,    0x74,    0x65,    0x78,    0x20,    0x5b,    0x5b,    0x74,    
            0x65,    0x78,    0x74,    0x75,    0x72,    0x65,    0x28,    0x30,    0x29,    0x5d,    0x5d,    0x2c,    0x20,    0x73,    0x61,    0x6d,    
            0x70,    0x6c,    0x65,    0x72,    0x20,    0x68,    0x64,    0x72,    0x5f,    0x73,    0x6d,    0x70,    0x20,    0x5b,    0x5b,    0x73,    
            0x61,    0x6d,    0x70,    0x6c,    0x65,    0x72,    0x28,    0x30,    0x29,    0x5d,    0x5d,    0x2c,    0x20,    0x66,    0x6c,    0x6f,    
            0x61,    0x74,    0x34,    0x20,    0x67,    0x6c,    0x5f,    0x46,    0x72,    0x61,    0x67,    0x43,    0x6f,    0x6f,    0x72,    0x64,    
            0x20,    0x5b,    0x5b,    0x70,    0x6f,    0x73,    0x69,    0x74,    0x69,    0x6f,    0x6e,    0x5d,    0x5d,    0x29,    0x0a,    0x7b,    
            0x0a,    0x20,    0x20,    0x20,    0x20,    0x6d,    0x61,    0x69,    0x6e,    0x30,    0x5f,    0x6f,    0x75,    0x74,    0x20,    0x6f,    
            0x75,    0x74,    0x20,    0x3d,    0x20,    0x7b,    0x7d,    0x3b,    0x0a,    0x20,    0x20,    0x20,    0x20,    0x66,    0x6c,    0x6f,    
            0x61,    0x74,    0x33,    0x20,    0x63,    0x6f,    0x6c,    0x6f,    0x72,    0x20,    0x3d,    0x20,    0x68,    0x64,    0x72,    0x5f,    
            0x74,    0x65,    0x78,    0x2e,    0x73,    0x61,    0x6d,    0x70,    0x6c,    0x65,    0x28,    0x68,    0x64,    0x72,    0x5f,    0x73,    
            0x6d,    0x70,    0x2c,    0x20,    0x28,    0x67,    0x6c,    0x5f,    0x46,    0x72,    0x61,    0x67,    0x43,    0x6f,    0x6f,    0x72,    
            0x64,    0x2e,    0x78,    0x79,    0x20,    0x2f,    0x20,    0x66,    0x6c,    0x6f,    0x61,    0x74,    0x32,    0x28,    0x69,    0x6e,    
            0x74,    0x32,    0x28,    0x68,    0x64,    0x72,    0x5f,    0x74,    0x65,    0x78,    0x2e,    0x67,    0x65,    0x74,    0x5f,    0x77,    
            0x69,    0x64,    0x74,    0x68,    0x28,    0x29,    0x2c,    0x20,    0x68,    0x64,    0x72,    0x5f,    0x74,    0x65,    0x78,    0x2e,    
            0x67,    0x65,    0x74,    0x5f,    0x68,    0x65,    0x69,    0x67,    0x68,    0x74,    0x28,    0x29,    0x29,    0x29,    0x29,    0x29,    
            0x2e,    0x78,    0x79,    0x7a,    0x20,    0x2a,    0x20,    0x5f,    0x32,    0x34,    0x34,    0x2e,    0x75,    0x5f,    0x45,    0x78,    
            0x70,    0x6f,    0x73,    0x75,    0x72,    0x65,    0x3b,    0x0a,    0x20,    0x20,    0x20,    0x20,    0x69,    0x66,    0x20,    0x28,    
            0x5f,    0x32,    0x34,    0x34,    0x2e,    0x75,    0x5f,    0x54,    0x79,    0x70,    0x65,    0x20,    0x3d,    0x3d,    0x20,    0x31,    
            0x29,    0x0a,    0x20,    0x20,    0x20,    0x20,    0x7b,    0x0a,    0x20,    0x20,    0x20,    0x20,    0x20,    0x20,    0x20,    0x20,    
            0x66,    0x6c,    0x6f,    0x61,    0x74,    0x33,    0x20,    0x70,    0x61,    0x72,    0x61,    0x6d,    0x20,    0x3d,    0x20,    0x63,    
            0x6f,    0x6c,    0x6f,    0x72,    0x3b,    0x0a,    0x20,    0x20,    0x20,    0x20,    0x20,    0x20,    0x20,    0x20,    0x63,    0x6f,    
            0x6c,    0x6f,    0x72,    0x20,    0x3d,    0x20,    0x74,    0x6f,    0x6e,    0x65,    0x4d,    0x61,    0x70,    0x41,    0x43,    0x45,    
            0x53,    0x5f,    0x4e,    0x61,    0x72,    0x6b,    0x6f,    0x77,    0x69,    0x63,    0x7a,    0x28,    0x70,    0x61,    0x72,    0x61,    
            0x6d,    0x29,    0x3b,    0x0a,    0x20,    0x20,    0x20,    0x20,    0x7d,    0x0a,    0x20,    0x20,    0x20,    0x20,    0x65,    0x6c,    
            0x73,    0x65,    0x0a,    0x20,    0x20,    0x20,    0x20,    0x7b,    0x0a,    0x20,    0x20,    0x20,    0x20,    0x20,    0x20,    0x20,    
            0x20,    0x69,    0x66,    0x20,    0x28,    0x5f,    0x32,    0x34,    0x34,    0x2e,    0x75,    0x5f,    0x54,    0x79,    0x70,    0x65,    
            0x20,    0x3d,    0x3d,    0x20,    0x32,    0x29,    0x0a,    0x20,    0x20,    0x20,    0x20,    0x20,    0x20,    0x20,    0x20,    0x7b,    
            0x0a,    0x20,    0x20,    0x20,    0x20,    0x20,    0x20,    0x20,    0x20,    0x20,    0x20,    0x20,    0x20,    0x66,    0x6c,    0x6f,    
            0x61,    0x74,    0x33,    0x20,    0x70,    0x61,    0x72,    0x61,    0x6d,    0x5f,    0x31,    0x20,    0x3d,    0x20,    0x63,    0x6f,    
            0x6c,    0x6f,    0x72,    0x3b,    0x0a,    0x20,    0x20,    0x20,    0x20,    0x20,    0x20,    0x20,    0x20,    0x20,    0x20,    0x20,    
            0x20,    0x66,    0x6c,    0x6f,    0x61,    0x74,    0x33,    0x20,    0x5f,    0x32,    0x36,    0x39,    0x20,    0x3d,    0x20,    0x74,    
            0x6f,    0x6e,    0x65,    0x4d,    0x61,    0x70,    0x41,    0x43,    0x45,    0x53,    0x5f,    0x48,    0x69,    0x6c,    0x6c,    0x28,    
            0x70,    0x61,    0x72,    0x61,    0x6d,    0x5f,    0x31,    0x29,    0x3b,    0x0a,    0x20,    0x20,    0x20,    0x20,    0x20,    0x20,    
            0x20,    0x20,    0x20,    0x20,    0x20,    0x20,    0x63,    0x6f,    0x6c,    0x6f,    0x72,    0x20,    0x3d,    0x20,    0x5f,    0x32,    
            0x36,    0x39,    0x3b,    0x0a,    0x20,    0x20,    0x20,    0x20,    0x20,    0x20,    0x20,    0x20,    0x7d,    0x0a,    0x20,    0x20,    
            0x20,    0x20,    0x20,    0x20,    0x20,    0x20,    0x65,    0x6c,    0x73,    0x65,    0x0a,    0x20,    0x20,    0x20,    0x20,    0x20,    
            0x20,    0x20,    0x20,    0x7b,    0x0a,    0x20,    0x20,    0x20,    0x20,    0x20,    0x20,    0x20,    0x20,    0x20,    0x20,    0x20,    
            0x20,    0x69,    0x66,    0x20,    0x28,    0x5f,    0x32,    0x34,    0x34,    0x2e,    0x75,    0x5f,    0x54,    0x79,    0x70,    0x65,    
            0x20,    0x3d,    0x3d,    0x20,    0x33,    0x29,    0x0a,    0x20,    0x20,    0x20,    0x20,    0x20,    0x20,    0x20,    0x20,    0x20,    
            0x20,    0x20,    0x20,    0x7b,    0x0a,    0x20,    0x20,    0x20,    0x20,    0x20,    0x20,    0x20,    0x20,    0x20,    0x20,    0x20,    
            0x20,    0x20,    0x20,    0x20,    0x20,    0x66,    0x6c,    0x6f,    0x61,    0x74,    0x33,    0x20,    0x70,    0x61,    0x72,    0x61,    
            0x6d,    0x5f,    0x32,    0x20,    0x3d,    0x20,    0x63,    0x6f,    0x6c,    0x6f,    0x72,    0x3b,    0x0a,    0x20,    0x20,    0x20,    
            0x20,    0x20,    0x20,    0x20,    0x20,    0x20,    0x20,    0x20,    0x20,    0x20,    0x20,    0x20,    0x20,    0x66,    0x6c,    0x6f,    
            0x61,    0x74,    0x33,    0x20,    0x5f,    0x32,    0x37,    0x39,    0x20,    0x3d,    0x20,    0x74,    0x6f,    0x6e,    0x65,    0x4d,    
            0x61,    0x70,    0x4b,    0x68,    0x72,    0x50,    0x62,    0x72,    0x4e,    0x65,    0x75,    0x74,    0x72,    0x61,    0x6c,    0x28,    
            0x70,    0x61,    0x72,    0x61,    0x6d,    0x5f,    0x32,    0x29,    0x3b,    0x0a,    0x20,    0x20,    0x20,    0x20,    0x20,    0x20,    
            0x20,    0x20,    0x20,    0x20,    0x20,    0x20,    0x20,    0x20,    0x20,    0x20,    0x63,    0x6f,    0x6c,    0x6f,    0x72,    0x20,    
            0x3d,    0x20,    0x5f,    0x32,    0x37,    0x39,    0x3b,    0x0a,    0x20,    0x20,    0x20,    0x20,    0x20,    0x20,    0x20,    0x20,    
            0x20,    0x20,    0x20,    0x20,    0x7d,    0x0a,    0x20,    0x20,    0x20,    0x20,    0x20,    0x20,    0x20,    0x20,    0x7d,    0x0a,    
            0x20,    0x20,    0x20,    0x20,    0x7d,    0x0a,    0x20,    0x20,    0x20,    0x20,    0x66,    0x6c,    0x6f,    0x61,    0x74,    0x33,    
            0x20,    0x70,    0x61,    0x72,    0x61,    0x6d,    0x5f,    0x33,    0x20,    0x3d,    0x20,    0x63,    0x6f,    0x6c,    0x6f,    0x72,    
            0x3b,    0x0a,    0x20,    0x20,    0x20,    0x20,    0x6f,    0x75,    0x74,    0x2e,    0x66,    0x72,    0x61,    0x67,    0x5f,    0x63,    
            0x6f,    0x6c,    0x6f,    0x72,    0x20,    0x3d,    0x20,    0x66,    0x6c,    0x6f,    0x61,    0x74,    0x34,    0x28,    0x6c,    0x69,    
            0x6e,    0x65,    0x61,    0x72,    0x54,    0x6f,    0x53,    0x52,    0x47,    0x42,    0x28,    0x70,    0x61,    0x72,    0x61,    0x6d,    
            0x5f,    0x33,    0x29,    0x2c,    0x20,    0x31,    0x2e,    0x30,    0x29,    0x3b,    0x0a,    0x20,    0x20,    0x20,    0x20,    0x72,    
            0x65,    0x74,    0x75,    0x72,    0x6e,    0x20,    0x6f,    0x75,    0x74,    0x3b,    0x0a,    0x7d,    0x0a,    0x0a,    0x00,    
};
    public static unsafe sg_shader_desc tonemap_pass_tonemap_pass_shader_desc(sg_backend backend) {
        if (backend == SG_BACKEND_GLCORE) {
            sg_shader_desc desc = default(sg_shader_desc);
            desc.vertex_func.source = System.Text.Encoding.UTF8.GetString(tonemap_pass_tonemap_vs_source_glsl430);
            desc.vertex_func.entry = "main";
            desc.fragment_func.source = System.Text.Encoding.UTF8.GetString(tonemap_pass_tonemap_fs_source_glsl430);
            desc.fragment_func.entry = "main";
            desc.uniform_blocks[0].stage = SG_SHADERSTAGE_FRAGMENT;
            desc.uniform_blocks[0].layout = SG_UNIFORMLAYOUT_STD140;
            desc.uniform_blocks[0].size = 16;
            desc.uniform_blocks[0].glsl_uniforms[0].type = SG_UNIFORMTYPE_FLOAT;
            desc.uniform_blocks[0].glsl_uniforms[0].array_count = 0;
            desc.uniform_blocks[0].glsl_uniforms[0].glsl_name = "_244.u_Exposure";
            desc.uniform_blocks[0].glsl_uniforms[1].type = SG_UNIFORMTYPE_INT;
            desc.uniform_blocks[0].glsl_uniforms[1].array_count = 0;
            desc.uniform_blocks[0].glsl_uniforms[1].glsl_name = "_244.u_Type";
            desc.uniform_blocks[0].glsl_uniforms[2].type = SG_UNIFORMTYPE_FLOAT;
            desc.uniform_blocks[0].glsl_uniforms[2].array_count = 0;
            desc.uniform_blocks[0].glsl_uniforms[2].glsl_name = "_244._pad0";
            desc.uniform_blocks[0].glsl_uniforms[3].type = SG_UNIFORMTYPE_FLOAT;
            desc.uniform_blocks[0].glsl_uniforms[3].array_count = 0;
            desc.uniform_blocks[0].glsl_uniforms[3].glsl_name = "_244._pad1";
            desc.views[0].texture.stage = SG_SHADERSTAGE_FRAGMENT;
            desc.views[0].texture.image_type = SG_IMAGETYPE_2D;
            desc.views[0].texture.sample_type = SG_IMAGESAMPLETYPE_FLOAT;
            desc.views[0].texture.multisampled = false;
            desc.samplers[0].stage = SG_SHADERSTAGE_FRAGMENT;
            desc.samplers[0].sampler_type = SG_SAMPLERTYPE_FILTERING;
            desc.texture_sampler_pairs[0].stage = SG_SHADERSTAGE_FRAGMENT;
            desc.texture_sampler_pairs[0].view_slot = 0;
            desc.texture_sampler_pairs[0].sampler_slot = 0;
            desc.texture_sampler_pairs[0].glsl_name = "hdr_tex_hdr_smp";
            desc.label = "tonemap_pass_tonemap_pass_shader";
            return desc;
        }
        if (backend == SG_BACKEND_GLES3) {
            sg_shader_desc desc = default(sg_shader_desc);
            desc.vertex_func.source = System.Text.Encoding.UTF8.GetString(tonemap_pass_tonemap_vs_source_glsl300es);
            desc.vertex_func.entry = "main";
            desc.fragment_func.source = System.Text.Encoding.UTF8.GetString(tonemap_pass_tonemap_fs_source_glsl300es);
            desc.fragment_func.entry = "main";
            desc.uniform_blocks[0].stage = SG_SHADERSTAGE_FRAGMENT;
            desc.uniform_blocks[0].layout = SG_UNIFORMLAYOUT_STD140;
            desc.uniform_blocks[0].size = 16;
            desc.uniform_blocks[0].glsl_uniforms[0].type = SG_UNIFORMTYPE_FLOAT;
            desc.uniform_blocks[0].glsl_uniforms[0].array_count = 0;
            desc.uniform_blocks[0].glsl_uniforms[0].glsl_name = "_244.u_Exposure";
            desc.uniform_blocks[0].glsl_uniforms[1].type = SG_UNIFORMTYPE_INT;
            desc.uniform_blocks[0].glsl_uniforms[1].array_count = 0;
            desc.uniform_blocks[0].glsl_uniforms[1].glsl_name = "_244.u_Type";
            desc.uniform_blocks[0].glsl_uniforms[2].type = SG_UNIFORMTYPE_FLOAT;
            desc.uniform_blocks[0].glsl_uniforms[2].array_count = 0;
            desc.uniform_blocks[0].glsl_uniforms[2].glsl_name = "_244._pad0";
            desc.uniform_blocks[0].glsl_uniforms[3].type = SG_UNIFORMTYPE_FLOAT;
            desc.uniform_blocks[0].glsl_uniforms[3].array_count = 0;
            desc.uniform_blocks[0].glsl_uniforms[3].glsl_name = "_244._pad1";
            desc.views[0].texture.stage = SG_SHADERSTAGE_FRAGMENT;
            desc.views[0].texture.image_type = SG_IMAGETYPE_2D;
            desc.views[0].texture.sample_type = SG_IMAGESAMPLETYPE_FLOAT;
            desc.views[0].texture.multisampled = false;
            desc.samplers[0].stage = SG_SHADERSTAGE_FRAGMENT;
            desc.samplers[0].sampler_type = SG_SAMPLERTYPE_FILTERING;
            desc.texture_sampler_pairs[0].stage = SG_SHADERSTAGE_FRAGMENT;
            desc.texture_sampler_pairs[0].view_slot = 0;
            desc.texture_sampler_pairs[0].sampler_slot = 0;
            desc.texture_sampler_pairs[0].glsl_name = "hdr_tex_hdr_smp";
            desc.label = "tonemap_pass_tonemap_pass_shader";
            return desc;
        }
        if (backend == SG_BACKEND_D3D11) {
            sg_shader_desc desc = default(sg_shader_desc);
            desc.vertex_func.source = System.Text.Encoding.UTF8.GetString(tonemap_pass_tonemap_vs_source_hlsl5);
            desc.vertex_func.d3d11_target = "vs_5_0";
            desc.vertex_func.entry = "main";
            desc.fragment_func.source = System.Text.Encoding.UTF8.GetString(tonemap_pass_tonemap_fs_source_hlsl5);
            desc.fragment_func.d3d11_target = "ps_5_0";
            desc.fragment_func.entry = "main";
            desc.uniform_blocks[0].stage = SG_SHADERSTAGE_FRAGMENT;
            desc.uniform_blocks[0].layout = SG_UNIFORMLAYOUT_STD140;
            desc.uniform_blocks[0].size = 16;
            desc.uniform_blocks[0].hlsl_register_b_n = 0;
            desc.views[0].texture.stage = SG_SHADERSTAGE_FRAGMENT;
            desc.views[0].texture.image_type = SG_IMAGETYPE_2D;
            desc.views[0].texture.sample_type = SG_IMAGESAMPLETYPE_FLOAT;
            desc.views[0].texture.multisampled = false;
            desc.views[0].texture.hlsl_register_t_n = 0;
            desc.samplers[0].stage = SG_SHADERSTAGE_FRAGMENT;
            desc.samplers[0].sampler_type = SG_SAMPLERTYPE_FILTERING;
            desc.samplers[0].hlsl_register_s_n = 0;
            desc.texture_sampler_pairs[0].stage = SG_SHADERSTAGE_FRAGMENT;
            desc.texture_sampler_pairs[0].view_slot = 0;
            desc.texture_sampler_pairs[0].sampler_slot = 0;
            desc.label = "tonemap_pass_tonemap_pass_shader";
            return desc;
        }
        if (backend == SG_BACKEND_METAL_MACOS) {
            sg_shader_desc desc = default(sg_shader_desc);
            desc.vertex_func.source = System.Text.Encoding.UTF8.GetString(tonemap_pass_tonemap_vs_source_metal_macos);
            desc.vertex_func.entry = "main0";
            desc.fragment_func.source = System.Text.Encoding.UTF8.GetString(tonemap_pass_tonemap_fs_source_metal_macos);
            desc.fragment_func.entry = "main0";
            desc.uniform_blocks[0].stage = SG_SHADERSTAGE_FRAGMENT;
            desc.uniform_blocks[0].layout = SG_UNIFORMLAYOUT_STD140;
            desc.uniform_blocks[0].size = 16;
            desc.uniform_blocks[0].msl_buffer_n = 0;
            desc.views[0].texture.stage = SG_SHADERSTAGE_FRAGMENT;
            desc.views[0].texture.image_type = SG_IMAGETYPE_2D;
            desc.views[0].texture.sample_type = SG_IMAGESAMPLETYPE_FLOAT;
            desc.views[0].texture.multisampled = false;
            desc.views[0].texture.msl_texture_n = 0;
            desc.samplers[0].stage = SG_SHADERSTAGE_FRAGMENT;
            desc.samplers[0].sampler_type = SG_SAMPLERTYPE_FILTERING;
            desc.samplers[0].msl_sampler_n = 0;
            desc.texture_sampler_pairs[0].stage = SG_SHADERSTAGE_FRAGMENT;
            desc.texture_sampler_pairs[0].view_slot = 0;
            desc.texture_sampler_pairs[0].sampler_slot = 0;
            desc.label = "tonemap_pass_tonemap_pass_shader";
            return desc;
        }
        if (backend == SG_BACKEND_METAL_IOS) {
            sg_shader_desc desc = default(sg_shader_desc);
            desc.vertex_func.source = System.Text.Encoding.UTF8.GetString(tonemap_pass_tonemap_vs_source_metal_ios);
            desc.vertex_func.entry = "main0";
            desc.fragment_func.source = System.Text.Encoding.UTF8.GetString(tonemap_pass_tonemap_fs_source_metal_ios);
            desc.fragment_func.entry = "main0";
            desc.uniform_blocks[0].stage = SG_SHADERSTAGE_FRAGMENT;
            desc.uniform_blocks[0].layout = SG_UNIFORMLAYOUT_STD140;
            desc.uniform_blocks[0].size = 16;
            desc.uniform_blocks[0].msl_buffer_n = 0;
            desc.views[0].texture.stage = SG_SHADERSTAGE_FRAGMENT;
            desc.views[0].texture.image_type = SG_IMAGETYPE_2D;
            desc.views[0].texture.sample_type = SG_IMAGESAMPLETYPE_FLOAT;
            desc.views[0].texture.multisampled = false;
            desc.views[0].texture.msl_texture_n = 0;
            desc.samplers[0].stage = SG_SHADERSTAGE_FRAGMENT;
            desc.samplers[0].sampler_type = SG_SAMPLERTYPE_FILTERING;
            desc.samplers[0].msl_sampler_n = 0;
            desc.texture_sampler_pairs[0].stage = SG_SHADERSTAGE_FRAGMENT;
            desc.texture_sampler_pairs[0].view_slot = 0;
            desc.texture_sampler_pairs[0].sampler_slot = 0;
            desc.label = "tonemap_pass_tonemap_pass_shader";
            return desc;
        }
        return default(sg_shader_desc);
    }
    public static int tonemap_pass_tonemap_pass_attr_slot(string attr_name) {
        return -1;
    }
    public static int tonemap_pass_tonemap_pass_texture_slot(string tex_name) {
        if (tex_name == "hdr_tex") {
            return 0;
        }
        return -1;
    }
    public static int tonemap_pass_tonemap_pass_sampler_slot(string smp_name) {
        if (smp_name == "hdr_smp") {
            return 0;
        }
        return -1;
    }
    public static int tonemap_pass_tonemap_pass_uniformblock_slot(string ub_name) {
        if (ub_name == "tonemap_params") {
            return 0;
        }
        return -1;
    }
    public static int tonemap_pass_tonemap_pass_uniformblock_size(string ub_name) {
        if (ub_name == "tonemap_params") {
            return Marshal.SizeOf<tonemap_pass_tonemap_params_t>();
        }
        return 0;
    }
    public static int tonemap_pass_tonemap_pass_uniform_offset(string ub_name, string u_name) {
        if (ub_name == "tonemap_params") {
            if (u_name == "u_Exposure") {
                return 0;
            }
            if (u_name == "u_Type") {
                return 4;
            }
            if (u_name == "_pad0") {
                return 8;
            }
            if (u_name == "_pad1") {
                return 12;
            }
        }
        return -1;
    }
    public static sg_glsl_shader_uniform tonemap_pass_tonemap_pass_uniform_desc(string ub_name, string u_name) {
        sg_glsl_shader_uniform res = default;
        if (ub_name == "tonemap_params") {
            if (u_name == "u_Exposure") {
                res.type = SG_UNIFORMTYPE_FLOAT;
                res.array_count = 0;
                res.glsl_name = "u_Exposure";
                return res;
            }
            if (u_name == "u_Type") {
                res.type = SG_UNIFORMTYPE_INT;
                res.array_count = 0;
                res.glsl_name = "u_Type";
                return res;
            }
            if (u_name == "_pad0") {
                res.type = SG_UNIFORMTYPE_FLOAT;
                res.array_count = 0;
                res.glsl_name = "_pad0";
                return res;
            }
            if (u_name == "_pad1") {
                res.type = SG_UNIFORMTYPE_FLOAT;
                res.array_count = 0;
                res.glsl_name = "_pad1";
                return res;
            }
        }
        return res;
    }
    public static int tonemap_pass_tonemap_pass_storagebuffer_slot(string sbuf_name) {
        return -1;
    }
    public static int tonemap_pass_tonemap_pass_storageimage_slot(string simg_name) {
        return -1;
    }
}

} // namescape 

