using static Sokol.SG;
using static Sokol.SG.sg_backend;
using static Sokol.SG.sg_shader_stage;
using static Sokol.SG.sg_uniform_type;
using static Sokol.SG.sg_uniform_layout;
using static Sokol.SG.sg_image_type;
using static Sokol.SG.sg_sampler_type;
using static Sokol.SG.sg_image_sample_type;
using static Sokol.SG.sg_shader_attr_base_type;
using System.Numerics;
using System.Runtime.InteropServices;


using hmm_vec2=System.Numerics.Vector2;
using hmm_vec3=System.Numerics.Vector3;
using hmm_vec4=System.Numerics.Vector4;
using hmm_mat4=System.Numerics.Matrix4x4;


using vec2_t=System.Numerics.Vector2;
using vec3_t=System.Numerics.Vector3;
using vec4_t=System.Numerics.Vector4;
using mat44_t=System.Numerics.Matrix4x4;


namespace particle_shader_cs_r2d {

public static unsafe class Shaders 
{
    /*
        #version:1# (machine generated, don't edit!)

        Generated by sokol-shdc (https://github.com/floooh/sokol-tools)

        Cmdline:
            sokol-shdc --input /Users/elialoni/Development/Graphics/Sokol.NET/src/Render2D/shaders/particle.glsl --output /Users/elialoni/Development/Graphics/Sokol.NET/src/Render2D/shaders/compiled/particle_shader.cs --module r2d --slang glsl430:hlsl5:metal_macos:metal_ios:glsl300es --reflection -f sokol_csharp

        Overview:
        =========
        Shader program: 'particle':
            Get shader desc: r2d_particle_shader_desc(sg_query_backend());
            Vertex Shader: particle_vs
            Fragment Shader: particle_fs
            Attributes:
                ATTR_r2d_particle_corner => 0
                ATTR_r2d_particle_i_pos => 1
                ATTR_r2d_particle_i_size => 2
                ATTR_r2d_particle_i_rot => 3
                ATTR_r2d_particle_i_color => 4
                ATTR_r2d_particle_i_uvrect => 5
                ATTR_r2d_particle_i_mode => 6
        Bindings:
            Uniform block 'particle_params':
                C struct: r2d_particle_params_t
                Bind slot: UB_r2d_particle_params => 0
            Texture 'part_tex':
                Image type: SG_IMAGETYPE_2D
                Sample type: SG_IMAGESAMPLETYPE_FLOAT
                Multisampled: false
                Bind slot: VIEW_r2d_part_tex => 0
            Sampler 'part_smp':
                Type: SG_SAMPLERTYPE_FILTERING
                Bind slot: SMP_r2d_part_smp => 0
    */
    public const int ATTR_r2d_particle_corner = 0;
    public const int ATTR_r2d_particle_i_pos = 1;
    public const int ATTR_r2d_particle_i_size = 2;
    public const int ATTR_r2d_particle_i_rot = 3;
    public const int ATTR_r2d_particle_i_color = 4;
    public const int ATTR_r2d_particle_i_uvrect = 5;
    public const int ATTR_r2d_particle_i_mode = 6;
    public const int UB_r2d_particle_params = 0;
    public const int VIEW_r2d_part_tex = 0;
    public const int SMP_r2d_part_smp = 0;
    
[StructLayout(LayoutKind.Sequential)]
    public struct r2d_particle_params_t {
        public r2d_particle_params_t(){}
        public fixed float viewport[4];
    };
    /*
        #version 430

        uniform vec4 particle_params[1];
        layout(location = 3) in float i_rot;
        layout(location = 0) in vec2 corner;
        layout(location = 2) in vec2 i_size;
        layout(location = 1) in vec2 i_pos;
        layout(location = 0) out vec2 v_local;
        layout(location = 1) out vec2 v_texuv;
        layout(location = 5) in vec4 i_uvrect;
        layout(location = 2) out vec4 v_color;
        layout(location = 4) in vec4 i_color;
        layout(location = 3) out float v_mode;
        layout(location = 6) in float i_mode;

        void main()
        {
            float _12 = sin(i_rot);
            float _15 = cos(i_rot);
            float _28 = corner.x * i_size.x;
            float _34 = corner.y * i_size.y;
            vec2 _60 = i_pos + vec2((_28 * _15) - (_34 * _12), (_28 * _12) + (_34 * _15));
            gl_Position = vec4(((_60.x / particle_params[0].x) * 2.0) - 1.0, 1.0 - ((_60.y / particle_params[0].y) * 2.0), 0.0, 1.0);
            v_local = corner;
            v_texuv = mix(i_uvrect.xy, i_uvrect.zw, (corner * 0.5) + vec2(0.5));
            v_color = i_color;
            v_mode = i_mode;
        }

    */
    static readonly byte[] r2d_particle_vs_source_glsl430 = {
            0x23,    0x76,    0x65,    0x72,    0x73,    0x69,    0x6f,    0x6e,    0x20,    0x34,    0x33,    0x30,    0x0a,    0x0a,    0x75,    0x6e,    
            0x69,    0x66,    0x6f,    0x72,    0x6d,    0x20,    0x76,    0x65,    0x63,    0x34,    0x20,    0x70,    0x61,    0x72,    0x74,    0x69,    
            0x63,    0x6c,    0x65,    0x5f,    0x70,    0x61,    0x72,    0x61,    0x6d,    0x73,    0x5b,    0x31,    0x5d,    0x3b,    0x0a,    0x6c,    
            0x61,    0x79,    0x6f,    0x75,    0x74,    0x28,    0x6c,    0x6f,    0x63,    0x61,    0x74,    0x69,    0x6f,    0x6e,    0x20,    0x3d,    
            0x20,    0x33,    0x29,    0x20,    0x69,    0x6e,    0x20,    0x66,    0x6c,    0x6f,    0x61,    0x74,    0x20,    0x69,    0x5f,    0x72,    
            0x6f,    0x74,    0x3b,    0x0a,    0x6c,    0x61,    0x79,    0x6f,    0x75,    0x74,    0x28,    0x6c,    0x6f,    0x63,    0x61,    0x74,    
            0x69,    0x6f,    0x6e,    0x20,    0x3d,    0x20,    0x30,    0x29,    0x20,    0x69,    0x6e,    0x20,    0x76,    0x65,    0x63,    0x32,    
            0x20,    0x63,    0x6f,    0x72,    0x6e,    0x65,    0x72,    0x3b,    0x0a,    0x6c,    0x61,    0x79,    0x6f,    0x75,    0x74,    0x28,    
            0x6c,    0x6f,    0x63,    0x61,    0x74,    0x69,    0x6f,    0x6e,    0x20,    0x3d,    0x20,    0x32,    0x29,    0x20,    0x69,    0x6e,    
            0x20,    0x76,    0x65,    0x63,    0x32,    0x20,    0x69,    0x5f,    0x73,    0x69,    0x7a,    0x65,    0x3b,    0x0a,    0x6c,    0x61,    
            0x79,    0x6f,    0x75,    0x74,    0x28,    0x6c,    0x6f,    0x63,    0x61,    0x74,    0x69,    0x6f,    0x6e,    0x20,    0x3d,    0x20,    
            0x31,    0x29,    0x20,    0x69,    0x6e,    0x20,    0x76,    0x65,    0x63,    0x32,    0x20,    0x69,    0x5f,    0x70,    0x6f,    0x73,    
            0x3b,    0x0a,    0x6c,    0x61,    0x79,    0x6f,    0x75,    0x74,    0x28,    0x6c,    0x6f,    0x63,    0x61,    0x74,    0x69,    0x6f,    
            0x6e,    0x20,    0x3d,    0x20,    0x30,    0x29,    0x20,    0x6f,    0x75,    0x74,    0x20,    0x76,    0x65,    0x63,    0x32,    0x20,    
            0x76,    0x5f,    0x6c,    0x6f,    0x63,    0x61,    0x6c,    0x3b,    0x0a,    0x6c,    0x61,    0x79,    0x6f,    0x75,    0x74,    0x28,    
            0x6c,    0x6f,    0x63,    0x61,    0x74,    0x69,    0x6f,    0x6e,    0x20,    0x3d,    0x20,    0x31,    0x29,    0x20,    0x6f,    0x75,    
            0x74,    0x20,    0x76,    0x65,    0x63,    0x32,    0x20,    0x76,    0x5f,    0x74,    0x65,    0x78,    0x75,    0x76,    0x3b,    0x0a,    
            0x6c,    0x61,    0x79,    0x6f,    0x75,    0x74,    0x28,    0x6c,    0x6f,    0x63,    0x61,    0x74,    0x69,    0x6f,    0x6e,    0x20,    
            0x3d,    0x20,    0x35,    0x29,    0x20,    0x69,    0x6e,    0x20,    0x76,    0x65,    0x63,    0x34,    0x20,    0x69,    0x5f,    0x75,    
            0x76,    0x72,    0x65,    0x63,    0x74,    0x3b,    0x0a,    0x6c,    0x61,    0x79,    0x6f,    0x75,    0x74,    0x28,    0x6c,    0x6f,    
            0x63,    0x61,    0x74,    0x69,    0x6f,    0x6e,    0x20,    0x3d,    0x20,    0x32,    0x29,    0x20,    0x6f,    0x75,    0x74,    0x20,    
            0x76,    0x65,    0x63,    0x34,    0x20,    0x76,    0x5f,    0x63,    0x6f,    0x6c,    0x6f,    0x72,    0x3b,    0x0a,    0x6c,    0x61,    
            0x79,    0x6f,    0x75,    0x74,    0x28,    0x6c,    0x6f,    0x63,    0x61,    0x74,    0x69,    0x6f,    0x6e,    0x20,    0x3d,    0x20,    
            0x34,    0x29,    0x20,    0x69,    0x6e,    0x20,    0x76,    0x65,    0x63,    0x34,    0x20,    0x69,    0x5f,    0x63,    0x6f,    0x6c,    
            0x6f,    0x72,    0x3b,    0x0a,    0x6c,    0x61,    0x79,    0x6f,    0x75,    0x74,    0x28,    0x6c,    0x6f,    0x63,    0x61,    0x74,    
            0x69,    0x6f,    0x6e,    0x20,    0x3d,    0x20,    0x33,    0x29,    0x20,    0x6f,    0x75,    0x74,    0x20,    0x66,    0x6c,    0x6f,    
            0x61,    0x74,    0x20,    0x76,    0x5f,    0x6d,    0x6f,    0x64,    0x65,    0x3b,    0x0a,    0x6c,    0x61,    0x79,    0x6f,    0x75,    
            0x74,    0x28,    0x6c,    0x6f,    0x63,    0x61,    0x74,    0x69,    0x6f,    0x6e,    0x20,    0x3d,    0x20,    0x36,    0x29,    0x20,    
            0x69,    0x6e,    0x20,    0x66,    0x6c,    0x6f,    0x61,    0x74,    0x20,    0x69,    0x5f,    0x6d,    0x6f,    0x64,    0x65,    0x3b,    
            0x0a,    0x0a,    0x76,    0x6f,    0x69,    0x64,    0x20,    0x6d,    0x61,    0x69,    0x6e,    0x28,    0x29,    0x0a,    0x7b,    0x0a,    
            0x20,    0x20,    0x20,    0x20,    0x66,    0x6c,    0x6f,    0x61,    0x74,    0x20,    0x5f,    0x31,    0x32,    0x20,    0x3d,    0x20,    
            0x73,    0x69,    0x6e,    0x28,    0x69,    0x5f,    0x72,    0x6f,    0x74,    0x29,    0x3b,    0x0a,    0x20,    0x20,    0x20,    0x20,    
            0x66,    0x6c,    0x6f,    0x61,    0x74,    0x20,    0x5f,    0x31,    0x35,    0x20,    0x3d,    0x20,    0x63,    0x6f,    0x73,    0x28,    
            0x69,    0x5f,    0x72,    0x6f,    0x74,    0x29,    0x3b,    0x0a,    0x20,    0x20,    0x20,    0x20,    0x66,    0x6c,    0x6f,    0x61,    
            0x74,    0x20,    0x5f,    0x32,    0x38,    0x20,    0x3d,    0x20,    0x63,    0x6f,    0x72,    0x6e,    0x65,    0x72,    0x2e,    0x78,    
            0x20,    0x2a,    0x20,    0x69,    0x5f,    0x73,    0x69,    0x7a,    0x65,    0x2e,    0x78,    0x3b,    0x0a,    0x20,    0x20,    0x20,    
            0x20,    0x66,    0x6c,    0x6f,    0x61,    0x74,    0x20,    0x5f,    0x33,    0x34,    0x20,    0x3d,    0x20,    0x63,    0x6f,    0x72,    
            0x6e,    0x65,    0x72,    0x2e,    0x79,    0x20,    0x2a,    0x20,    0x69,    0x5f,    0x73,    0x69,    0x7a,    0x65,    0x2e,    0x79,    
            0x3b,    0x0a,    0x20,    0x20,    0x20,    0x20,    0x76,    0x65,    0x63,    0x32,    0x20,    0x5f,    0x36,    0x30,    0x20,    0x3d,    
            0x20,    0x69,    0x5f,    0x70,    0x6f,    0x73,    0x20,    0x2b,    0x20,    0x76,    0x65,    0x63,    0x32,    0x28,    0x28,    0x5f,    
            0x32,    0x38,    0x20,    0x2a,    0x20,    0x5f,    0x31,    0x35,    0x29,    0x20,    0x2d,    0x20,    0x28,    0x5f,    0x33,    0x34,    
            0x20,    0x2a,    0x20,    0x5f,    0x31,    0x32,    0x29,    0x2c,    0x20,    0x28,    0x5f,    0x32,    0x38,    0x20,    0x2a,    0x20,    
            0x5f,    0x31,    0x32,    0x29,    0x20,    0x2b,    0x20,    0x28,    0x5f,    0x33,    0x34,    0x20,    0x2a,    0x20,    0x5f,    0x31,    
            0x35,    0x29,    0x29,    0x3b,    0x0a,    0x20,    0x20,    0x20,    0x20,    0x67,    0x6c,    0x5f,    0x50,    0x6f,    0x73,    0x69,    
            0x74,    0x69,    0x6f,    0x6e,    0x20,    0x3d,    0x20,    0x76,    0x65,    0x63,    0x34,    0x28,    0x28,    0x28,    0x5f,    0x36,    
            0x30,    0x2e,    0x78,    0x20,    0x2f,    0x20,    0x70,    0x61,    0x72,    0x74,    0x69,    0x63,    0x6c,    0x65,    0x5f,    0x70,    
            0x61,    0x72,    0x61,    0x6d,    0x73,    0x5b,    0x30,    0x5d,    0x2e,    0x78,    0x29,    0x20,    0x2a,    0x20,    0x32,    0x2e,    
            0x30,    0x29,    0x20,    0x2d,    0x20,    0x31,    0x2e,    0x30,    0x2c,    0x20,    0x31,    0x2e,    0x30,    0x20,    0x2d,    0x20,    
            0x28,    0x28,    0x5f,    0x36,    0x30,    0x2e,    0x79,    0x20,    0x2f,    0x20,    0x70,    0x61,    0x72,    0x74,    0x69,    0x63,    
            0x6c,    0x65,    0x5f,    0x70,    0x61,    0x72,    0x61,    0x6d,    0x73,    0x5b,    0x30,    0x5d,    0x2e,    0x79,    0x29,    0x20,    
            0x2a,    0x20,    0x32,    0x2e,    0x30,    0x29,    0x2c,    0x20,    0x30,    0x2e,    0x30,    0x2c,    0x20,    0x31,    0x2e,    0x30,    
            0x29,    0x3b,    0x0a,    0x20,    0x20,    0x20,    0x20,    0x76,    0x5f,    0x6c,    0x6f,    0x63,    0x61,    0x6c,    0x20,    0x3d,    
            0x20,    0x63,    0x6f,    0x72,    0x6e,    0x65,    0x72,    0x3b,    0x0a,    0x20,    0x20,    0x20,    0x20,    0x76,    0x5f,    0x74,    
            0x65,    0x78,    0x75,    0x76,    0x20,    0x3d,    0x20,    0x6d,    0x69,    0x78,    0x28,    0x69,    0x5f,    0x75,    0x76,    0x72,    
            0x65,    0x63,    0x74,    0x2e,    0x78,    0x79,    0x2c,    0x20,    0x69,    0x5f,    0x75,    0x76,    0x72,    0x65,    0x63,    0x74,    
            0x2e,    0x7a,    0x77,    0x2c,    0x20,    0x28,    0x63,    0x6f,    0x72,    0x6e,    0x65,    0x72,    0x20,    0x2a,    0x20,    0x30,    
            0x2e,    0x35,    0x29,    0x20,    0x2b,    0x20,    0x76,    0x65,    0x63,    0x32,    0x28,    0x30,    0x2e,    0x35,    0x29,    0x29,    
            0x3b,    0x0a,    0x20,    0x20,    0x20,    0x20,    0x76,    0x5f,    0x63,    0x6f,    0x6c,    0x6f,    0x72,    0x20,    0x3d,    0x20,    
            0x69,    0x5f,    0x63,    0x6f,    0x6c,    0x6f,    0x72,    0x3b,    0x0a,    0x20,    0x20,    0x20,    0x20,    0x76,    0x5f,    0x6d,    
            0x6f,    0x64,    0x65,    0x20,    0x3d,    0x20,    0x69,    0x5f,    0x6d,    0x6f,    0x64,    0x65,    0x3b,    0x0a,    0x7d,    0x0a,    
            0x0a,    0x00,    
};
    /*
        #version 430

        layout(binding = 0) uniform sampler2D part_tex_part_smp;

        layout(location = 3) in float v_mode;
        layout(location = 2) in vec4 v_color;
        layout(location = 1) in vec2 v_texuv;
        layout(location = 0) in vec2 v_local;
        layout(location = 0) out vec4 frag_color;

        void main()
        {
            int _15 = int(v_mode + 0.5);
            vec4 col = v_color;
            if (_15 == 3)
            {
                col *= texture(part_tex_part_smp, v_texuv);
            }
            else
            {
                float _50 = length(v_local);
                float a;
                if (_15 == 1)
                {
                    a = 1.0 - smoothstep(0.85000002384185791015625, 1.0, _50);
                }
                else
                {
                    if (_15 == 2)
                    {
                        a = step(abs(v_local.x), (v_local.y + 1.0) * 0.5);
                    }
                    else
                    {
                        if (_15 == 4)
                        {
                            a = smoothstep(0.550000011920928955078125, 0.7200000286102294921875, _50) * (1.0 - smoothstep(0.87999999523162841796875, 1.0, _50));
                        }
                        else
                        {
                            if (_15 == 5)
                            {
                                float _116 = mix(0.4199999868869781494140625, 1.0, 0.5 + (0.5 * cos(atan(v_local.y, v_local.x) * 5.0)));
                                a = 1.0 - smoothstep(_116 - 0.070000000298023223876953125, _116, _50);
                            }
                            else
                            {
                                float _128 = clamp(1.0 - _50, 0.0, 1.0);
                                a = _128 * _128;
                            }
                        }
                    }
                }
                vec4 _148 = col;
                _148.w = _148.w * a;
                col = _148;
            }
            if (col.w < 0.0030000000260770320892333984375)
            {
                discard;
            }
            frag_color = col;
        }

    */
    static readonly byte[] r2d_particle_fs_source_glsl430 = {
            0x23,    0x76,    0x65,    0x72,    0x73,    0x69,    0x6f,    0x6e,    0x20,    0x34,    0x33,    0x30,    0x0a,    0x0a,    0x6c,    0x61,    
            0x79,    0x6f,    0x75,    0x74,    0x28,    0x62,    0x69,    0x6e,    0x64,    0x69,    0x6e,    0x67,    0x20,    0x3d,    0x20,    0x30,    
            0x29,    0x20,    0x75,    0x6e,    0x69,    0x66,    0x6f,    0x72,    0x6d,    0x20,    0x73,    0x61,    0x6d,    0x70,    0x6c,    0x65,    
            0x72,    0x32,    0x44,    0x20,    0x70,    0x61,    0x72,    0x74,    0x5f,    0x74,    0x65,    0x78,    0x5f,    0x70,    0x61,    0x72,    
            0x74,    0x5f,    0x73,    0x6d,    0x70,    0x3b,    0x0a,    0x0a,    0x6c,    0x61,    0x79,    0x6f,    0x75,    0x74,    0x28,    0x6c,    
            0x6f,    0x63,    0x61,    0x74,    0x69,    0x6f,    0x6e,    0x20,    0x3d,    0x20,    0x33,    0x29,    0x20,    0x69,    0x6e,    0x20,    
            0x66,    0x6c,    0x6f,    0x61,    0x74,    0x20,    0x76,    0x5f,    0x6d,    0x6f,    0x64,    0x65,    0x3b,    0x0a,    0x6c,    0x61,    
            0x79,    0x6f,    0x75,    0x74,    0x28,    0x6c,    0x6f,    0x63,    0x61,    0x74,    0x69,    0x6f,    0x6e,    0x20,    0x3d,    0x20,    
            0x32,    0x29,    0x20,    0x69,    0x6e,    0x20,    0x76,    0x65,    0x63,    0x34,    0x20,    0x76,    0x5f,    0x63,    0x6f,    0x6c,    
            0x6f,    0x72,    0x3b,    0x0a,    0x6c,    0x61,    0x79,    0x6f,    0x75,    0x74,    0x28,    0x6c,    0x6f,    0x63,    0x61,    0x74,    
            0x69,    0x6f,    0x6e,    0x20,    0x3d,    0x20,    0x31,    0x29,    0x20,    0x69,    0x6e,    0x20,    0x76,    0x65,    0x63,    0x32,    
            0x20,    0x76,    0x5f,    0x74,    0x65,    0x78,    0x75,    0x76,    0x3b,    0x0a,    0x6c,    0x61,    0x79,    0x6f,    0x75,    0x74,    
            0x28,    0x6c,    0x6f,    0x63,    0x61,    0x74,    0x69,    0x6f,    0x6e,    0x20,    0x3d,    0x20,    0x30,    0x29,    0x20,    0x69,    
            0x6e,    0x20,    0x76,    0x65,    0x63,    0x32,    0x20,    0x76,    0x5f,    0x6c,    0x6f,    0x63,    0x61,    0x6c,    0x3b,    0x0a,    
            0x6c,    0x61,    0x79,    0x6f,    0x75,    0x74,    0x28,    0x6c,    0x6f,    0x63,    0x61,    0x74,    0x69,    0x6f,    0x6e,    0x20,    
            0x3d,    0x20,    0x30,    0x29,    0x20,    0x6f,    0x75,    0x74,    0x20,    0x76,    0x65,    0x63,    0x34,    0x20,    0x66,    0x72,    
            0x61,    0x67,    0x5f,    0x63,    0x6f,    0x6c,    0x6f,    0x72,    0x3b,    0x0a,    0x0a,    0x76,    0x6f,    0x69,    0x64,    0x20,    
            0x6d,    0x61,    0x69,    0x6e,    0x28,    0x29,    0x0a,    0x7b,    0x0a,    0x20,    0x20,    0x20,    0x20,    0x69,    0x6e,    0x74,    
            0x20,    0x5f,    0x31,    0x35,    0x20,    0x3d,    0x20,    0x69,    0x6e,    0x74,    0x28,    0x76,    0x5f,    0x6d,    0x6f,    0x64,    
            0x65,    0x20,    0x2b,    0x20,    0x30,    0x2e,    0x35,    0x29,    0x3b,    0x0a,    0x20,    0x20,    0x20,    0x20,    0x76,    0x65,    
            0x63,    0x34,    0x20,    0x63,    0x6f,    0x6c,    0x20,    0x3d,    0x20,    0x76,    0x5f,    0x63,    0x6f,    0x6c,    0x6f,    0x72,    
            0x3b,    0x0a,    0x20,    0x20,    0x20,    0x20,    0x69,    0x66,    0x20,    0x28,    0x5f,    0x31,    0x35,    0x20,    0x3d,    0x3d,    
            0x20,    0x33,    0x29,    0x0a,    0x20,    0x20,    0x20,    0x20,    0x7b,    0x0a,    0x20,    0x20,    0x20,    0x20,    0x20,    0x20,    
            0x20,    0x20,    0x63,    0x6f,    0x6c,    0x20,    0x2a,    0x3d,    0x20,    0x74,    0x65,    0x78,    0x74,    0x75,    0x72,    0x65,    
            0x28,    0x70,    0x61,    0x72,    0x74,    0x5f,    0x74,    0x65,    0x78,    0x5f,    0x70,    0x61,    0x72,    0x74,    0x5f,    0x73,    
            0x6d,    0x70,    0x2c,    0x20,    0x76,    0x5f,    0x74,    0x65,    0x78,    0x75,    0x76,    0x29,    0x3b,    0x0a,    0x20,    0x20,    
            0x20,    0x20,    0x7d,    0x0a,    0x20,    0x20,    0x20,    0x20,    0x65,    0x6c,    0x73,    0x65,    0x0a,    0x20,    0x20,    0x20,    
            0x20,    0x7b,    0x0a,    0x20,    0x20,    0x20,    0x20,    0x20,    0x20,    0x20,    0x20,    0x66,    0x6c,    0x6f,    0x61,    0x74,    
            0x20,    0x5f,    0x35,    0x30,    0x20,    0x3d,    0x20,    0x6c,    0x65,    0x6e,    0x67,    0x74,    0x68,    0x28,    0x76,    0x5f,    
            0x6c,    0x6f,    0x63,    0x61,    0x6c,    0x29,    0x3b,    0x0a,    0x20,    0x20,    0x20,    0x20,    0x20,    0x20,    0x20,    0x20,    
            0x66,    0x6c,    0x6f,    0x61,    0x74,    0x20,    0x61,    0x3b,    0x0a,    0x20,    0x20,    0x20,    0x20,    0x20,    0x20,    0x20,    
            0x20,    0x69,    0x66,    0x20,    0x28,    0x5f,    0x31,    0x35,    0x20,    0x3d,    0x3d,    0x20,    0x31,    0x29,    0x0a,    0x20,    
            0x20,    0x20,    0x20,    0x20,    0x20,    0x20,    0x20,    0x7b,    0x0a,    0x20,    0x20,    0x20,    0x20,    0x20,    0x20,    0x20,    
            0x20,    0x20,    0x20,    0x20,    0x20,    0x61,    0x20,    0x3d,    0x20,    0x31,    0x2e,    0x30,    0x20,    0x2d,    0x20,    0x73,    
            0x6d,    0x6f,    0x6f,    0x74,    0x68,    0x73,    0x74,    0x65,    0x70,    0x28,    0x30,    0x2e,    0x38,    0x35,    0x30,    0x30,    
            0x30,    0x30,    0x30,    0x32,    0x33,    0x38,    0x34,    0x31,    0x38,    0x35,    0x37,    0x39,    0x31,    0x30,    0x31,    0x35,    
            0x36,    0x32,    0x35,    0x2c,    0x20,    0x31,    0x2e,    0x30,    0x2c,    0x20,    0x5f,    0x35,    0x30,    0x29,    0x3b,    0x0a,    
            0x20,    0x20,    0x20,    0x20,    0x20,    0x20,    0x20,    0x20,    0x7d,    0x0a,    0x20,    0x20,    0x20,    0x20,    0x20,    0x20,    
            0x20,    0x20,    0x65,    0x6c,    0x73,    0x65,    0x0a,    0x20,    0x20,    0x20,    0x20,    0x20,    0x20,    0x20,    0x20,    0x7b,    
            0x0a,    0x20,    0x20,    0x20,    0x20,    0x20,    0x20,    0x20,    0x20,    0x20,    0x20,    0x20,    0x20,    0x69,    0x66,    0x20,    
            0x28,    0x5f,    0x31,    0x35,    0x20,    0x3d,    0x3d,    0x20,    0x32,    0x29,    0x0a,    0x20,    0x20,    0x20,    0x20,    0x20,    
            0x20,    0x20,    0x20,    0x20,    0x20,    0x20,    0x20,    0x7b,    0x0a,    0x20,    0x20,    0x20,    0x20,    0x20,    0x20,    0x20,    
            0x20,    0x20,    0x20,    0x20,    0x20,    0x20,    0x20,    0x20,    0x20,    0x61,    0x20,    0x3d,    0x20,    0x73,    0x74,    0x65,    
            0x70,    0x28,    0x61,    0x62,    0x73,    0x28,    0x76,    0x5f,    0x6c,    0x6f,    0x63,    0x61,    0x6c,    0x2e,    0x78,    0x29,    
            0x2c,    0x20,    0x28,    0x76,    0x5f,    0x6c,    0x6f,    0x63,    0x61,    0x6c,    0x2e,    0x79,    0x20,    0x2b,    0x20,    0x31,    
            0x2e,    0x30,    0x29,    0x20,    0x2a,    0x20,    0x30,    0x2e,    0x35,    0x29,    0x3b,    0x0a,    0x20,    0x20,    0x20,    0x20,    
            0x20,    0x20,    0x20,    0x20,    0x20,    0x20,    0x20,    0x20,    0x7d,    0x0a,    0x20,    0x20,    0x20,    0x20,    0x20,    0x20,    
            0x20,    0x20,    0x20,    0x20,    0x20,    0x20,    0x65,    0x6c,    0x73,    0x65,    0x0a,    0x20,    0x20,    0x20,    0x20,    0x20,    
            0x20,    0x20,    0x20,    0x20,    0x20,    0x20,    0x20,    0x7b,    0x0a,    0x20,    0x20,    0x20,    0x20,    0x20,    0x20,    0x20,    
            0x20,    0x20,    0x20,    0x20,    0x20,    0x20,    0x20,    0x20,    0x20,    0x69,    0x66,    0x20,    0x28,    0x5f,    0x31,    0x35,    
            0x20,    0x3d,    0x3d,    0x20,    0x34,    0x29,    0x0a,    0x20,    0x20,    0x20,    0x20,    0x20,    0x20,    0x20,    0x20,    0x20,    
            0x20,    0x20,    0x20,    0x20,    0x20,    0x20,    0x20,    0x7b,    0x0a,    0x20,    0x20,    0x20,    0x20,    0x20,    0x20,    0x20,    
            0x20,    0x20,    0x20,    0x20,    0x20,    0x20,    0x20,    0x20,    0x20,    0x20,    0x20,    0x20,    0x20,    0x61,    0x20,    0x3d,    
            0x20,    0x73,    0x6d,    0x6f,    0x6f,    0x74,    0x68,    0x73,    0x74,    0x65,    0x70,    0x28,    0x30,    0x2e,    0x35,    0x35,    
            0x30,    0x30,    0x30,    0x30,    0x30,    0x31,    0x31,    0x39,    0x32,    0x30,    0x39,    0x32,    0x38,    0x39,    0x35,    0x35,    
            0x30,    0x37,    0x38,    0x31,    0x32,    0x35,    0x2c,    0x20,    0x30,    0x2e,    0x37,    0x32,    0x30,    0x30,    0x30,    0x30,    
            0x30,    0x32,    0x38,    0x36,    0x31,    0x30,    0x32,    0x32,    0x39,    0x34,    0x39,    0x32,    0x31,    0x38,    0x37,    0x35,    
            0x2c,    0x20,    0x5f,    0x35,    0x30,    0x29,    0x20,    0x2a,    0x20,    0x28,    0x31,    0x2e,    0x30,    0x20,    0x2d,    0x20,    
            0x73,    0x6d,    0x6f,    0x6f,    0x74,    0x68,    0x73,    0x74,    0x65,    0x70,    0x28,    0x30,    0x2e,    0x38,    0x37,    0x39,    
            0x39,    0x39,    0x39,    0x39,    0x39,    0x35,    0x32,    0x33,    0x31,    0x36,    0x32,    0x38,    0x34,    0x31,    0x37,    0x39,    
            0x36,    0x38,    0x37,    0x35,    0x2c,    0x20,    0x31,    0x2e,    0x30,    0x2c,    0x20,    0x5f,    0x35,    0x30,    0x29,    0x29,    
            0x3b,    0x0a,    0x20,    0x20,    0x20,    0x20,    0x20,    0x20,    0x20,    0x20,    0x20,    0x20,    0x20,    0x20,    0x20,    0x20,    
            0x20,    0x20,    0x7d,    0x0a,    0x20,    0x20,    0x20,    0x20,    0x20,    0x20,    0x20,    0x20,    0x20,    0x20,    0x20,    0x20,    
            0x20,    0x20,    0x20,    0x20,    0x65,    0x6c,    0x73,    0x65,    0x0a,    0x20,    0x20,    0x20,    0x20,    0x20,    0x20,    0x20,    
            0x20,    0x20,    0x20,    0x20,    0x20,    0x20,    0x20,    0x20,    0x20,    0x7b,    0x0a,    0x20,    0x20,    0x20,    0x20,    0x20,    
            0x20,    0x20,    0x20,    0x20,    0x20,    0x20,    0x20,    0x20,    0x20,    0x20,    0x20,    0x20,    0x20,    0x20,    0x20,    0x69,    
            0x66,    0x20,    0x28,    0x5f,    0x31,    0x35,    0x20,    0x3d,    0x3d,    0x20,    0x35,    0x29,    0x0a,    0x20,    0x20,    0x20,    
            0x20,    0x20,    0x20,    0x20,    0x20,    0x20,    0x20,    0x20,    0x20,    0x20,    0x20,    0x20,    0x20,    0x20,    0x20,    0x20,    
            0x20,    0x7b,    0x0a,    0x20,    0x20,    0x20,    0x20,    0x20,    0x20,    0x20,    0x20,    0x20,    0x20,    0x20,    0x20,    0x20,    
            0x20,    0x20,    0x20,    0x20,    0x20,    0x20,    0x20,    0x20,    0x20,    0x20,    0x20,    0x66,    0x6c,    0x6f,    0x61,    0x74,    
            0x20,    0x5f,    0x31,    0x31,    0x36,    0x20,    0x3d,    0x20,    0x6d,    0x69,    0x78,    0x28,    0x30,    0x2e,    0x34,    0x31,    
            0x39,    0x39,    0x39,    0x39,    0x39,    0x38,    0x36,    0x38,    0x38,    0x36,    0x39,    0x37,    0x38,    0x31,    0x34,    0x39,    
            0x34,    0x31,    0x34,    0x30,    0x36,    0x32,    0x35,    0x2c,    0x20,    0x31,    0x2e,    0x30,    0x2c,    0x20,    0x30,    0x2e,    
            0x35,    0x20,    0x2b,    0x20,    0x28,    0x30,    0x2e,    0x35,    0x20,    0x2a,    0x20,    0x63,    0x6f,    0x73,    0x28,    0x61,    
            0x74,    0x61,    0x6e,    0x28,    0x76,    0x5f,    0x6c,    0x6f,    0x63,    0x61,    0x6c,    0x2e,    0x79,    0x2c,    0x20,    0x76,    
            0x5f,    0x6c,    0x6f,    0x63,    0x61,    0x6c,    0x2e,    0x78,    0x29,    0x20,    0x2a,    0x20,    0x35,    0x2e,    0x30,    0x29,    
            0x29,    0x29,    0x3b,    0x0a,    0x20,    0x20,    0x20,    0x20,    0x20,    0x20,    0x20,    0x20,    0x20,    0x20,    0x20,    0x20,    
            0x20,    0x20,    0x20,    0x20,    0x20,    0x20,    0x20,    0x20,    0x20,    0x20,    0x20,    0x20,    0x61,    0x20,    0x3d,    0x20,    
            0x31,    0x2e,    0x30,    0x20,    0x2d,    0x20,    0x73,    0x6d,    0x6f,    0x6f,    0x74,    0x68,    0x73,    0x74,    0x65,    0x70,    
            0x28,    0x5f,    0x31,    0x31,    0x36,    0x20,    0x2d,    0x20,    0x30,    0x2e,    0x30,    0x37,    0x30,    0x30,    0x30,    0x30,    
            0x30,    0x30,    0x30,    0x32,    0x39,    0x38,    0x30,    0x32,    0x33,    0x32,    0x32,    0x33,    0x38,    0x37,    0x36,    0x39,    
            0x35,    0x33,    0x31,    0x32,    0x35,    0x2c,    0x20,    0x5f,    0x31,    0x31,    0x36,    0x2c,    0x20,    0x5f,    0x35,    0x30,    
            0x29,    0x3b,    0x0a,    0x20,    0x20,    0x20,    0x20,    0x20,    0x20,    0x20,    0x20,    0x20,    0x20,    0x20,    0x20,    0x20,    
            0x20,    0x20,    0x20,    0x20,    0x20,    0x20,    0x20,    0x7d,    0x0a,    0x20,    0x20,    0x20,    0x20,    0x20,    0x20,    0x20,    
            0x20,    0x20,    0x20,    0x20,    0x20,    0x20,    0x20,    0x20,    0x20,    0x20,    0x20,    0x20,    0x20,    0x65,    0x6c,    0x73,    
            0x65,    0x0a,    0x20,    0x20,    0x20,    0x20,    0x20,    0x20,    0x20,    0x20,    0x20,    0x20,    0x20,    0x20,    0x20,    0x20,    
            0x20,    0x20,    0x20,    0x20,    0x20,    0x20,    0x7b,    0x0a,    0x20,    0x20,    0x20,    0x20,    0x20,    0x20,    0x20,    0x20,    
            0x20,    0x20,    0x20,    0x20,    0x20,    0x20,    0x20,    0x20,    0x20,    0x20,    0x20,    0x20,    0x20,    0x20,    0x20,    0x20,    
            0x66,    0x6c,    0x6f,    0x61,    0x74,    0x20,    0x5f,    0x31,    0x32,    0x38,    0x20,    0x3d,    0x20,    0x63,    0x6c,    0x61,    
            0x6d,    0x70,    0x28,    0x31,    0x2e,    0x30,    0x20,    0x2d,    0x20,    0x5f,    0x35,    0x30,    0x2c,    0x20,    0x30,    0x2e,    
            0x30,    0x2c,    0x20,    0x31,    0x2e,    0x30,    0x29,    0x3b,    0x0a,    0x20,    0x20,    0x20,    0x20,    0x20,    0x20,    0x20,    
            0x20,    0x20,    0x20,    0x20,    0x20,    0x20,    0x20,    0x20,    0x20,    0x20,    0x20,    0x20,    0x20,    0x20,    0x20,    0x20,    
            0x20,    0x61,    0x20,    0x3d,    0x20,    0x5f,    0x31,    0x32,    0x38,    0x20,    0x2a,    0x20,    0x5f,    0x31,    0x32,    0x38,    
            0x3b,    0x0a,    0x20,    0x20,    0x20,    0x20,    0x20,    0x20,    0x20,    0x20,    0x20,    0x20,    0x20,    0x20,    0x20,    0x20,    
            0x20,    0x20,    0x20,    0x20,    0x20,    0x20,    0x7d,    0x0a,    0x20,    0x20,    0x20,    0x20,    0x20,    0x20,    0x20,    0x20,    
            0x20,    0x20,    0x20,    0x20,    0x20,    0x20,    0x20,    0x20,    0x7d,    0x0a,    0x20,    0x20,    0x20,    0x20,    0x20,    0x20,    
            0x20,    0x20,    0x20,    0x20,    0x20,    0x20,    0x7d,    0x0a,    0x20,    0x20,    0x20,    0x20,    0x20,    0x20,    0x20,    0x20,    
            0x7d,    0x0a,    0x20,    0x20,    0x20,    0x20,    0x20,    0x20,    0x20,    0x20,    0x76,    0x65,    0x63,    0x34,    0x20,    0x5f,    
            0x31,    0x34,    0x38,    0x20,    0x3d,    0x20,    0x63,    0x6f,    0x6c,    0x3b,    0x0a,    0x20,    0x20,    0x20,    0x20,    0x20,    
            0x20,    0x20,    0x20,    0x5f,    0x31,    0x34,    0x38,    0x2e,    0x77,    0x20,    0x3d,    0x20,    0x5f,    0x31,    0x34,    0x38,    
            0x2e,    0x77,    0x20,    0x2a,    0x20,    0x61,    0x3b,    0x0a,    0x20,    0x20,    0x20,    0x20,    0x20,    0x20,    0x20,    0x20,    
            0x63,    0x6f,    0x6c,    0x20,    0x3d,    0x20,    0x5f,    0x31,    0x34,    0x38,    0x3b,    0x0a,    0x20,    0x20,    0x20,    0x20,    
            0x7d,    0x0a,    0x20,    0x20,    0x20,    0x20,    0x69,    0x66,    0x20,    0x28,    0x63,    0x6f,    0x6c,    0x2e,    0x77,    0x20,    
            0x3c,    0x20,    0x30,    0x2e,    0x30,    0x30,    0x33,    0x30,    0x30,    0x30,    0x30,    0x30,    0x30,    0x30,    0x32,    0x36,    
            0x30,    0x37,    0x37,    0x30,    0x33,    0x32,    0x30,    0x38,    0x39,    0x32,    0x33,    0x33,    0x33,    0x39,    0x38,    0x34,    
            0x33,    0x37,    0x35,    0x29,    0x0a,    0x20,    0x20,    0x20,    0x20,    0x7b,    0x0a,    0x20,    0x20,    0x20,    0x20,    0x20,    
            0x20,    0x20,    0x20,    0x64,    0x69,    0x73,    0x63,    0x61,    0x72,    0x64,    0x3b,    0x0a,    0x20,    0x20,    0x20,    0x20,    
            0x7d,    0x0a,    0x20,    0x20,    0x20,    0x20,    0x66,    0x72,    0x61,    0x67,    0x5f,    0x63,    0x6f,    0x6c,    0x6f,    0x72,    
            0x20,    0x3d,    0x20,    0x63,    0x6f,    0x6c,    0x3b,    0x0a,    0x7d,    0x0a,    0x0a,    0x00,    
};
    /*
        #version 300 es

        uniform vec4 particle_params[1];
        layout(location = 3) in float i_rot;
        layout(location = 0) in vec2 corner;
        layout(location = 2) in vec2 i_size;
        layout(location = 1) in vec2 i_pos;
        out vec2 v_local;
        out vec2 v_texuv;
        layout(location = 5) in vec4 i_uvrect;
        out vec4 v_color;
        layout(location = 4) in vec4 i_color;
        out float v_mode;
        layout(location = 6) in float i_mode;

        void main()
        {
            float _12 = sin(i_rot);
            float _15 = cos(i_rot);
            float _28 = corner.x * i_size.x;
            float _34 = corner.y * i_size.y;
            vec2 _60 = i_pos + vec2((_28 * _15) - (_34 * _12), (_28 * _12) + (_34 * _15));
            gl_Position = vec4(((_60.x / particle_params[0].x) * 2.0) - 1.0, 1.0 - ((_60.y / particle_params[0].y) * 2.0), 0.0, 1.0);
            v_local = corner;
            v_texuv = mix(i_uvrect.xy, i_uvrect.zw, (corner * 0.5) + vec2(0.5));
            v_color = i_color;
            v_mode = i_mode;
        }

    */
    static readonly byte[] r2d_particle_vs_source_glsl300es = {
            0x23,    0x76,    0x65,    0x72,    0x73,    0x69,    0x6f,    0x6e,    0x20,    0x33,    0x30,    0x30,    0x20,    0x65,    0x73,    0x0a,    
            0x0a,    0x75,    0x6e,    0x69,    0x66,    0x6f,    0x72,    0x6d,    0x20,    0x76,    0x65,    0x63,    0x34,    0x20,    0x70,    0x61,    
            0x72,    0x74,    0x69,    0x63,    0x6c,    0x65,    0x5f,    0x70,    0x61,    0x72,    0x61,    0x6d,    0x73,    0x5b,    0x31,    0x5d,    
            0x3b,    0x0a,    0x6c,    0x61,    0x79,    0x6f,    0x75,    0x74,    0x28,    0x6c,    0x6f,    0x63,    0x61,    0x74,    0x69,    0x6f,    
            0x6e,    0x20,    0x3d,    0x20,    0x33,    0x29,    0x20,    0x69,    0x6e,    0x20,    0x66,    0x6c,    0x6f,    0x61,    0x74,    0x20,    
            0x69,    0x5f,    0x72,    0x6f,    0x74,    0x3b,    0x0a,    0x6c,    0x61,    0x79,    0x6f,    0x75,    0x74,    0x28,    0x6c,    0x6f,    
            0x63,    0x61,    0x74,    0x69,    0x6f,    0x6e,    0x20,    0x3d,    0x20,    0x30,    0x29,    0x20,    0x69,    0x6e,    0x20,    0x76,    
            0x65,    0x63,    0x32,    0x20,    0x63,    0x6f,    0x72,    0x6e,    0x65,    0x72,    0x3b,    0x0a,    0x6c,    0x61,    0x79,    0x6f,    
            0x75,    0x74,    0x28,    0x6c,    0x6f,    0x63,    0x61,    0x74,    0x69,    0x6f,    0x6e,    0x20,    0x3d,    0x20,    0x32,    0x29,    
            0x20,    0x69,    0x6e,    0x20,    0x76,    0x65,    0x63,    0x32,    0x20,    0x69,    0x5f,    0x73,    0x69,    0x7a,    0x65,    0x3b,    
            0x0a,    0x6c,    0x61,    0x79,    0x6f,    0x75,    0x74,    0x28,    0x6c,    0x6f,    0x63,    0x61,    0x74,    0x69,    0x6f,    0x6e,    
            0x20,    0x3d,    0x20,    0x31,    0x29,    0x20,    0x69,    0x6e,    0x20,    0x76,    0x65,    0x63,    0x32,    0x20,    0x69,    0x5f,    
            0x70,    0x6f,    0x73,    0x3b,    0x0a,    0x6f,    0x75,    0x74,    0x20,    0x76,    0x65,    0x63,    0x32,    0x20,    0x76,    0x5f,    
            0x6c,    0x6f,    0x63,    0x61,    0x6c,    0x3b,    0x0a,    0x6f,    0x75,    0x74,    0x20,    0x76,    0x65,    0x63,    0x32,    0x20,    
            0x76,    0x5f,    0x74,    0x65,    0x78,    0x75,    0x76,    0x3b,    0x0a,    0x6c,    0x61,    0x79,    0x6f,    0x75,    0x74,    0x28,    
            0x6c,    0x6f,    0x63,    0x61,    0x74,    0x69,    0x6f,    0x6e,    0x20,    0x3d,    0x20,    0x35,    0x29,    0x20,    0x69,    0x6e,    
            0x20,    0x76,    0x65,    0x63,    0x34,    0x20,    0x69,    0x5f,    0x75,    0x76,    0x72,    0x65,    0x63,    0x74,    0x3b,    0x0a,    
            0x6f,    0x75,    0x74,    0x20,    0x76,    0x65,    0x63,    0x34,    0x20,    0x76,    0x5f,    0x63,    0x6f,    0x6c,    0x6f,    0x72,    
            0x3b,    0x0a,    0x6c,    0x61,    0x79,    0x6f,    0x75,    0x74,    0x28,    0x6c,    0x6f,    0x63,    0x61,    0x74,    0x69,    0x6f,    
            0x6e,    0x20,    0x3d,    0x20,    0x34,    0x29,    0x20,    0x69,    0x6e,    0x20,    0x76,    0x65,    0x63,    0x34,    0x20,    0x69,    
            0x5f,    0x63,    0x6f,    0x6c,    0x6f,    0x72,    0x3b,    0x0a,    0x6f,    0x75,    0x74,    0x20,    0x66,    0x6c,    0x6f,    0x61,    
            0x74,    0x20,    0x76,    0x5f,    0x6d,    0x6f,    0x64,    0x65,    0x3b,    0x0a,    0x6c,    0x61,    0x79,    0x6f,    0x75,    0x74,    
            0x28,    0x6c,    0x6f,    0x63,    0x61,    0x74,    0x69,    0x6f,    0x6e,    0x20,    0x3d,    0x20,    0x36,    0x29,    0x20,    0x69,    
            0x6e,    0x20,    0x66,    0x6c,    0x6f,    0x61,    0x74,    0x20,    0x69,    0x5f,    0x6d,    0x6f,    0x64,    0x65,    0x3b,    0x0a,    
            0x0a,    0x76,    0x6f,    0x69,    0x64,    0x20,    0x6d,    0x61,    0x69,    0x6e,    0x28,    0x29,    0x0a,    0x7b,    0x0a,    0x20,    
            0x20,    0x20,    0x20,    0x66,    0x6c,    0x6f,    0x61,    0x74,    0x20,    0x5f,    0x31,    0x32,    0x20,    0x3d,    0x20,    0x73,    
            0x69,    0x6e,    0x28,    0x69,    0x5f,    0x72,    0x6f,    0x74,    0x29,    0x3b,    0x0a,    0x20,    0x20,    0x20,    0x20,    0x66,    
            0x6c,    0x6f,    0x61,    0x74,    0x20,    0x5f,    0x31,    0x35,    0x20,    0x3d,    0x20,    0x63,    0x6f,    0x73,    0x28,    0x69,    
            0x5f,    0x72,    0x6f,    0x74,    0x29,    0x3b,    0x0a,    0x20,    0x20,    0x20,    0x20,    0x66,    0x6c,    0x6f,    0x61,    0x74,    
            0x20,    0x5f,    0x32,    0x38,    0x20,    0x3d,    0x20,    0x63,    0x6f,    0x72,    0x6e,    0x65,    0x72,    0x2e,    0x78,    0x20,    
            0x2a,    0x20,    0x69,    0x5f,    0x73,    0x69,    0x7a,    0x65,    0x2e,    0x78,    0x3b,    0x0a,    0x20,    0x20,    0x20,    0x20,    
            0x66,    0x6c,    0x6f,    0x61,    0x74,    0x20,    0x5f,    0x33,    0x34,    0x20,    0x3d,    0x20,    0x63,    0x6f,    0x72,    0x6e,    
            0x65,    0x72,    0x2e,    0x79,    0x20,    0x2a,    0x20,    0x69,    0x5f,    0x73,    0x69,    0x7a,    0x65,    0x2e,    0x79,    0x3b,    
            0x0a,    0x20,    0x20,    0x20,    0x20,    0x76,    0x65,    0x63,    0x32,    0x20,    0x5f,    0x36,    0x30,    0x20,    0x3d,    0x20,    
            0x69,    0x5f,    0x70,    0x6f,    0x73,    0x20,    0x2b,    0x20,    0x76,    0x65,    0x63,    0x32,    0x28,    0x28,    0x5f,    0x32,    
            0x38,    0x20,    0x2a,    0x20,    0x5f,    0x31,    0x35,    0x29,    0x20,    0x2d,    0x20,    0x28,    0x5f,    0x33,    0x34,    0x20,    
            0x2a,    0x20,    0x5f,    0x31,    0x32,    0x29,    0x2c,    0x20,    0x28,    0x5f,    0x32,    0x38,    0x20,    0x2a,    0x20,    0x5f,    
            0x31,    0x32,    0x29,    0x20,    0x2b,    0x20,    0x28,    0x5f,    0x33,    0x34,    0x20,    0x2a,    0x20,    0x5f,    0x31,    0x35,    
            0x29,    0x29,    0x3b,    0x0a,    0x20,    0x20,    0x20,    0x20,    0x67,    0x6c,    0x5f,    0x50,    0x6f,    0x73,    0x69,    0x74,    
            0x69,    0x6f,    0x6e,    0x20,    0x3d,    0x20,    0x76,    0x65,    0x63,    0x34,    0x28,    0x28,    0x28,    0x5f,    0x36,    0x30,    
            0x2e,    0x78,    0x20,    0x2f,    0x20,    0x70,    0x61,    0x72,    0x74,    0x69,    0x63,    0x6c,    0x65,    0x5f,    0x70,    0x61,    
            0x72,    0x61,    0x6d,    0x73,    0x5b,    0x30,    0x5d,    0x2e,    0x78,    0x29,    0x20,    0x2a,    0x20,    0x32,    0x2e,    0x30,    
            0x29,    0x20,    0x2d,    0x20,    0x31,    0x2e,    0x30,    0x2c,    0x20,    0x31,    0x2e,    0x30,    0x20,    0x2d,    0x20,    0x28,    
            0x28,    0x5f,    0x36,    0x30,    0x2e,    0x79,    0x20,    0x2f,    0x20,    0x70,    0x61,    0x72,    0x74,    0x69,    0x63,    0x6c,    
            0x65,    0x5f,    0x70,    0x61,    0x72,    0x61,    0x6d,    0x73,    0x5b,    0x30,    0x5d,    0x2e,    0x79,    0x29,    0x20,    0x2a,    
            0x20,    0x32,    0x2e,    0x30,    0x29,    0x2c,    0x20,    0x30,    0x2e,    0x30,    0x2c,    0x20,    0x31,    0x2e,    0x30,    0x29,    
            0x3b,    0x0a,    0x20,    0x20,    0x20,    0x20,    0x76,    0x5f,    0x6c,    0x6f,    0x63,    0x61,    0x6c,    0x20,    0x3d,    0x20,    
            0x63,    0x6f,    0x72,    0x6e,    0x65,    0x72,    0x3b,    0x0a,    0x20,    0x20,    0x20,    0x20,    0x76,    0x5f,    0x74,    0x65,    
            0x78,    0x75,    0x76,    0x20,    0x3d,    0x20,    0x6d,    0x69,    0x78,    0x28,    0x69,    0x5f,    0x75,    0x76,    0x72,    0x65,    
            0x63,    0x74,    0x2e,    0x78,    0x79,    0x2c,    0x20,    0x69,    0x5f,    0x75,    0x76,    0x72,    0x65,    0x63,    0x74,    0x2e,    
            0x7a,    0x77,    0x2c,    0x20,    0x28,    0x63,    0x6f,    0x72,    0x6e,    0x65,    0x72,    0x20,    0x2a,    0x20,    0x30,    0x2e,    
            0x35,    0x29,    0x20,    0x2b,    0x20,    0x76,    0x65,    0x63,    0x32,    0x28,    0x30,    0x2e,    0x35,    0x29,    0x29,    0x3b,    
            0x0a,    0x20,    0x20,    0x20,    0x20,    0x76,    0x5f,    0x63,    0x6f,    0x6c,    0x6f,    0x72,    0x20,    0x3d,    0x20,    0x69,    
            0x5f,    0x63,    0x6f,    0x6c,    0x6f,    0x72,    0x3b,    0x0a,    0x20,    0x20,    0x20,    0x20,    0x76,    0x5f,    0x6d,    0x6f,    
            0x64,    0x65,    0x20,    0x3d,    0x20,    0x69,    0x5f,    0x6d,    0x6f,    0x64,    0x65,    0x3b,    0x0a,    0x7d,    0x0a,    0x0a,    
            0x00,    
};
    /*
        #version 300 es
        precision mediump float;
        precision highp int;

        uniform highp sampler2D part_tex_part_smp;

        in highp float v_mode;
        in highp vec4 v_color;
        in highp vec2 v_texuv;
        in highp vec2 v_local;
        layout(location = 0) out highp vec4 frag_color;

        void main()
        {
            int _15 = int(v_mode + 0.5);
            highp vec4 col = v_color;
            if (_15 == 3)
            {
                col *= texture(part_tex_part_smp, v_texuv);
            }
            else
            {
                highp float _50 = length(v_local);
                highp float a;
                if (_15 == 1)
                {
                    a = 1.0 - smoothstep(0.85000002384185791015625, 1.0, _50);
                }
                else
                {
                    if (_15 == 2)
                    {
                        a = step(abs(v_local.x), (v_local.y + 1.0) * 0.5);
                    }
                    else
                    {
                        if (_15 == 4)
                        {
                            a = smoothstep(0.550000011920928955078125, 0.7200000286102294921875, _50) * (1.0 - smoothstep(0.87999999523162841796875, 1.0, _50));
                        }
                        else
                        {
                            if (_15 == 5)
                            {
                                highp float _116 = mix(0.4199999868869781494140625, 1.0, 0.5 + (0.5 * cos(atan(v_local.y, v_local.x) * 5.0)));
                                a = 1.0 - smoothstep(_116 - 0.070000000298023223876953125, _116, _50);
                            }
                            else
                            {
                                highp float _128 = clamp(1.0 - _50, 0.0, 1.0);
                                a = _128 * _128;
                            }
                        }
                    }
                }
                highp vec4 _148 = col;
                _148.w = _148.w * a;
                col = _148;
            }
            if (col.w < 0.0030000000260770320892333984375)
            {
                discard;
            }
            frag_color = col;
        }

    */
    static readonly byte[] r2d_particle_fs_source_glsl300es = {
            0x23,    0x76,    0x65,    0x72,    0x73,    0x69,    0x6f,    0x6e,    0x20,    0x33,    0x30,    0x30,    0x20,    0x65,    0x73,    0x0a,    
            0x70,    0x72,    0x65,    0x63,    0x69,    0x73,    0x69,    0x6f,    0x6e,    0x20,    0x6d,    0x65,    0x64,    0x69,    0x75,    0x6d,    
            0x70,    0x20,    0x66,    0x6c,    0x6f,    0x61,    0x74,    0x3b,    0x0a,    0x70,    0x72,    0x65,    0x63,    0x69,    0x73,    0x69,    
            0x6f,    0x6e,    0x20,    0x68,    0x69,    0x67,    0x68,    0x70,    0x20,    0x69,    0x6e,    0x74,    0x3b,    0x0a,    0x0a,    0x75,    
            0x6e,    0x69,    0x66,    0x6f,    0x72,    0x6d,    0x20,    0x68,    0x69,    0x67,    0x68,    0x70,    0x20,    0x73,    0x61,    0x6d,    
            0x70,    0x6c,    0x65,    0x72,    0x32,    0x44,    0x20,    0x70,    0x61,    0x72,    0x74,    0x5f,    0x74,    0x65,    0x78,    0x5f,    
            0x70,    0x61,    0x72,    0x74,    0x5f,    0x73,    0x6d,    0x70,    0x3b,    0x0a,    0x0a,    0x69,    0x6e,    0x20,    0x68,    0x69,    
            0x67,    0x68,    0x70,    0x20,    0x66,    0x6c,    0x6f,    0x61,    0x74,    0x20,    0x76,    0x5f,    0x6d,    0x6f,    0x64,    0x65,    
            0x3b,    0x0a,    0x69,    0x6e,    0x20,    0x68,    0x69,    0x67,    0x68,    0x70,    0x20,    0x76,    0x65,    0x63,    0x34,    0x20,    
            0x76,    0x5f,    0x63,    0x6f,    0x6c,    0x6f,    0x72,    0x3b,    0x0a,    0x69,    0x6e,    0x20,    0x68,    0x69,    0x67,    0x68,    
            0x70,    0x20,    0x76,    0x65,    0x63,    0x32,    0x20,    0x76,    0x5f,    0x74,    0x65,    0x78,    0x75,    0x76,    0x3b,    0x0a,    
            0x69,    0x6e,    0x20,    0x68,    0x69,    0x67,    0x68,    0x70,    0x20,    0x76,    0x65,    0x63,    0x32,    0x20,    0x76,    0x5f,    
            0x6c,    0x6f,    0x63,    0x61,    0x6c,    0x3b,    0x0a,    0x6c,    0x61,    0x79,    0x6f,    0x75,    0x74,    0x28,    0x6c,    0x6f,    
            0x63,    0x61,    0x74,    0x69,    0x6f,    0x6e,    0x20,    0x3d,    0x20,    0x30,    0x29,    0x20,    0x6f,    0x75,    0x74,    0x20,    
            0x68,    0x69,    0x67,    0x68,    0x70,    0x20,    0x76,    0x65,    0x63,    0x34,    0x20,    0x66,    0x72,    0x61,    0x67,    0x5f,    
            0x63,    0x6f,    0x6c,    0x6f,    0x72,    0x3b,    0x0a,    0x0a,    0x76,    0x6f,    0x69,    0x64,    0x20,    0x6d,    0x61,    0x69,    
            0x6e,    0x28,    0x29,    0x0a,    0x7b,    0x0a,    0x20,    0x20,    0x20,    0x20,    0x69,    0x6e,    0x74,    0x20,    0x5f,    0x31,    
            0x35,    0x20,    0x3d,    0x20,    0x69,    0x6e,    0x74,    0x28,    0x76,    0x5f,    0x6d,    0x6f,    0x64,    0x65,    0x20,    0x2b,    
            0x20,    0x30,    0x2e,    0x35,    0x29,    0x3b,    0x0a,    0x20,    0x20,    0x20,    0x20,    0x68,    0x69,    0x67,    0x68,    0x70,    
            0x20,    0x76,    0x65,    0x63,    0x34,    0x20,    0x63,    0x6f,    0x6c,    0x20,    0x3d,    0x20,    0x76,    0x5f,    0x63,    0x6f,    
            0x6c,    0x6f,    0x72,    0x3b,    0x0a,    0x20,    0x20,    0x20,    0x20,    0x69,    0x66,    0x20,    0x28,    0x5f,    0x31,    0x35,    
            0x20,    0x3d,    0x3d,    0x20,    0x33,    0x29,    0x0a,    0x20,    0x20,    0x20,    0x20,    0x7b,    0x0a,    0x20,    0x20,    0x20,    
            0x20,    0x20,    0x20,    0x20,    0x20,    0x63,    0x6f,    0x6c,    0x20,    0x2a,    0x3d,    0x20,    0x74,    0x65,    0x78,    0x74,    
            0x75,    0x72,    0x65,    0x28,    0x70,    0x61,    0x72,    0x74,    0x5f,    0x74,    0x65,    0x78,    0x5f,    0x70,    0x61,    0x72,    
            0x74,    0x5f,    0x73,    0x6d,    0x70,    0x2c,    0x20,    0x76,    0x5f,    0x74,    0x65,    0x78,    0x75,    0x76,    0x29,    0x3b,    
            0x0a,    0x20,    0x20,    0x20,    0x20,    0x7d,    0x0a,    0x20,    0x20,    0x20,    0x20,    0x65,    0x6c,    0x73,    0x65,    0x0a,    
            0x20,    0x20,    0x20,    0x20,    0x7b,    0x0a,    0x20,    0x20,    0x20,    0x20,    0x20,    0x20,    0x20,    0x20,    0x68,    0x69,    
            0x67,    0x68,    0x70,    0x20,    0x66,    0x6c,    0x6f,    0x61,    0x74,    0x20,    0x5f,    0x35,    0x30,    0x20,    0x3d,    0x20,    
            0x6c,    0x65,    0x6e,    0x67,    0x74,    0x68,    0x28,    0x76,    0x5f,    0x6c,    0x6f,    0x63,    0x61,    0x6c,    0x29,    0x3b,    
            0x0a,    0x20,    0x20,    0x20,    0x20,    0x20,    0x20,    0x20,    0x20,    0x68,    0x69,    0x67,    0x68,    0x70,    0x20,    0x66,    
            0x6c,    0x6f,    0x61,    0x74,    0x20,    0x61,    0x3b,    0x0a,    0x20,    0x20,    0x20,    0x20,    0x20,    0x20,    0x20,    0x20,    
            0x69,    0x66,    0x20,    0x28,    0x5f,    0x31,    0x35,    0x20,    0x3d,    0x3d,    0x20,    0x31,    0x29,    0x0a,    0x20,    0x20,    
            0x20,    0x20,    0x20,    0x20,    0x20,    0x20,    0x7b,    0x0a,    0x20,    0x20,    0x20,    0x20,    0x20,    0x20,    0x20,    0x20,    
            0x20,    0x20,    0x20,    0x20,    0x61,    0x20,    0x3d,    0x20,    0x31,    0x2e,    0x30,    0x20,    0x2d,    0x20,    0x73,    0x6d,    
            0x6f,    0x6f,    0x74,    0x68,    0x73,    0x74,    0x65,    0x70,    0x28,    0x30,    0x2e,    0x38,    0x35,    0x30,    0x30,    0x30,    
            0x30,    0x30,    0x32,    0x33,    0x38,    0x34,    0x31,    0x38,    0x35,    0x37,    0x39,    0x31,    0x30,    0x31,    0x35,    0x36,    
            0x32,    0x35,    0x2c,    0x20,    0x31,    0x2e,    0x30,    0x2c,    0x20,    0x5f,    0x35,    0x30,    0x29,    0x3b,    0x0a,    0x20,    
            0x20,    0x20,    0x20,    0x20,    0x20,    0x20,    0x20,    0x7d,    0x0a,    0x20,    0x20,    0x20,    0x20,    0x20,    0x20,    0x20,    
            0x20,    0x65,    0x6c,    0x73,    0x65,    0x0a,    0x20,    0x20,    0x20,    0x20,    0x20,    0x20,    0x20,    0x20,    0x7b,    0x0a,    
            0x20,    0x20,    0x20,    0x20,    0x20,    0x20,    0x20,    0x20,    0x20,    0x20,    0x20,    0x20,    0x69,    0x66,    0x20,    0x28,    
            0x5f,    0x31,    0x35,    0x20,    0x3d,    0x3d,    0x20,    0x32,    0x29,    0x0a,    0x20,    0x20,    0x20,    0x20,    0x20,    0x20,    
            0x20,    0x20,    0x20,    0x20,    0x20,    0x20,    0x7b,    0x0a,    0x20,    0x20,    0x20,    0x20,    0x20,    0x20,    0x20,    0x20,    
            0x20,    0x20,    0x20,    0x20,    0x20,    0x20,    0x20,    0x20,    0x61,    0x20,    0x3d,    0x20,    0x73,    0x74,    0x65,    0x70,    
            0x28,    0x61,    0x62,    0x73,    0x28,    0x76,    0x5f,    0x6c,    0x6f,    0x63,    0x61,    0x6c,    0x2e,    0x78,    0x29,    0x2c,    
            0x20,    0x28,    0x76,    0x5f,    0x6c,    0x6f,    0x63,    0x61,    0x6c,    0x2e,    0x79,    0x20,    0x2b,    0x20,    0x31,    0x2e,    
            0x30,    0x29,    0x20,    0x2a,    0x20,    0x30,    0x2e,    0x35,    0x29,    0x3b,    0x0a,    0x20,    0x20,    0x20,    0x20,    0x20,    
            0x20,    0x20,    0x20,    0x20,    0x20,    0x20,    0x20,    0x7d,    0x0a,    0x20,    0x20,    0x20,    0x20,    0x20,    0x20,    0x20,    
            0x20,    0x20,    0x20,    0x20,    0x20,    0x65,    0x6c,    0x73,    0x65,    0x0a,    0x20,    0x20,    0x20,    0x20,    0x20,    0x20,    
            0x20,    0x20,    0x20,    0x20,    0x20,    0x20,    0x7b,    0x0a,    0x20,    0x20,    0x20,    0x20,    0x20,    0x20,    0x20,    0x20,    
            0x20,    0x20,    0x20,    0x20,    0x20,    0x20,    0x20,    0x20,    0x69,    0x66,    0x20,    0x28,    0x5f,    0x31,    0x35,    0x20,    
            0x3d,    0x3d,    0x20,    0x34,    0x29,    0x0a,    0x20,    0x20,    0x20,    0x20,    0x20,    0x20,    0x20,    0x20,    0x20,    0x20,    
            0x20,    0x20,    0x20,    0x20,    0x20,    0x20,    0x7b,    0x0a,    0x20,    0x20,    0x20,    0x20,    0x20,    0x20,    0x20,    0x20,    
            0x20,    0x20,    0x20,    0x20,    0x20,    0x20,    0x20,    0x20,    0x20,    0x20,    0x20,    0x20,    0x61,    0x20,    0x3d,    0x20,    
            0x73,    0x6d,    0x6f,    0x6f,    0x74,    0x68,    0x73,    0x74,    0x65,    0x70,    0x28,    0x30,    0x2e,    0x35,    0x35,    0x30,    
            0x30,    0x30,    0x30,    0x30,    0x31,    0x31,    0x39,    0x32,    0x30,    0x39,    0x32,    0x38,    0x39,    0x35,    0x35,    0x30,    
            0x37,    0x38,    0x31,    0x32,    0x35,    0x2c,    0x20,    0x30,    0x2e,    0x37,    0x32,    0x30,    0x30,    0x30,    0x30,    0x30,    
            0x32,    0x38,    0x36,    0x31,    0x30,    0x32,    0x32,    0x39,    0x34,    0x39,    0x32,    0x31,    0x38,    0x37,    0x35,    0x2c,    
            0x20,    0x5f,    0x35,    0x30,    0x29,    0x20,    0x2a,    0x20,    0x28,    0x31,    0x2e,    0x30,    0x20,    0x2d,    0x20,    0x73,    
            0x6d,    0x6f,    0x6f,    0x74,    0x68,    0x73,    0x74,    0x65,    0x70,    0x28,    0x30,    0x2e,    0x38,    0x37,    0x39,    0x39,    
            0x39,    0x39,    0x39,    0x39,    0x35,    0x32,    0x33,    0x31,    0x36,    0x32,    0x38,    0x34,    0x31,    0x37,    0x39,    0x36,    
            0x38,    0x37,    0x35,    0x2c,    0x20,    0x31,    0x2e,    0x30,    0x2c,    0x20,    0x5f,    0x35,    0x30,    0x29,    0x29,    0x3b,    
            0x0a,    0x20,    0x20,    0x20,    0x20,    0x20,    0x20,    0x20,    0x20,    0x20,    0x20,    0x20,    0x20,    0x20,    0x20,    0x20,    
            0x20,    0x7d,    0x0a,    0x20,    0x20,    0x20,    0x20,    0x20,    0x20,    0x20,    0x20,    0x20,    0x20,    0x20,    0x20,    0x20,    
            0x20,    0x20,    0x20,    0x65,    0x6c,    0x73,    0x65,    0x0a,    0x20,    0x20,    0x20,    0x20,    0x20,    0x20,    0x20,    0x20,    
            0x20,    0x20,    0x20,    0x20,    0x20,    0x20,    0x20,    0x20,    0x7b,    0x0a,    0x20,    0x20,    0x20,    0x20,    0x20,    0x20,    
            0x20,    0x20,    0x20,    0x20,    0x20,    0x20,    0x20,    0x20,    0x20,    0x20,    0x20,    0x20,    0x20,    0x20,    0x69,    0x66,    
            0x20,    0x28,    0x5f,    0x31,    0x35,    0x20,    0x3d,    0x3d,    0x20,    0x35,    0x29,    0x0a,    0x20,    0x20,    0x20,    0x20,    
            0x20,    0x20,    0x20,    0x20,    0x20,    0x20,    0x20,    0x20,    0x20,    0x20,    0x20,    0x20,    0x20,    0x20,    0x20,    0x20,    
            0x7b,    0x0a,    0x20,    0x20,    0x20,    0x20,    0x20,    0x20,    0x20,    0x20,    0x20,    0x20,    0x20,    0x20,    0x20,    0x20,    
            0x20,    0x20,    0x20,    0x20,    0x20,    0x20,    0x20,    0x20,    0x20,    0x20,    0x68,    0x69,    0x67,    0x68,    0x70,    0x20,    
            0x66,    0x6c,    0x6f,    0x61,    0x74,    0x20,    0x5f,    0x31,    0x31,    0x36,    0x20,    0x3d,    0x20,    0x6d,    0x69,    0x78,    
            0x28,    0x30,    0x2e,    0x34,    0x31,    0x39,    0x39,    0x39,    0x39,    0x39,    0x38,    0x36,    0x38,    0x38,    0x36,    0x39,    
            0x37,    0x38,    0x31,    0x34,    0x39,    0x34,    0x31,    0x34,    0x30,    0x36,    0x32,    0x35,    0x2c,    0x20,    0x31,    0x2e,    
            0x30,    0x2c,    0x20,    0x30,    0x2e,    0x35,    0x20,    0x2b,    0x20,    0x28,    0x30,    0x2e,    0x35,    0x20,    0x2a,    0x20,    
            0x63,    0x6f,    0x73,    0x28,    0x61,    0x74,    0x61,    0x6e,    0x28,    0x76,    0x5f,    0x6c,    0x6f,    0x63,    0x61,    0x6c,    
            0x2e,    0x79,    0x2c,    0x20,    0x76,    0x5f,    0x6c,    0x6f,    0x63,    0x61,    0x6c,    0x2e,    0x78,    0x29,    0x20,    0x2a,    
            0x20,    0x35,    0x2e,    0x30,    0x29,    0x29,    0x29,    0x3b,    0x0a,    0x20,    0x20,    0x20,    0x20,    0x20,    0x20,    0x20,    
            0x20,    0x20,    0x20,    0x20,    0x20,    0x20,    0x20,    0x20,    0x20,    0x20,    0x20,    0x20,    0x20,    0x20,    0x20,    0x20,    
            0x20,    0x61,    0x20,    0x3d,    0x20,    0x31,    0x2e,    0x30,    0x20,    0x2d,    0x20,    0x73,    0x6d,    0x6f,    0x6f,    0x74,    
            0x68,    0x73,    0x74,    0x65,    0x70,    0x28,    0x5f,    0x31,    0x31,    0x36,    0x20,    0x2d,    0x20,    0x30,    0x2e,    0x30,    
            0x37,    0x30,    0x30,    0x30,    0x30,    0x30,    0x30,    0x30,    0x32,    0x39,    0x38,    0x30,    0x32,    0x33,    0x32,    0x32,    
            0x33,    0x38,    0x37,    0x36,    0x39,    0x35,    0x33,    0x31,    0x32,    0x35,    0x2c,    0x20,    0x5f,    0x31,    0x31,    0x36,    
            0x2c,    0x20,    0x5f,    0x35,    0x30,    0x29,    0x3b,    0x0a,    0x20,    0x20,    0x20,    0x20,    0x20,    0x20,    0x20,    0x20,    
            0x20,    0x20,    0x20,    0x20,    0x20,    0x20,    0x20,    0x20,    0x20,    0x20,    0x20,    0x20,    0x7d,    0x0a,    0x20,    0x20,    
            0x20,    0x20,    0x20,    0x20,    0x20,    0x20,    0x20,    0x20,    0x20,    0x20,    0x20,    0x20,    0x20,    0x20,    0x20,    0x20,    
            0x20,    0x20,    0x65,    0x6c,    0x73,    0x65,    0x0a,    0x20,    0x20,    0x20,    0x20,    0x20,    0x20,    0x20,    0x20,    0x20,    
            0x20,    0x20,    0x20,    0x20,    0x20,    0x20,    0x20,    0x20,    0x20,    0x20,    0x20,    0x7b,    0x0a,    0x20,    0x20,    0x20,    
            0x20,    0x20,    0x20,    0x20,    0x20,    0x20,    0x20,    0x20,    0x20,    0x20,    0x20,    0x20,    0x20,    0x20,    0x20,    0x20,    
            0x20,    0x20,    0x20,    0x20,    0x20,    0x68,    0x69,    0x67,    0x68,    0x70,    0x20,    0x66,    0x6c,    0x6f,    0x61,    0x74,    
            0x20,    0x5f,    0x31,    0x32,    0x38,    0x20,    0x3d,    0x20,    0x63,    0x6c,    0x61,    0x6d,    0x70,    0x28,    0x31,    0x2e,    
            0x30,    0x20,    0x2d,    0x20,    0x5f,    0x35,    0x30,    0x2c,    0x20,    0x30,    0x2e,    0x30,    0x2c,    0x20,    0x31,    0x2e,    
            0x30,    0x29,    0x3b,    0x0a,    0x20,    0x20,    0x20,    0x20,    0x20,    0x20,    0x20,    0x20,    0x20,    0x20,    0x20,    0x20,    
            0x20,    0x20,    0x20,    0x20,    0x20,    0x20,    0x20,    0x20,    0x20,    0x20,    0x20,    0x20,    0x61,    0x20,    0x3d,    0x20,    
            0x5f,    0x31,    0x32,    0x38,    0x20,    0x2a,    0x20,    0x5f,    0x31,    0x32,    0x38,    0x3b,    0x0a,    0x20,    0x20,    0x20,    
            0x20,    0x20,    0x20,    0x20,    0x20,    0x20,    0x20,    0x20,    0x20,    0x20,    0x20,    0x20,    0x20,    0x20,    0x20,    0x20,    
            0x20,    0x7d,    0x0a,    0x20,    0x20,    0x20,    0x20,    0x20,    0x20,    0x20,    0x20,    0x20,    0x20,    0x20,    0x20,    0x20,    
            0x20,    0x20,    0x20,    0x7d,    0x0a,    0x20,    0x20,    0x20,    0x20,    0x20,    0x20,    0x20,    0x20,    0x20,    0x20,    0x20,    
            0x20,    0x7d,    0x0a,    0x20,    0x20,    0x20,    0x20,    0x20,    0x20,    0x20,    0x20,    0x7d,    0x0a,    0x20,    0x20,    0x20,    
            0x20,    0x20,    0x20,    0x20,    0x20,    0x68,    0x69,    0x67,    0x68,    0x70,    0x20,    0x76,    0x65,    0x63,    0x34,    0x20,    
            0x5f,    0x31,    0x34,    0x38,    0x20,    0x3d,    0x20,    0x63,    0x6f,    0x6c,    0x3b,    0x0a,    0x20,    0x20,    0x20,    0x20,    
            0x20,    0x20,    0x20,    0x20,    0x5f,    0x31,    0x34,    0x38,    0x2e,    0x77,    0x20,    0x3d,    0x20,    0x5f,    0x31,    0x34,    
            0x38,    0x2e,    0x77,    0x20,    0x2a,    0x20,    0x61,    0x3b,    0x0a,    0x20,    0x20,    0x20,    0x20,    0x20,    0x20,    0x20,    
            0x20,    0x63,    0x6f,    0x6c,    0x20,    0x3d,    0x20,    0x5f,    0x31,    0x34,    0x38,    0x3b,    0x0a,    0x20,    0x20,    0x20,    
            0x20,    0x7d,    0x0a,    0x20,    0x20,    0x20,    0x20,    0x69,    0x66,    0x20,    0x28,    0x63,    0x6f,    0x6c,    0x2e,    0x77,    
            0x20,    0x3c,    0x20,    0x30,    0x2e,    0x30,    0x30,    0x33,    0x30,    0x30,    0x30,    0x30,    0x30,    0x30,    0x30,    0x32,    
            0x36,    0x30,    0x37,    0x37,    0x30,    0x33,    0x32,    0x30,    0x38,    0x39,    0x32,    0x33,    0x33,    0x33,    0x39,    0x38,    
            0x34,    0x33,    0x37,    0x35,    0x29,    0x0a,    0x20,    0x20,    0x20,    0x20,    0x7b,    0x0a,    0x20,    0x20,    0x20,    0x20,    
            0x20,    0x20,    0x20,    0x20,    0x64,    0x69,    0x73,    0x63,    0x61,    0x72,    0x64,    0x3b,    0x0a,    0x20,    0x20,    0x20,    
            0x20,    0x7d,    0x0a,    0x20,    0x20,    0x20,    0x20,    0x66,    0x72,    0x61,    0x67,    0x5f,    0x63,    0x6f,    0x6c,    0x6f,    
            0x72,    0x20,    0x3d,    0x20,    0x63,    0x6f,    0x6c,    0x3b,    0x0a,    0x7d,    0x0a,    0x0a,    0x00,    
};
    /*
        cbuffer particle_params : register(b0)
        {
            float4 _72_viewport : packoffset(c0);
        };


        static float4 gl_Position;
        static float i_rot;
        static float2 corner;
        static float2 i_size;
        static float2 i_pos;
        static float2 v_local;
        static float2 v_texuv;
        static float4 i_uvrect;
        static float4 v_color;
        static float4 i_color;
        static float v_mode;
        static float i_mode;

        struct SPIRV_Cross_Input
        {
            float2 corner : TEXCOORD0;
            float2 i_pos : TEXCOORD1;
            float2 i_size : TEXCOORD2;
            float i_rot : TEXCOORD3;
            float4 i_color : TEXCOORD4;
            float4 i_uvrect : TEXCOORD5;
            float i_mode : TEXCOORD6;
        };

        struct SPIRV_Cross_Output
        {
            float2 v_local : TEXCOORD0;
            float2 v_texuv : TEXCOORD1;
            float4 v_color : TEXCOORD2;
            float v_mode : TEXCOORD3;
            float4 gl_Position : SV_Position;
        };

        void vert_main()
        {
            float _12 = sin(i_rot);
            float _15 = cos(i_rot);
            float _28 = corner.x * i_size.x;
            float _34 = corner.y * i_size.y;
            float2 _60 = i_pos + float2((_28 * _15) - (_34 * _12), (_28 * _12) + (_34 * _15));
            gl_Position = float4(((_60.x / _72_viewport.x) * 2.0f) - 1.0f, 1.0f - ((_60.y / _72_viewport.y) * 2.0f), 0.0f, 1.0f);
            v_local = corner;
            v_texuv = lerp(i_uvrect.xy, i_uvrect.zw, (corner * 0.5f) + 0.5f.xx);
            v_color = i_color;
            v_mode = i_mode;
        }

        SPIRV_Cross_Output main(SPIRV_Cross_Input stage_input)
        {
            i_rot = stage_input.i_rot;
            corner = stage_input.corner;
            i_size = stage_input.i_size;
            i_pos = stage_input.i_pos;
            i_uvrect = stage_input.i_uvrect;
            i_color = stage_input.i_color;
            i_mode = stage_input.i_mode;
            vert_main();
            SPIRV_Cross_Output stage_output;
            stage_output.gl_Position = gl_Position;
            stage_output.v_local = v_local;
            stage_output.v_texuv = v_texuv;
            stage_output.v_color = v_color;
            stage_output.v_mode = v_mode;
            return stage_output;
        }
    */
    static readonly byte[] r2d_particle_vs_source_hlsl5 = {
            0x63,    0x62,    0x75,    0x66,    0x66,    0x65,    0x72,    0x20,    0x70,    0x61,    0x72,    0x74,    0x69,    0x63,    0x6c,    0x65,    
            0x5f,    0x70,    0x61,    0x72,    0x61,    0x6d,    0x73,    0x20,    0x3a,    0x20,    0x72,    0x65,    0x67,    0x69,    0x73,    0x74,    
            0x65,    0x72,    0x28,    0x62,    0x30,    0x29,    0x0a,    0x7b,    0x0a,    0x20,    0x20,    0x20,    0x20,    0x66,    0x6c,    0x6f,    
            0x61,    0x74,    0x34,    0x20,    0x5f,    0x37,    0x32,    0x5f,    0x76,    0x69,    0x65,    0x77,    0x70,    0x6f,    0x72,    0x74,    
            0x20,    0x3a,    0x20,    0x70,    0x61,    0x63,    0x6b,    0x6f,    0x66,    0x66,    0x73,    0x65,    0x74,    0x28,    0x63,    0x30,    
            0x29,    0x3b,    0x0a,    0x7d,    0x3b,    0x0a,    0x0a,    0x0a,    0x73,    0x74,    0x61,    0x74,    0x69,    0x63,    0x20,    0x66,    
            0x6c,    0x6f,    0x61,    0x74,    0x34,    0x20,    0x67,    0x6c,    0x5f,    0x50,    0x6f,    0x73,    0x69,    0x74,    0x69,    0x6f,    
            0x6e,    0x3b,    0x0a,    0x73,    0x74,    0x61,    0x74,    0x69,    0x63,    0x20,    0x66,    0x6c,    0x6f,    0x61,    0x74,    0x20,    
            0x69,    0x5f,    0x72,    0x6f,    0x74,    0x3b,    0x0a,    0x73,    0x74,    0x61,    0x74,    0x69,    0x63,    0x20,    0x66,    0x6c,    
            0x6f,    0x61,    0x74,    0x32,    0x20,    0x63,    0x6f,    0x72,    0x6e,    0x65,    0x72,    0x3b,    0x0a,    0x73,    0x74,    0x61,    
            0x74,    0x69,    0x63,    0x20,    0x66,    0x6c,    0x6f,    0x61,    0x74,    0x32,    0x20,    0x69,    0x5f,    0x73,    0x69,    0x7a,    
            0x65,    0x3b,    0x0a,    0x73,    0x74,    0x61,    0x74,    0x69,    0x63,    0x20,    0x66,    0x6c,    0x6f,    0x61,    0x74,    0x32,    
            0x20,    0x69,    0x5f,    0x70,    0x6f,    0x73,    0x3b,    0x0a,    0x73,    0x74,    0x61,    0x74,    0x69,    0x63,    0x20,    0x66,    
            0x6c,    0x6f,    0x61,    0x74,    0x32,    0x20,    0x76,    0x5f,    0x6c,    0x6f,    0x63,    0x61,    0x6c,    0x3b,    0x0a,    0x73,    
            0x74,    0x61,    0x74,    0x69,    0x63,    0x20,    0x66,    0x6c,    0x6f,    0x61,    0x74,    0x32,    0x20,    0x76,    0x5f,    0x74,    
            0x65,    0x78,    0x75,    0x76,    0x3b,    0x0a,    0x73,    0x74,    0x61,    0x74,    0x69,    0x63,    0x20,    0x66,    0x6c,    0x6f,    
            0x61,    0x74,    0x34,    0x20,    0x69,    0x5f,    0x75,    0x76,    0x72,    0x65,    0x63,    0x74,    0x3b,    0x0a,    0x73,    0x74,    
            0x61,    0x74,    0x69,    0x63,    0x20,    0x66,    0x6c,    0x6f,    0x61,    0x74,    0x34,    0x20,    0x76,    0x5f,    0x63,    0x6f,    
            0x6c,    0x6f,    0x72,    0x3b,    0x0a,    0x73,    0x74,    0x61,    0x74,    0x69,    0x63,    0x20,    0x66,    0x6c,    0x6f,    0x61,    
            0x74,    0x34,    0x20,    0x69,    0x5f,    0x63,    0x6f,    0x6c,    0x6f,    0x72,    0x3b,    0x0a,    0x73,    0x74,    0x61,    0x74,    
            0x69,    0x63,    0x20,    0x66,    0x6c,    0x6f,    0x61,    0x74,    0x20,    0x76,    0x5f,    0x6d,    0x6f,    0x64,    0x65,    0x3b,    
            0x0a,    0x73,    0x74,    0x61,    0x74,    0x69,    0x63,    0x20,    0x66,    0x6c,    0x6f,    0x61,    0x74,    0x20,    0x69,    0x5f,    
            0x6d,    0x6f,    0x64,    0x65,    0x3b,    0x0a,    0x0a,    0x73,    0x74,    0x72,    0x75,    0x63,    0x74,    0x20,    0x53,    0x50,    
            0x49,    0x52,    0x56,    0x5f,    0x43,    0x72,    0x6f,    0x73,    0x73,    0x5f,    0x49,    0x6e,    0x70,    0x75,    0x74,    0x0a,    
            0x7b,    0x0a,    0x20,    0x20,    0x20,    0x20,    0x66,    0x6c,    0x6f,    0x61,    0x74,    0x32,    0x20,    0x63,    0x6f,    0x72,    
            0x6e,    0x65,    0x72,    0x20,    0x3a,    0x20,    0x54,    0x45,    0x58,    0x43,    0x4f,    0x4f,    0x52,    0x44,    0x30,    0x3b,    
            0x0a,    0x20,    0x20,    0x20,    0x20,    0x66,    0x6c,    0x6f,    0x61,    0x74,    0x32,    0x20,    0x69,    0x5f,    0x70,    0x6f,    
            0x73,    0x20,    0x3a,    0x20,    0x54,    0x45,    0x58,    0x43,    0x4f,    0x4f,    0x52,    0x44,    0x31,    0x3b,    0x0a,    0x20,    
            0x20,    0x20,    0x20,    0x66,    0x6c,    0x6f,    0x61,    0x74,    0x32,    0x20,    0x69,    0x5f,    0x73,    0x69,    0x7a,    0x65,    
            0x20,    0x3a,    0x20,    0x54,    0x45,    0x58,    0x43,    0x4f,    0x4f,    0x52,    0x44,    0x32,    0x3b,    0x0a,    0x20,    0x20,    
            0x20,    0x20,    0x66,    0x6c,    0x6f,    0x61,    0x74,    0x20,    0x69,    0x5f,    0x72,    0x6f,    0x74,    0x20,    0x3a,    0x20,    
            0x54,    0x45,    0x58,    0x43,    0x4f,    0x4f,    0x52,    0x44,    0x33,    0x3b,    0x0a,    0x20,    0x20,    0x20,    0x20,    0x66,    
            0x6c,    0x6f,    0x61,    0x74,    0x34,    0x20,    0x69,    0x5f,    0x63,    0x6f,    0x6c,    0x6f,    0x72,    0x20,    0x3a,    0x20,    
            0x54,    0x45,    0x58,    0x43,    0x4f,    0x4f,    0x52,    0x44,    0x34,    0x3b,    0x0a,    0x20,    0x20,    0x20,    0x20,    0x66,    
            0x6c,    0x6f,    0x61,    0x74,    0x34,    0x20,    0x69,    0x5f,    0x75,    0x76,    0x72,    0x65,    0x63,    0x74,    0x20,    0x3a,    
            0x20,    0x54,    0x45,    0x58,    0x43,    0x4f,    0x4f,    0x52,    0x44,    0x35,    0x3b,    0x0a,    0x20,    0x20,    0x20,    0x20,    
            0x66,    0x6c,    0x6f,    0x61,    0x74,    0x20,    0x69,    0x5f,    0x6d,    0x6f,    0x64,    0x65,    0x20,    0x3a,    0x20,    0x54,    
            0x45,    0x58,    0x43,    0x4f,    0x4f,    0x52,    0x44,    0x36,    0x3b,    0x0a,    0x7d,    0x3b,    0x0a,    0x0a,    0x73,    0x74,    
            0x72,    0x75,    0x63,    0x74,    0x20,    0x53,    0x50,    0x49,    0x52,    0x56,    0x5f,    0x43,    0x72,    0x6f,    0x73,    0x73,    
            0x5f,    0x4f,    0x75,    0x74,    0x70,    0x75,    0x74,    0x0a,    0x7b,    0x0a,    0x20,    0x20,    0x20,    0x20,    0x66,    0x6c,    
            0x6f,    0x61,    0x74,    0x32,    0x20,    0x76,    0x5f,    0x6c,    0x6f,    0x63,    0x61,    0x6c,    0x20,    0x3a,    0x20,    0x54,    
            0x45,    0x58,    0x43,    0x4f,    0x4f,    0x52,    0x44,    0x30,    0x3b,    0x0a,    0x20,    0x20,    0x20,    0x20,    0x66,    0x6c,    
            0x6f,    0x61,    0x74,    0x32,    0x20,    0x76,    0x5f,    0x74,    0x65,    0x78,    0x75,    0x76,    0x20,    0x3a,    0x20,    0x54,    
            0x45,    0x58,    0x43,    0x4f,    0x4f,    0x52,    0x44,    0x31,    0x3b,    0x0a,    0x20,    0x20,    0x20,    0x20,    0x66,    0x6c,    
            0x6f,    0x61,    0x74,    0x34,    0x20,    0x76,    0x5f,    0x63,    0x6f,    0x6c,    0x6f,    0x72,    0x20,    0x3a,    0x20,    0x54,    
            0x45,    0x58,    0x43,    0x4f,    0x4f,    0x52,    0x44,    0x32,    0x3b,    0x0a,    0x20,    0x20,    0x20,    0x20,    0x66,    0x6c,    
            0x6f,    0x61,    0x74,    0x20,    0x76,    0x5f,    0x6d,    0x6f,    0x64,    0x65,    0x20,    0x3a,    0x20,    0x54,    0x45,    0x58,    
            0x43,    0x4f,    0x4f,    0x52,    0x44,    0x33,    0x3b,    0x0a,    0x20,    0x20,    0x20,    0x20,    0x66,    0x6c,    0x6f,    0x61,    
            0x74,    0x34,    0x20,    0x67,    0x6c,    0x5f,    0x50,    0x6f,    0x73,    0x69,    0x74,    0x69,    0x6f,    0x6e,    0x20,    0x3a,    
            0x20,    0x53,    0x56,    0x5f,    0x50,    0x6f,    0x73,    0x69,    0x74,    0x69,    0x6f,    0x6e,    0x3b,    0x0a,    0x7d,    0x3b,    
            0x0a,    0x0a,    0x76,    0x6f,    0x69,    0x64,    0x20,    0x76,    0x65,    0x72,    0x74,    0x5f,    0x6d,    0x61,    0x69,    0x6e,    
            0x28,    0x29,    0x0a,    0x7b,    0x0a,    0x20,    0x20,    0x20,    0x20,    0x66,    0x6c,    0x6f,    0x61,    0x74,    0x20,    0x5f,    
            0x31,    0x32,    0x20,    0x3d,    0x20,    0x73,    0x69,    0x6e,    0x28,    0x69,    0x5f,    0x72,    0x6f,    0x74,    0x29,    0x3b,    
            0x0a,    0x20,    0x20,    0x20,    0x20,    0x66,    0x6c,    0x6f,    0x61,    0x74,    0x20,    0x5f,    0x31,    0x35,    0x20,    0x3d,    
            0x20,    0x63,    0x6f,    0x73,    0x28,    0x69,    0x5f,    0x72,    0x6f,    0x74,    0x29,    0x3b,    0x0a,    0x20,    0x20,    0x20,    
            0x20,    0x66,    0x6c,    0x6f,    0x61,    0x74,    0x20,    0x5f,    0x32,    0x38,    0x20,    0x3d,    0x20,    0x63,    0x6f,    0x72,    
            0x6e,    0x65,    0x72,    0x2e,    0x78,    0x20,    0x2a,    0x20,    0x69,    0x5f,    0x73,    0x69,    0x7a,    0x65,    0x2e,    0x78,    
            0x3b,    0x0a,    0x20,    0x20,    0x20,    0x20,    0x66,    0x6c,    0x6f,    0x61,    0x74,    0x20,    0x5f,    0x33,    0x34,    0x20,    
            0x3d,    0x20,    0x63,    0x6f,    0x72,    0x6e,    0x65,    0x72,    0x2e,    0x79,    0x20,    0x2a,    0x20,    0x69,    0x5f,    0x73,    
            0x69,    0x7a,    0x65,    0x2e,    0x79,    0x3b,    0x0a,    0x20,    0x20,    0x20,    0x20,    0x66,    0x6c,    0x6f,    0x61,    0x74,    
            0x32,    0x20,    0x5f,    0x36,    0x30,    0x20,    0x3d,    0x20,    0x69,    0x5f,    0x70,    0x6f,    0x73,    0x20,    0x2b,    0x20,    
            0x66,    0x6c,    0x6f,    0x61,    0x74,    0x32,    0x28,    0x28,    0x5f,    0x32,    0x38,    0x20,    0x2a,    0x20,    0x5f,    0x31,    
            0x35,    0x29,    0x20,    0x2d,    0x20,    0x28,    0x5f,    0x33,    0x34,    0x20,    0x2a,    0x20,    0x5f,    0x31,    0x32,    0x29,    
            0x2c,    0x20,    0x28,    0x5f,    0x32,    0x38,    0x20,    0x2a,    0x20,    0x5f,    0x31,    0x32,    0x29,    0x20,    0x2b,    0x20,    
            0x28,    0x5f,    0x33,    0x34,    0x20,    0x2a,    0x20,    0x5f,    0x31,    0x35,    0x29,    0x29,    0x3b,    0x0a,    0x20,    0x20,    
            0x20,    0x20,    0x67,    0x6c,    0x5f,    0x50,    0x6f,    0x73,    0x69,    0x74,    0x69,    0x6f,    0x6e,    0x20,    0x3d,    0x20,    
            0x66,    0x6c,    0x6f,    0x61,    0x74,    0x34,    0x28,    0x28,    0x28,    0x5f,    0x36,    0x30,    0x2e,    0x78,    0x20,    0x2f,    
            0x20,    0x5f,    0x37,    0x32,    0x5f,    0x76,    0x69,    0x65,    0x77,    0x70,    0x6f,    0x72,    0x74,    0x2e,    0x78,    0x29,    
            0x20,    0x2a,    0x20,    0x32,    0x2e,    0x30,    0x66,    0x29,    0x20,    0x2d,    0x20,    0x31,    0x2e,    0x30,    0x66,    0x2c,    
            0x20,    0x31,    0x2e,    0x30,    0x66,    0x20,    0x2d,    0x20,    0x28,    0x28,    0x5f,    0x36,    0x30,    0x2e,    0x79,    0x20,    
            0x2f,    0x20,    0x5f,    0x37,    0x32,    0x5f,    0x76,    0x69,    0x65,    0x77,    0x70,    0x6f,    0x72,    0x74,    0x2e,    0x79,    
            0x29,    0x20,    0x2a,    0x20,    0x32,    0x2e,    0x30,    0x66,    0x29,    0x2c,    0x20,    0x30,    0x2e,    0x30,    0x66,    0x2c,    
            0x20,    0x31,    0x2e,    0x30,    0x66,    0x29,    0x3b,    0x0a,    0x20,    0x20,    0x20,    0x20,    0x76,    0x5f,    0x6c,    0x6f,    
            0x63,    0x61,    0x6c,    0x20,    0x3d,    0x20,    0x63,    0x6f,    0x72,    0x6e,    0x65,    0x72,    0x3b,    0x0a,    0x20,    0x20,    
            0x20,    0x20,    0x76,    0x5f,    0x74,    0x65,    0x78,    0x75,    0x76,    0x20,    0x3d,    0x20,    0x6c,    0x65,    0x72,    0x70,    
            0x28,    0x69,    0x5f,    0x75,    0x76,    0x72,    0x65,    0x63,    0x74,    0x2e,    0x78,    0x79,    0x2c,    0x20,    0x69,    0x5f,    
            0x75,    0x76,    0x72,    0x65,    0x63,    0x74,    0x2e,    0x7a,    0x77,    0x2c,    0x20,    0x28,    0x63,    0x6f,    0x72,    0x6e,    
            0x65,    0x72,    0x20,    0x2a,    0x20,    0x30,    0x2e,    0x35,    0x66,    0x29,    0x20,    0x2b,    0x20,    0x30,    0x2e,    0x35,    
            0x66,    0x2e,    0x78,    0x78,    0x29,    0x3b,    0x0a,    0x20,    0x20,    0x20,    0x20,    0x76,    0x5f,    0x63,    0x6f,    0x6c,    
            0x6f,    0x72,    0x20,    0x3d,    0x20,    0x69,    0x5f,    0x63,    0x6f,    0x6c,    0x6f,    0x72,    0x3b,    0x0a,    0x20,    0x20,    
            0x20,    0x20,    0x76,    0x5f,    0x6d,    0x6f,    0x64,    0x65,    0x20,    0x3d,    0x20,    0x69,    0x5f,    0x6d,    0x6f,    0x64,    
            0x65,    0x3b,    0x0a,    0x7d,    0x0a,    0x0a,    0x53,    0x50,    0x49,    0x52,    0x56,    0x5f,    0x43,    0x72,    0x6f,    0x73,    
            0x73,    0x5f,    0x4f,    0x75,    0x74,    0x70,    0x75,    0x74,    0x20,    0x6d,    0x61,    0x69,    0x6e,    0x28,    0x53,    0x50,    
            0x49,    0x52,    0x56,    0x5f,    0x43,    0x72,    0x6f,    0x73,    0x73,    0x5f,    0x49,    0x6e,    0x70,    0x75,    0x74,    0x20,    
            0x73,    0x74,    0x61,    0x67,    0x65,    0x5f,    0x69,    0x6e,    0x70,    0x75,    0x74,    0x29,    0x0a,    0x7b,    0x0a,    0x20,    
            0x20,    0x20,    0x20,    0x69,    0x5f,    0x72,    0x6f,    0x74,    0x20,    0x3d,    0x20,    0x73,    0x74,    0x61,    0x67,    0x65,    
            0x5f,    0x69,    0x6e,    0x70,    0x75,    0x74,    0x2e,    0x69,    0x5f,    0x72,    0x6f,    0x74,    0x3b,    0x0a,    0x20,    0x20,    
            0x20,    0x20,    0x63,    0x6f,    0x72,    0x6e,    0x65,    0x72,    0x20,    0x3d,    0x20,    0x73,    0x74,    0x61,    0x67,    0x65,    
            0x5f,    0x69,    0x6e,    0x70,    0x75,    0x74,    0x2e,    0x63,    0x6f,    0x72,    0x6e,    0x65,    0x72,    0x3b,    0x0a,    0x20,    
            0x20,    0x20,    0x20,    0x69,    0x5f,    0x73,    0x69,    0x7a,    0x65,    0x20,    0x3d,    0x20,    0x73,    0x74,    0x61,    0x67,    
            0x65,    0x5f,    0x69,    0x6e,    0x70,    0x75,    0x74,    0x2e,    0x69,    0x5f,    0x73,    0x69,    0x7a,    0x65,    0x3b,    0x0a,    
            0x20,    0x20,    0x20,    0x20,    0x69,    0x5f,    0x70,    0x6f,    0x73,    0x20,    0x3d,    0x20,    0x73,    0x74,    0x61,    0x67,    
            0x65,    0x5f,    0x69,    0x6e,    0x70,    0x75,    0x74,    0x2e,    0x69,    0x5f,    0x70,    0x6f,    0x73,    0x3b,    0x0a,    0x20,    
            0x20,    0x20,    0x20,    0x69,    0x5f,    0x75,    0x76,    0x72,    0x65,    0x63,    0x74,    0x20,    0x3d,    0x20,    0x73,    0x74,    
            0x61,    0x67,    0x65,    0x5f,    0x69,    0x6e,    0x70,    0x75,    0x74,    0x2e,    0x69,    0x5f,    0x75,    0x76,    0x72,    0x65,    
            0x63,    0x74,    0x3b,    0x0a,    0x20,    0x20,    0x20,    0x20,    0x69,    0x5f,    0x63,    0x6f,    0x6c,    0x6f,    0x72,    0x20,    
            0x3d,    0x20,    0x73,    0x74,    0x61,    0x67,    0x65,    0x5f,    0x69,    0x6e,    0x70,    0x75,    0x74,    0x2e,    0x69,    0x5f,    
            0x63,    0x6f,    0x6c,    0x6f,    0x72,    0x3b,    0x0a,    0x20,    0x20,    0x20,    0x20,    0x69,    0x5f,    0x6d,    0x6f,    0x64,    
            0x65,    0x20,    0x3d,    0x20,    0x73,    0x74,    0x61,    0x67,    0x65,    0x5f,    0x69,    0x6e,    0x70,    0x75,    0x74,    0x2e,    
            0x69,    0x5f,    0x6d,    0x6f,    0x64,    0x65,    0x3b,    0x0a,    0x20,    0x20,    0x20,    0x20,    0x76,    0x65,    0x72,    0x74,    
            0x5f,    0x6d,    0x61,    0x69,    0x6e,    0x28,    0x29,    0x3b,    0x0a,    0x20,    0x20,    0x20,    0x20,    0x53,    0x50,    0x49,    
            0x52,    0x56,    0x5f,    0x43,    0x72,    0x6f,    0x73,    0x73,    0x5f,    0x4f,    0x75,    0x74,    0x70,    0x75,    0x74,    0x20,    
            0x73,    0x74,    0x61,    0x67,    0x65,    0x5f,    0x6f,    0x75,    0x74,    0x70,    0x75,    0x74,    0x3b,    0x0a,    0x20,    0x20,    
            0x20,    0x20,    0x73,    0x74,    0x61,    0x67,    0x65,    0x5f,    0x6f,    0x75,    0x74,    0x70,    0x75,    0x74,    0x2e,    0x67,    
            0x6c,    0x5f,    0x50,    0x6f,    0x73,    0x69,    0x74,    0x69,    0x6f,    0x6e,    0x20,    0x3d,    0x20,    0x67,    0x6c,    0x5f,    
            0x50,    0x6f,    0x73,    0x69,    0x74,    0x69,    0x6f,    0x6e,    0x3b,    0x0a,    0x20,    0x20,    0x20,    0x20,    0x73,    0x74,    
            0x61,    0x67,    0x65,    0x5f,    0x6f,    0x75,    0x74,    0x70,    0x75,    0x74,    0x2e,    0x76,    0x5f,    0x6c,    0x6f,    0x63,    
            0x61,    0x6c,    0x20,    0x3d,    0x20,    0x76,    0x5f,    0x6c,    0x6f,    0x63,    0x61,    0x6c,    0x3b,    0x0a,    0x20,    0x20,    
            0x20,    0x20,    0x73,    0x74,    0x61,    0x67,    0x65,    0x5f,    0x6f,    0x75,    0x74,    0x70,    0x75,    0x74,    0x2e,    0x76,    
            0x5f,    0x74,    0x65,    0x78,    0x75,    0x76,    0x20,    0x3d,    0x20,    0x76,    0x5f,    0x74,    0x65,    0x78,    0x75,    0x76,    
            0x3b,    0x0a,    0x20,    0x20,    0x20,    0x20,    0x73,    0x74,    0x61,    0x67,    0x65,    0x5f,    0x6f,    0x75,    0x74,    0x70,    
            0x75,    0x74,    0x2e,    0x76,    0x5f,    0x63,    0x6f,    0x6c,    0x6f,    0x72,    0x20,    0x3d,    0x20,    0x76,    0x5f,    0x63,    
            0x6f,    0x6c,    0x6f,    0x72,    0x3b,    0x0a,    0x20,    0x20,    0x20,    0x20,    0x73,    0x74,    0x61,    0x67,    0x65,    0x5f,    
            0x6f,    0x75,    0x74,    0x70,    0x75,    0x74,    0x2e,    0x76,    0x5f,    0x6d,    0x6f,    0x64,    0x65,    0x20,    0x3d,    0x20,    
            0x76,    0x5f,    0x6d,    0x6f,    0x64,    0x65,    0x3b,    0x0a,    0x20,    0x20,    0x20,    0x20,    0x72,    0x65,    0x74,    0x75,    
            0x72,    0x6e,    0x20,    0x73,    0x74,    0x61,    0x67,    0x65,    0x5f,    0x6f,    0x75,    0x74,    0x70,    0x75,    0x74,    0x3b,    
            0x0a,    0x7d,    0x0a,    0x00,    
};
    /*
        Texture2D<float4> part_tex : register(t0);
        SamplerState part_smp : register(s0);

        static float v_mode;
        static float4 v_color;
        static float2 v_texuv;
        static float2 v_local;
        static float4 frag_color;

        struct SPIRV_Cross_Input
        {
            float2 v_local : TEXCOORD0;
            float2 v_texuv : TEXCOORD1;
            float4 v_color : TEXCOORD2;
            float v_mode : TEXCOORD3;
        };

        struct SPIRV_Cross_Output
        {
            float4 frag_color : SV_Target0;
        };

        void frag_main()
        {
            int _15 = int(v_mode + 0.5f);
            float4 col = v_color;
            if (_15 == 3)
            {
                col *= part_tex.Sample(part_smp, v_texuv);
            }
            else
            {
                float _50 = length(v_local);
                float a;
                if (_15 == 1)
                {
                    a = 1.0f - smoothstep(0.85000002384185791015625f, 1.0f, _50);
                }
                else
                {
                    if (_15 == 2)
                    {
                        a = step(abs(v_local.x), (v_local.y + 1.0f) * 0.5f);
                    }
                    else
                    {
                        if (_15 == 4)
                        {
                            a = smoothstep(0.550000011920928955078125f, 0.7200000286102294921875f, _50) * (1.0f - smoothstep(0.87999999523162841796875f, 1.0f, _50));
                        }
                        else
                        {
                            if (_15 == 5)
                            {
                                float _116 = lerp(0.4199999868869781494140625f, 1.0f, 0.5f + (0.5f * cos(atan2(v_local.y, v_local.x) * 5.0f)));
                                a = 1.0f - smoothstep(_116 - 0.070000000298023223876953125f, _116, _50);
                            }
                            else
                            {
                                float _128 = clamp(1.0f - _50, 0.0f, 1.0f);
                                a = _128 * _128;
                            }
                        }
                    }
                }
                float4 _148 = col;
                _148.w = _148.w * a;
                col = _148;
            }
            if (col.w < 0.0030000000260770320892333984375f)
            {
                discard;
            }
            frag_color = col;
        }

        SPIRV_Cross_Output main(SPIRV_Cross_Input stage_input)
        {
            v_mode = stage_input.v_mode;
            v_color = stage_input.v_color;
            v_texuv = stage_input.v_texuv;
            v_local = stage_input.v_local;
            frag_main();
            SPIRV_Cross_Output stage_output;
            stage_output.frag_color = frag_color;
            return stage_output;
        }
    */
    static readonly byte[] r2d_particle_fs_source_hlsl5 = {
            0x54,    0x65,    0x78,    0x74,    0x75,    0x72,    0x65,    0x32,    0x44,    0x3c,    0x66,    0x6c,    0x6f,    0x61,    0x74,    0x34,    
            0x3e,    0x20,    0x70,    0x61,    0x72,    0x74,    0x5f,    0x74,    0x65,    0x78,    0x20,    0x3a,    0x20,    0x72,    0x65,    0x67,    
            0x69,    0x73,    0x74,    0x65,    0x72,    0x28,    0x74,    0x30,    0x29,    0x3b,    0x0a,    0x53,    0x61,    0x6d,    0x70,    0x6c,    
            0x65,    0x72,    0x53,    0x74,    0x61,    0x74,    0x65,    0x20,    0x70,    0x61,    0x72,    0x74,    0x5f,    0x73,    0x6d,    0x70,    
            0x20,    0x3a,    0x20,    0x72,    0x65,    0x67,    0x69,    0x73,    0x74,    0x65,    0x72,    0x28,    0x73,    0x30,    0x29,    0x3b,    
            0x0a,    0x0a,    0x73,    0x74,    0x61,    0x74,    0x69,    0x63,    0x20,    0x66,    0x6c,    0x6f,    0x61,    0x74,    0x20,    0x76,    
            0x5f,    0x6d,    0x6f,    0x64,    0x65,    0x3b,    0x0a,    0x73,    0x74,    0x61,    0x74,    0x69,    0x63,    0x20,    0x66,    0x6c,    
            0x6f,    0x61,    0x74,    0x34,    0x20,    0x76,    0x5f,    0x63,    0x6f,    0x6c,    0x6f,    0x72,    0x3b,    0x0a,    0x73,    0x74,    
            0x61,    0x74,    0x69,    0x63,    0x20,    0x66,    0x6c,    0x6f,    0x61,    0x74,    0x32,    0x20,    0x76,    0x5f,    0x74,    0x65,    
            0x78,    0x75,    0x76,    0x3b,    0x0a,    0x73,    0x74,    0x61,    0x74,    0x69,    0x63,    0x20,    0x66,    0x6c,    0x6f,    0x61,    
            0x74,    0x32,    0x20,    0x76,    0x5f,    0x6c,    0x6f,    0x63,    0x61,    0x6c,    0x3b,    0x0a,    0x73,    0x74,    0x61,    0x74,    
            0x69,    0x63,    0x20,    0x66,    0x6c,    0x6f,    0x61,    0x74,    0x34,    0x20,    0x66,    0x72,    0x61,    0x67,    0x5f,    0x63,    
            0x6f,    0x6c,    0x6f,    0x72,    0x3b,    0x0a,    0x0a,    0x73,    0x74,    0x72,    0x75,    0x63,    0x74,    0x20,    0x53,    0x50,    
            0x49,    0x52,    0x56,    0x5f,    0x43,    0x72,    0x6f,    0x73,    0x73,    0x5f,    0x49,    0x6e,    0x70,    0x75,    0x74,    0x0a,    
            0x7b,    0x0a,    0x20,    0x20,    0x20,    0x20,    0x66,    0x6c,    0x6f,    0x61,    0x74,    0x32,    0x20,    0x76,    0x5f,    0x6c,    
            0x6f,    0x63,    0x61,    0x6c,    0x20,    0x3a,    0x20,    0x54,    0x45,    0x58,    0x43,    0x4f,    0x4f,    0x52,    0x44,    0x30,    
            0x3b,    0x0a,    0x20,    0x20,    0x20,    0x20,    0x66,    0x6c,    0x6f,    0x61,    0x74,    0x32,    0x20,    0x76,    0x5f,    0x74,    
            0x65,    0x78,    0x75,    0x76,    0x20,    0x3a,    0x20,    0x54,    0x45,    0x58,    0x43,    0x4f,    0x4f,    0x52,    0x44,    0x31,    
            0x3b,    0x0a,    0x20,    0x20,    0x20,    0x20,    0x66,    0x6c,    0x6f,    0x61,    0x74,    0x34,    0x20,    0x76,    0x5f,    0x63,    
            0x6f,    0x6c,    0x6f,    0x72,    0x20,    0x3a,    0x20,    0x54,    0x45,    0x58,    0x43,    0x4f,    0x4f,    0x52,    0x44,    0x32,    
            0x3b,    0x0a,    0x20,    0x20,    0x20,    0x20,    0x66,    0x6c,    0x6f,    0x61,    0x74,    0x20,    0x76,    0x5f,    0x6d,    0x6f,    
            0x64,    0x65,    0x20,    0x3a,    0x20,    0x54,    0x45,    0x58,    0x43,    0x4f,    0x4f,    0x52,    0x44,    0x33,    0x3b,    0x0a,    
            0x7d,    0x3b,    0x0a,    0x0a,    0x73,    0x74,    0x72,    0x75,    0x63,    0x74,    0x20,    0x53,    0x50,    0x49,    0x52,    0x56,    
            0x5f,    0x43,    0x72,    0x6f,    0x73,    0x73,    0x5f,    0x4f,    0x75,    0x74,    0x70,    0x75,    0x74,    0x0a,    0x7b,    0x0a,    
            0x20,    0x20,    0x20,    0x20,    0x66,    0x6c,    0x6f,    0x61,    0x74,    0x34,    0x20,    0x66,    0x72,    0x61,    0x67,    0x5f,    
            0x63,    0x6f,    0x6c,    0x6f,    0x72,    0x20,    0x3a,    0x20,    0x53,    0x56,    0x5f,    0x54,    0x61,    0x72,    0x67,    0x65,    
            0x74,    0x30,    0x3b,    0x0a,    0x7d,    0x3b,    0x0a,    0x0a,    0x76,    0x6f,    0x69,    0x64,    0x20,    0x66,    0x72,    0x61,    
            0x67,    0x5f,    0x6d,    0x61,    0x69,    0x6e,    0x28,    0x29,    0x0a,    0x7b,    0x0a,    0x20,    0x20,    0x20,    0x20,    0x69,    
            0x6e,    0x74,    0x20,    0x5f,    0x31,    0x35,    0x20,    0x3d,    0x20,    0x69,    0x6e,    0x74,    0x28,    0x76,    0x5f,    0x6d,    
            0x6f,    0x64,    0x65,    0x20,    0x2b,    0x20,    0x30,    0x2e,    0x35,    0x66,    0x29,    0x3b,    0x0a,    0x20,    0x20,    0x20,    
            0x20,    0x66,    0x6c,    0x6f,    0x61,    0x74,    0x34,    0x20,    0x63,    0x6f,    0x6c,    0x20,    0x3d,    0x20,    0x76,    0x5f,    
            0x63,    0x6f,    0x6c,    0x6f,    0x72,    0x3b,    0x0a,    0x20,    0x20,    0x20,    0x20,    0x69,    0x66,    0x20,    0x28,    0x5f,    
            0x31,    0x35,    0x20,    0x3d,    0x3d,    0x20,    0x33,    0x29,    0x0a,    0x20,    0x20,    0x20,    0x20,    0x7b,    0x0a,    0x20,    
            0x20,    0x20,    0x20,    0x20,    0x20,    0x20,    0x20,    0x63,    0x6f,    0x6c,    0x20,    0x2a,    0x3d,    0x20,    0x70,    0x61,    
            0x72,    0x74,    0x5f,    0x74,    0x65,    0x78,    0x2e,    0x53,    0x61,    0x6d,    0x70,    0x6c,    0x65,    0x28,    0x70,    0x61,    
            0x72,    0x74,    0x5f,    0x73,    0x6d,    0x70,    0x2c,    0x20,    0x76,    0x5f,    0x74,    0x65,    0x78,    0x75,    0x76,    0x29,    
            0x3b,    0x0a,    0x20,    0x20,    0x20,    0x20,    0x7d,    0x0a,    0x20,    0x20,    0x20,    0x20,    0x65,    0x6c,    0x73,    0x65,    
            0x0a,    0x20,    0x20,    0x20,    0x20,    0x7b,    0x0a,    0x20,    0x20,    0x20,    0x20,    0x20,    0x20,    0x20,    0x20,    0x66,    
            0x6c,    0x6f,    0x61,    0x74,    0x20,    0x5f,    0x35,    0x30,    0x20,    0x3d,    0x20,    0x6c,    0x65,    0x6e,    0x67,    0x74,    
            0x68,    0x28,    0x76,    0x5f,    0x6c,    0x6f,    0x63,    0x61,    0x6c,    0x29,    0x3b,    0x0a,    0x20,    0x20,    0x20,    0x20,    
            0x20,    0x20,    0x20,    0x20,    0x66,    0x6c,    0x6f,    0x61,    0x74,    0x20,    0x61,    0x3b,    0x0a,    0x20,    0x20,    0x20,    
            0x20,    0x20,    0x20,    0x20,    0x20,    0x69,    0x66,    0x20,    0x28,    0x5f,    0x31,    0x35,    0x20,    0x3d,    0x3d,    0x20,    
            0x31,    0x29,    0x0a,    0x20,    0x20,    0x20,    0x20,    0x20,    0x20,    0x20,    0x20,    0x7b,    0x0a,    0x20,    0x20,    0x20,    
            0x20,    0x20,    0x20,    0x20,    0x20,    0x20,    0x20,    0x20,    0x20,    0x61,    0x20,    0x3d,    0x20,    0x31,    0x2e,    0x30,    
            0x66,    0x20,    0x2d,    0x20,    0x73,    0x6d,    0x6f,    0x6f,    0x74,    0x68,    0x73,    0x74,    0x65,    0x70,    0x28,    0x30,    
            0x2e,    0x38,    0x35,    0x30,    0x30,    0x30,    0x30,    0x30,    0x32,    0x33,    0x38,    0x34,    0x31,    0x38,    0x35,    0x37,    
            0x39,    0x31,    0x30,    0x31,    0x35,    0x36,    0x32,    0x35,    0x66,    0x2c,    0x20,    0x31,    0x2e,    0x30,    0x66,    0x2c,    
            0x20,    0x5f,    0x35,    0x30,    0x29,    0x3b,    0x0a,    0x20,    0x20,    0x20,    0x20,    0x20,    0x20,    0x20,    0x20,    0x7d,    
            0x0a,    0x20,    0x20,    0x20,    0x20,    0x20,    0x20,    0x20,    0x20,    0x65,    0x6c,    0x73,    0x65,    0x0a,    0x20,    0x20,    
            0x20,    0x20,    0x20,    0x20,    0x20,    0x20,    0x7b,    0x0a,    0x20,    0x20,    0x20,    0x20,    0x20,    0x20,    0x20,    0x20,    
            0x20,    0x20,    0x20,    0x20,    0x69,    0x66,    0x20,    0x28,    0x5f,    0x31,    0x35,    0x20,    0x3d,    0x3d,    0x20,    0x32,    
            0x29,    0x0a,    0x20,    0x20,    0x20,    0x20,    0x20,    0x20,    0x20,    0x20,    0x20,    0x20,    0x20,    0x20,    0x7b,    0x0a,    
            0x20,    0x20,    0x20,    0x20,    0x20,    0x20,    0x20,    0x20,    0x20,    0x20,    0x20,    0x20,    0x20,    0x20,    0x20,    0x20,    
            0x61,    0x20,    0x3d,    0x20,    0x73,    0x74,    0x65,    0x70,    0x28,    0x61,    0x62,    0x73,    0x28,    0x76,    0x5f,    0x6c,    
            0x6f,    0x63,    0x61,    0x6c,    0x2e,    0x78,    0x29,    0x2c,    0x20,    0x28,    0x76,    0x5f,    0x6c,    0x6f,    0x63,    0x61,    
            0x6c,    0x2e,    0x79,    0x20,    0x2b,    0x20,    0x31,    0x2e,    0x30,    0x66,    0x29,    0x20,    0x2a,    0x20,    0x30,    0x2e,    
            0x35,    0x66,    0x29,    0x3b,    0x0a,    0x20,    0x20,    0x20,    0x20,    0x20,    0x20,    0x20,    0x20,    0x20,    0x20,    0x20,    
            0x20,    0x7d,    0x0a,    0x20,    0x20,    0x20,    0x20,    0x20,    0x20,    0x20,    0x20,    0x20,    0x20,    0x20,    0x20,    0x65,    
            0x6c,    0x73,    0x65,    0x0a,    0x20,    0x20,    0x20,    0x20,    0x20,    0x20,    0x20,    0x20,    0x20,    0x20,    0x20,    0x20,    
            0x7b,    0x0a,    0x20,    0x20,    0x20,    0x20,    0x20,    0x20,    0x20,    0x20,    0x20,    0x20,    0x20,    0x20,    0x20,    0x20,    
            0x20,    0x20,    0x69,    0x66,    0x20,    0x28,    0x5f,    0x31,    0x35,    0x20,    0x3d,    0x3d,    0x20,    0x34,    0x29,    0x0a,    
            0x20,    0x20,    0x20,    0x20,    0x20,    0x20,    0x20,    0x20,    0x20,    0x20,    0x20,    0x20,    0x20,    0x20,    0x20,    0x20,    
            0x7b,    0x0a,    0x20,    0x20,    0x20,    0x20,    0x20,    0x20,    0x20,    0x20,    0x20,    0x20,    0x20,    0x20,    0x20,    0x20,    
            0x20,    0x20,    0x20,    0x20,    0x20,    0x20,    0x61,    0x20,    0x3d,    0x20,    0x73,    0x6d,    0x6f,    0x6f,    0x74,    0x68,    
            0x73,    0x74,    0x65,    0x70,    0x28,    0x30,    0x2e,    0x35,    0x35,    0x30,    0x30,    0x30,    0x30,    0x30,    0x31,    0x31,    
            0x39,    0x32,    0x30,    0x39,    0x32,    0x38,    0x39,    0x35,    0x35,    0x30,    0x37,    0x38,    0x31,    0x32,    0x35,    0x66,    
            0x2c,    0x20,    0x30,    0x2e,    0x37,    0x32,    0x30,    0x30,    0x30,    0x30,    0x30,    0x32,    0x38,    0x36,    0x31,    0x30,    
            0x32,    0x32,    0x39,    0x34,    0x39,    0x32,    0x31,    0x38,    0x37,    0x35,    0x66,    0x2c,    0x20,    0x5f,    0x35,    0x30,    
            0x29,    0x20,    0x2a,    0x20,    0x28,    0x31,    0x2e,    0x30,    0x66,    0x20,    0x2d,    0x20,    0x73,    0x6d,    0x6f,    0x6f,    
            0x74,    0x68,    0x73,    0x74,    0x65,    0x70,    0x28,    0x30,    0x2e,    0x38,    0x37,    0x39,    0x39,    0x39,    0x39,    0x39,    
            0x39,    0x35,    0x32,    0x33,    0x31,    0x36,    0x32,    0x38,    0x34,    0x31,    0x37,    0x39,    0x36,    0x38,    0x37,    0x35,    
            0x66,    0x2c,    0x20,    0x31,    0x2e,    0x30,    0x66,    0x2c,    0x20,    0x5f,    0x35,    0x30,    0x29,    0x29,    0x3b,    0x0a,    
            0x20,    0x20,    0x20,    0x20,    0x20,    0x20,    0x20,    0x20,    0x20,    0x20,    0x20,    0x20,    0x20,    0x20,    0x20,    0x20,    
            0x7d,    0x0a,    0x20,    0x20,    0x20,    0x20,    0x20,    0x20,    0x20,    0x20,    0x20,    0x20,    0x20,    0x20,    0x20,    0x20,    
            0x20,    0x20,    0x65,    0x6c,    0x73,    0x65,    0x0a,    0x20,    0x20,    0x20,    0x20,    0x20,    0x20,    0x20,    0x20,    0x20,    
            0x20,    0x20,    0x20,    0x20,    0x20,    0x20,    0x20,    0x7b,    0x0a,    0x20,    0x20,    0x20,    0x20,    0x20,    0x20,    0x20,    
            0x20,    0x20,    0x20,    0x20,    0x20,    0x20,    0x20,    0x20,    0x20,    0x20,    0x20,    0x20,    0x20,    0x69,    0x66,    0x20,    
            0x28,    0x5f,    0x31,    0x35,    0x20,    0x3d,    0x3d,    0x20,    0x35,    0x29,    0x0a,    0x20,    0x20,    0x20,    0x20,    0x20,    
            0x20,    0x20,    0x20,    0x20,    0x20,    0x20,    0x20,    0x20,    0x20,    0x20,    0x20,    0x20,    0x20,    0x20,    0x20,    0x7b,    
            0x0a,    0x20,    0x20,    0x20,    0x20,    0x20,    0x20,    0x20,    0x20,    0x20,    0x20,    0x20,    0x20,    0x20,    0x20,    0x20,    
            0x20,    0x20,    0x20,    0x20,    0x20,    0x20,    0x20,    0x20,    0x20,    0x66,    0x6c,    0x6f,    0x61,    0x74,    0x20,    0x5f,    
            0x31,    0x31,    0x36,    0x20,    0x3d,    0x20,    0x6c,    0x65,    0x72,    0x70,    0x28,    0x30,    0x2e,    0x34,    0x31,    0x39,    
            0x39,    0x39,    0x39,    0x39,    0x38,    0x36,    0x38,    0x38,    0x36,    0x39,    0x37,    0x38,    0x31,    0x34,    0x39,    0x34,    
            0x31,    0x34,    0x30,    0x36,    0x32,    0x35,    0x66,    0x2c,    0x20,    0x31,    0x2e,    0x30,    0x66,    0x2c,    0x20,    0x30,    
            0x2e,    0x35,    0x66,    0x20,    0x2b,    0x20,    0x28,    0x30,    0x2e,    0x35,    0x66,    0x20,    0x2a,    0x20,    0x63,    0x6f,    
            0x73,    0x28,    0x61,    0x74,    0x61,    0x6e,    0x32,    0x28,    0x76,    0x5f,    0x6c,    0x6f,    0x63,    0x61,    0x6c,    0x2e,    
            0x79,    0x2c,    0x20,    0x76,    0x5f,    0x6c,    0x6f,    0x63,    0x61,    0x6c,    0x2e,    0x78,    0x29,    0x20,    0x2a,    0x20,    
            0x35,    0x2e,    0x30,    0x66,    0x29,    0x29,    0x29,    0x3b,    0x0a,    0x20,    0x20,    0x20,    0x20,    0x20,    0x20,    0x20,    
            0x20,    0x20,    0x20,    0x20,    0x20,    0x20,    0x20,    0x20,    0x20,    0x20,    0x20,    0x20,    0x20,    0x20,    0x20,    0x20,    
            0x20,    0x61,    0x20,    0x3d,    0x20,    0x31,    0x2e,    0x30,    0x66,    0x20,    0x2d,    0x20,    0x73,    0x6d,    0x6f,    0x6f,    
            0x74,    0x68,    0x73,    0x74,    0x65,    0x70,    0x28,    0x5f,    0x31,    0x31,    0x36,    0x20,    0x2d,    0x20,    0x30,    0x2e,    
            0x30,    0x37,    0x30,    0x30,    0x30,    0x30,    0x30,    0x30,    0x30,    0x32,    0x39,    0x38,    0x30,    0x32,    0x33,    0x32,    
            0x32,    0x33,    0x38,    0x37,    0x36,    0x39,    0x35,    0x33,    0x31,    0x32,    0x35,    0x66,    0x2c,    0x20,    0x5f,    0x31,    
            0x31,    0x36,    0x2c,    0x20,    0x5f,    0x35,    0x30,    0x29,    0x3b,    0x0a,    0x20,    0x20,    0x20,    0x20,    0x20,    0x20,    
            0x20,    0x20,    0x20,    0x20,    0x20,    0x20,    0x20,    0x20,    0x20,    0x20,    0x20,    0x20,    0x20,    0x20,    0x7d,    0x0a,    
            0x20,    0x20,    0x20,    0x20,    0x20,    0x20,    0x20,    0x20,    0x20,    0x20,    0x20,    0x20,    0x20,    0x20,    0x20,    0x20,    
            0x20,    0x20,    0x20,    0x20,    0x65,    0x6c,    0x73,    0x65,    0x0a,    0x20,    0x20,    0x20,    0x20,    0x20,    0x20,    0x20,    
            0x20,    0x20,    0x20,    0x20,    0x20,    0x20,    0x20,    0x20,    0x20,    0x20,    0x20,    0x20,    0x20,    0x7b,    0x0a,    0x20,    
            0x20,    0x20,    0x20,    0x20,    0x20,    0x20,    0x20,    0x20,    0x20,    0x20,    0x20,    0x20,    0x20,    0x20,    0x20,    0x20,    
            0x20,    0x20,    0x20,    0x20,    0x20,    0x20,    0x20,    0x66,    0x6c,    0x6f,    0x61,    0x74,    0x20,    0x5f,    0x31,    0x32,    
            0x38,    0x20,    0x3d,    0x20,    0x63,    0x6c,    0x61,    0x6d,    0x70,    0x28,    0x31,    0x2e,    0x30,    0x66,    0x20,    0x2d,    
            0x20,    0x5f,    0x35,    0x30,    0x2c,    0x20,    0x30,    0x2e,    0x30,    0x66,    0x2c,    0x20,    0x31,    0x2e,    0x30,    0x66,    
            0x29,    0x3b,    0x0a,    0x20,    0x20,    0x20,    0x20,    0x20,    0x20,    0x20,    0x20,    0x20,    0x20,    0x20,    0x20,    0x20,    
            0x20,    0x20,    0x20,    0x20,    0x20,    0x20,    0x20,    0x20,    0x20,    0x20,    0x20,    0x61,    0x20,    0x3d,    0x20,    0x5f,    
            0x31,    0x32,    0x38,    0x20,    0x2a,    0x20,    0x5f,    0x31,    0x32,    0x38,    0x3b,    0x0a,    0x20,    0x20,    0x20,    0x20,    
            0x20,    0x20,    0x20,    0x20,    0x20,    0x20,    0x20,    0x20,    0x20,    0x20,    0x20,    0x20,    0x20,    0x20,    0x20,    0x20,    
            0x7d,    0x0a,    0x20,    0x20,    0x20,    0x20,    0x20,    0x20,    0x20,    0x20,    0x20,    0x20,    0x20,    0x20,    0x20,    0x20,    
            0x20,    0x20,    0x7d,    0x0a,    0x20,    0x20,    0x20,    0x20,    0x20,    0x20,    0x20,    0x20,    0x20,    0x20,    0x20,    0x20,    
            0x7d,    0x0a,    0x20,    0x20,    0x20,    0x20,    0x20,    0x20,    0x20,    0x20,    0x7d,    0x0a,    0x20,    0x20,    0x20,    0x20,    
            0x20,    0x20,    0x20,    0x20,    0x66,    0x6c,    0x6f,    0x61,    0x74,    0x34,    0x20,    0x5f,    0x31,    0x34,    0x38,    0x20,    
            0x3d,    0x20,    0x63,    0x6f,    0x6c,    0x3b,    0x0a,    0x20,    0x20,    0x20,    0x20,    0x20,    0x20,    0x20,    0x20,    0x5f,    
            0x31,    0x34,    0x38,    0x2e,    0x77,    0x20,    0x3d,    0x20,    0x5f,    0x31,    0x34,    0x38,    0x2e,    0x77,    0x20,    0x2a,    
            0x20,    0x61,    0x3b,    0x0a,    0x20,    0x20,    0x20,    0x20,    0x20,    0x20,    0x20,    0x20,    0x63,    0x6f,    0x6c,    0x20,    
            0x3d,    0x20,    0x5f,    0x31,    0x34,    0x38,    0x3b,    0x0a,    0x20,    0x20,    0x20,    0x20,    0x7d,    0x0a,    0x20,    0x20,    
            0x20,    0x20,    0x69,    0x66,    0x20,    0x28,    0x63,    0x6f,    0x6c,    0x2e,    0x77,    0x20,    0x3c,    0x20,    0x30,    0x2e,    
            0x30,    0x30,    0x33,    0x30,    0x30,    0x30,    0x30,    0x30,    0x30,    0x30,    0x32,    0x36,    0x30,    0x37,    0x37,    0x30,    
            0x33,    0x32,    0x30,    0x38,    0x39,    0x32,    0x33,    0x33,    0x33,    0x39,    0x38,    0x34,    0x33,    0x37,    0x35,    0x66,    
            0x29,    0x0a,    0x20,    0x20,    0x20,    0x20,    0x7b,    0x0a,    0x20,    0x20,    0x20,    0x20,    0x20,    0x20,    0x20,    0x20,    
            0x64,    0x69,    0x73,    0x63,    0x61,    0x72,    0x64,    0x3b,    0x0a,    0x20,    0x20,    0x20,    0x20,    0x7d,    0x0a,    0x20,    
            0x20,    0x20,    0x20,    0x66,    0x72,    0x61,    0x67,    0x5f,    0x63,    0x6f,    0x6c,    0x6f,    0x72,    0x20,    0x3d,    0x20,    
            0x63,    0x6f,    0x6c,    0x3b,    0x0a,    0x7d,    0x0a,    0x0a,    0x53,    0x50,    0x49,    0x52,    0x56,    0x5f,    0x43,    0x72,    
            0x6f,    0x73,    0x73,    0x5f,    0x4f,    0x75,    0x74,    0x70,    0x75,    0x74,    0x20,    0x6d,    0x61,    0x69,    0x6e,    0x28,    
            0x53,    0x50,    0x49,    0x52,    0x56,    0x5f,    0x43,    0x72,    0x6f,    0x73,    0x73,    0x5f,    0x49,    0x6e,    0x70,    0x75,    
            0x74,    0x20,    0x73,    0x74,    0x61,    0x67,    0x65,    0x5f,    0x69,    0x6e,    0x70,    0x75,    0x74,    0x29,    0x0a,    0x7b,    
            0x0a,    0x20,    0x20,    0x20,    0x20,    0x76,    0x5f,    0x6d,    0x6f,    0x64,    0x65,    0x20,    0x3d,    0x20,    0x73,    0x74,    
            0x61,    0x67,    0x65,    0x5f,    0x69,    0x6e,    0x70,    0x75,    0x74,    0x2e,    0x76,    0x5f,    0x6d,    0x6f,    0x64,    0x65,    
            0x3b,    0x0a,    0x20,    0x20,    0x20,    0x20,    0x76,    0x5f,    0x63,    0x6f,    0x6c,    0x6f,    0x72,    0x20,    0x3d,    0x20,    
            0x73,    0x74,    0x61,    0x67,    0x65,    0x5f,    0x69,    0x6e,    0x70,    0x75,    0x74,    0x2e,    0x76,    0x5f,    0x63,    0x6f,    
            0x6c,    0x6f,    0x72,    0x3b,    0x0a,    0x20,    0x20,    0x20,    0x20,    0x76,    0x5f,    0x74,    0x65,    0x78,    0x75,    0x76,    
            0x20,    0x3d,    0x20,    0x73,    0x74,    0x61,    0x67,    0x65,    0x5f,    0x69,    0x6e,    0x70,    0x75,    0x74,    0x2e,    0x76,    
            0x5f,    0x74,    0x65,    0x78,    0x75,    0x76,    0x3b,    0x0a,    0x20,    0x20,    0x20,    0x20,    0x76,    0x5f,    0x6c,    0x6f,    
            0x63,    0x61,    0x6c,    0x20,    0x3d,    0x20,    0x73,    0x74,    0x61,    0x67,    0x65,    0x5f,    0x69,    0x6e,    0x70,    0x75,    
            0x74,    0x2e,    0x76,    0x5f,    0x6c,    0x6f,    0x63,    0x61,    0x6c,    0x3b,    0x0a,    0x20,    0x20,    0x20,    0x20,    0x66,    
            0x72,    0x61,    0x67,    0x5f,    0x6d,    0x61,    0x69,    0x6e,    0x28,    0x29,    0x3b,    0x0a,    0x20,    0x20,    0x20,    0x20,    
            0x53,    0x50,    0x49,    0x52,    0x56,    0x5f,    0x43,    0x72,    0x6f,    0x73,    0x73,    0x5f,    0x4f,    0x75,    0x74,    0x70,    
            0x75,    0x74,    0x20,    0x73,    0x74,    0x61,    0x67,    0x65,    0x5f,    0x6f,    0x75,    0x74,    0x70,    0x75,    0x74,    0x3b,    
            0x0a,    0x20,    0x20,    0x20,    0x20,    0x73,    0x74,    0x61,    0x67,    0x65,    0x5f,    0x6f,    0x75,    0x74,    0x70,    0x75,    
            0x74,    0x2e,    0x66,    0x72,    0x61,    0x67,    0x5f,    0x63,    0x6f,    0x6c,    0x6f,    0x72,    0x20,    0x3d,    0x20,    0x66,    
            0x72,    0x61,    0x67,    0x5f,    0x63,    0x6f,    0x6c,    0x6f,    0x72,    0x3b,    0x0a,    0x20,    0x20,    0x20,    0x20,    0x72,    
            0x65,    0x74,    0x75,    0x72,    0x6e,    0x20,    0x73,    0x74,    0x61,    0x67,    0x65,    0x5f,    0x6f,    0x75,    0x74,    0x70,    
            0x75,    0x74,    0x3b,    0x0a,    0x7d,    0x0a,    0x00,    
};
    /*
        #include <metal_stdlib>
        #include <simd/simd.h>

        using namespace metal;

        struct particle_params
        {
            float4 viewport;
        };

        struct main0_out
        {
            float2 v_local [[user(locn0)]];
            float2 v_texuv [[user(locn1)]];
            float4 v_color [[user(locn2)]];
            float v_mode [[user(locn3)]];
            float4 gl_Position [[position]];
        };

        struct main0_in
        {
            float2 corner [[attribute(0)]];
            float2 i_pos [[attribute(1)]];
            float2 i_size [[attribute(2)]];
            float i_rot [[attribute(3)]];
            float4 i_color [[attribute(4)]];
            float4 i_uvrect [[attribute(5)]];
            float i_mode [[attribute(6)]];
        };

        vertex main0_out main0(main0_in in [[stage_in]], constant particle_params& _72 [[buffer(0)]])
        {
            main0_out out = {};
            float _12 = sin(in.i_rot);
            float _15 = cos(in.i_rot);
            float _28 = in.corner.x * in.i_size.x;
            float _34 = in.corner.y * in.i_size.y;
            float2 _60 = in.i_pos + float2((_28 * _15) - (_34 * _12), (_28 * _12) + (_34 * _15));
            out.gl_Position = float4(((_60.x / _72.viewport.x) * 2.0) - 1.0, 1.0 - ((_60.y / _72.viewport.y) * 2.0), 0.0, 1.0);
            out.v_local = in.corner;
            out.v_texuv = mix(in.i_uvrect.xy, in.i_uvrect.zw, (in.corner * 0.5) + float2(0.5));
            out.v_color = in.i_color;
            out.v_mode = in.i_mode;
            return out;
        }

    */
    static readonly byte[] r2d_particle_vs_source_metal_macos = {
            0x23,    0x69,    0x6e,    0x63,    0x6c,    0x75,    0x64,    0x65,    0x20,    0x3c,    0x6d,    0x65,    0x74,    0x61,    0x6c,    0x5f,    
            0x73,    0x74,    0x64,    0x6c,    0x69,    0x62,    0x3e,    0x0a,    0x23,    0x69,    0x6e,    0x63,    0x6c,    0x75,    0x64,    0x65,    
            0x20,    0x3c,    0x73,    0x69,    0x6d,    0x64,    0x2f,    0x73,    0x69,    0x6d,    0x64,    0x2e,    0x68,    0x3e,    0x0a,    0x0a,    
            0x75,    0x73,    0x69,    0x6e,    0x67,    0x20,    0x6e,    0x61,    0x6d,    0x65,    0x73,    0x70,    0x61,    0x63,    0x65,    0x20,    
            0x6d,    0x65,    0x74,    0x61,    0x6c,    0x3b,    0x0a,    0x0a,    0x73,    0x74,    0x72,    0x75,    0x63,    0x74,    0x20,    0x70,    
            0x61,    0x72,    0x74,    0x69,    0x63,    0x6c,    0x65,    0x5f,    0x70,    0x61,    0x72,    0x61,    0x6d,    0x73,    0x0a,    0x7b,    
            0x0a,    0x20,    0x20,    0x20,    0x20,    0x66,    0x6c,    0x6f,    0x61,    0x74,    0x34,    0x20,    0x76,    0x69,    0x65,    0x77,    
            0x70,    0x6f,    0x72,    0x74,    0x3b,    0x0a,    0x7d,    0x3b,    0x0a,    0x0a,    0x73,    0x74,    0x72,    0x75,    0x63,    0x74,    
            0x20,    0x6d,    0x61,    0x69,    0x6e,    0x30,    0x5f,    0x6f,    0x75,    0x74,    0x0a,    0x7b,    0x0a,    0x20,    0x20,    0x20,    
            0x20,    0x66,    0x6c,    0x6f,    0x61,    0x74,    0x32,    0x20,    0x76,    0x5f,    0x6c,    0x6f,    0x63,    0x61,    0x6c,    0x20,    
            0x5b,    0x5b,    0x75,    0x73,    0x65,    0x72,    0x28,    0x6c,    0x6f,    0x63,    0x6e,    0x30,    0x29,    0x5d,    0x5d,    0x3b,    
            0x0a,    0x20,    0x20,    0x20,    0x20,    0x66,    0x6c,    0x6f,    0x61,    0x74,    0x32,    0x20,    0x76,    0x5f,    0x74,    0x65,    
            0x78,    0x75,    0x76,    0x20,    0x5b,    0x5b,    0x75,    0x73,    0x65,    0x72,    0x28,    0x6c,    0x6f,    0x63,    0x6e,    0x31,    
            0x29,    0x5d,    0x5d,    0x3b,    0x0a,    0x20,    0x20,    0x20,    0x20,    0x66,    0x6c,    0x6f,    0x61,    0x74,    0x34,    0x20,    
            0x76,    0x5f,    0x63,    0x6f,    0x6c,    0x6f,    0x72,    0x20,    0x5b,    0x5b,    0x75,    0x73,    0x65,    0x72,    0x28,    0x6c,    
            0x6f,    0x63,    0x6e,    0x32,    0x29,    0x5d,    0x5d,    0x3b,    0x0a,    0x20,    0x20,    0x20,    0x20,    0x66,    0x6c,    0x6f,    
            0x61,    0x74,    0x20,    0x76,    0x5f,    0x6d,    0x6f,    0x64,    0x65,    0x20,    0x5b,    0x5b,    0x75,    0x73,    0x65,    0x72,    
            0x28,    0x6c,    0x6f,    0x63,    0x6e,    0x33,    0x29,    0x5d,    0x5d,    0x3b,    0x0a,    0x20,    0x20,    0x20,    0x20,    0x66,    
            0x6c,    0x6f,    0x61,    0x74,    0x34,    0x20,    0x67,    0x6c,    0x5f,    0x50,    0x6f,    0x73,    0x69,    0x74,    0x69,    0x6f,    
            0x6e,    0x20,    0x5b,    0x5b,    0x70,    0x6f,    0x73,    0x69,    0x74,    0x69,    0x6f,    0x6e,    0x5d,    0x5d,    0x3b,    0x0a,    
            0x7d,    0x3b,    0x0a,    0x0a,    0x73,    0x74,    0x72,    0x75,    0x63,    0x74,    0x20,    0x6d,    0x61,    0x69,    0x6e,    0x30,    
            0x5f,    0x69,    0x6e,    0x0a,    0x7b,    0x0a,    0x20,    0x20,    0x20,    0x20,    0x66,    0x6c,    0x6f,    0x61,    0x74,    0x32,    
            0x20,    0x63,    0x6f,    0x72,    0x6e,    0x65,    0x72,    0x20,    0x5b,    0x5b,    0x61,    0x74,    0x74,    0x72,    0x69,    0x62,    
            0x75,    0x74,    0x65,    0x28,    0x30,    0x29,    0x5d,    0x5d,    0x3b,    0x0a,    0x20,    0x20,    0x20,    0x20,    0x66,    0x6c,    
            0x6f,    0x61,    0x74,    0x32,    0x20,    0x69,    0x5f,    0x70,    0x6f,    0x73,    0x20,    0x5b,    0x5b,    0x61,    0x74,    0x74,    
            0x72,    0x69,    0x62,    0x75,    0x74,    0x65,    0x28,    0x31,    0x29,    0x5d,    0x5d,    0x3b,    0x0a,    0x20,    0x20,    0x20,    
            0x20,    0x66,    0x6c,    0x6f,    0x61,    0x74,    0x32,    0x20,    0x69,    0x5f,    0x73,    0x69,    0x7a,    0x65,    0x20,    0x5b,    
            0x5b,    0x61,    0x74,    0x74,    0x72,    0x69,    0x62,    0x75,    0x74,    0x65,    0x28,    0x32,    0x29,    0x5d,    0x5d,    0x3b,    
            0x0a,    0x20,    0x20,    0x20,    0x20,    0x66,    0x6c,    0x6f,    0x61,    0x74,    0x20,    0x69,    0x5f,    0x72,    0x6f,    0x74,    
            0x20,    0x5b,    0x5b,    0x61,    0x74,    0x74,    0x72,    0x69,    0x62,    0x75,    0x74,    0x65,    0x28,    0x33,    0x29,    0x5d,    
            0x5d,    0x3b,    0x0a,    0x20,    0x20,    0x20,    0x20,    0x66,    0x6c,    0x6f,    0x61,    0x74,    0x34,    0x20,    0x69,    0x5f,    
            0x63,    0x6f,    0x6c,    0x6f,    0x72,    0x20,    0x5b,    0x5b,    0x61,    0x74,    0x74,    0x72,    0x69,    0x62,    0x75,    0x74,    
            0x65,    0x28,    0x34,    0x29,    0x5d,    0x5d,    0x3b,    0x0a,    0x20,    0x20,    0x20,    0x20,    0x66,    0x6c,    0x6f,    0x61,    
            0x74,    0x34,    0x20,    0x69,    0x5f,    0x75,    0x76,    0x72,    0x65,    0x63,    0x74,    0x20,    0x5b,    0x5b,    0x61,    0x74,    
            0x74,    0x72,    0x69,    0x62,    0x75,    0x74,    0x65,    0x28,    0x35,    0x29,    0x5d,    0x5d,    0x3b,    0x0a,    0x20,    0x20,    
            0x20,    0x20,    0x66,    0x6c,    0x6f,    0x61,    0x74,    0x20,    0x69,    0x5f,    0x6d,    0x6f,    0x64,    0x65,    0x20,    0x5b,    
            0x5b,    0x61,    0x74,    0x74,    0x72,    0x69,    0x62,    0x75,    0x74,    0x65,    0x28,    0x36,    0x29,    0x5d,    0x5d,    0x3b,    
            0x0a,    0x7d,    0x3b,    0x0a,    0x0a,    0x76,    0x65,    0x72,    0x74,    0x65,    0x78,    0x20,    0x6d,    0x61,    0x69,    0x6e,    
            0x30,    0x5f,    0x6f,    0x75,    0x74,    0x20,    0x6d,    0x61,    0x69,    0x6e,    0x30,    0x28,    0x6d,    0x61,    0x69,    0x6e,    
            0x30,    0x5f,    0x69,    0x6e,    0x20,    0x69,    0x6e,    0x20,    0x5b,    0x5b,    0x73,    0x74,    0x61,    0x67,    0x65,    0x5f,    
            0x69,    0x6e,    0x5d,    0x5d,    0x2c,    0x20,    0x63,    0x6f,    0x6e,    0x73,    0x74,    0x61,    0x6e,    0x74,    0x20,    0x70,    
            0x61,    0x72,    0x74,    0x69,    0x63,    0x6c,    0x65,    0x5f,    0x70,    0x61,    0x72,    0x61,    0x6d,    0x73,    0x26,    0x20,    
            0x5f,    0x37,    0x32,    0x20,    0x5b,    0x5b,    0x62,    0x75,    0x66,    0x66,    0x65,    0x72,    0x28,    0x30,    0x29,    0x5d,    
            0x5d,    0x29,    0x0a,    0x7b,    0x0a,    0x20,    0x20,    0x20,    0x20,    0x6d,    0x61,    0x69,    0x6e,    0x30,    0x5f,    0x6f,    
            0x75,    0x74,    0x20,    0x6f,    0x75,    0x74,    0x20,    0x3d,    0x20,    0x7b,    0x7d,    0x3b,    0x0a,    0x20,    0x20,    0x20,    
            0x20,    0x66,    0x6c,    0x6f,    0x61,    0x74,    0x20,    0x5f,    0x31,    0x32,    0x20,    0x3d,    0x20,    0x73,    0x69,    0x6e,    
            0x28,    0x69,    0x6e,    0x2e,    0x69,    0x5f,    0x72,    0x6f,    0x74,    0x29,    0x3b,    0x0a,    0x20,    0x20,    0x20,    0x20,    
            0x66,    0x6c,    0x6f,    0x61,    0x74,    0x20,    0x5f,    0x31,    0x35,    0x20,    0x3d,    0x20,    0x63,    0x6f,    0x73,    0x28,    
            0x69,    0x6e,    0x2e,    0x69,    0x5f,    0x72,    0x6f,    0x74,    0x29,    0x3b,    0x0a,    0x20,    0x20,    0x20,    0x20,    0x66,    
            0x6c,    0x6f,    0x61,    0x74,    0x20,    0x5f,    0x32,    0x38,    0x20,    0x3d,    0x20,    0x69,    0x6e,    0x2e,    0x63,    0x6f,    
            0x72,    0x6e,    0x65,    0x72,    0x2e,    0x78,    0x20,    0x2a,    0x20,    0x69,    0x6e,    0x2e,    0x69,    0x5f,    0x73,    0x69,    
            0x7a,    0x65,    0x2e,    0x78,    0x3b,    0x0a,    0x20,    0x20,    0x20,    0x20,    0x66,    0x6c,    0x6f,    0x61,    0x74,    0x20,    
            0x5f,    0x33,    0x34,    0x20,    0x3d,    0x20,    0x69,    0x6e,    0x2e,    0x63,    0x6f,    0x72,    0x6e,    0x65,    0x72,    0x2e,    
            0x79,    0x20,    0x2a,    0x20,    0x69,    0x6e,    0x2e,    0x69,    0x5f,    0x73,    0x69,    0x7a,    0x65,    0x2e,    0x79,    0x3b,    
            0x0a,    0x20,    0x20,    0x20,    0x20,    0x66,    0x6c,    0x6f,    0x61,    0x74,    0x32,    0x20,    0x5f,    0x36,    0x30,    0x20,    
            0x3d,    0x20,    0x69,    0x6e,    0x2e,    0x69,    0x5f,    0x70,    0x6f,    0x73,    0x20,    0x2b,    0x20,    0x66,    0x6c,    0x6f,    
            0x61,    0x74,    0x32,    0x28,    0x28,    0x5f,    0x32,    0x38,    0x20,    0x2a,    0x20,    0x5f,    0x31,    0x35,    0x29,    0x20,    
            0x2d,    0x20,    0x28,    0x5f,    0x33,    0x34,    0x20,    0x2a,    0x20,    0x5f,    0x31,    0x32,    0x29,    0x2c,    0x20,    0x28,    
            0x5f,    0x32,    0x38,    0x20,    0x2a,    0x20,    0x5f,    0x31,    0x32,    0x29,    0x20,    0x2b,    0x20,    0x28,    0x5f,    0x33,    
            0x34,    0x20,    0x2a,    0x20,    0x5f,    0x31,    0x35,    0x29,    0x29,    0x3b,    0x0a,    0x20,    0x20,    0x20,    0x20,    0x6f,    
            0x75,    0x74,    0x2e,    0x67,    0x6c,    0x5f,    0x50,    0x6f,    0x73,    0x69,    0x74,    0x69,    0x6f,    0x6e,    0x20,    0x3d,    
            0x20,    0x66,    0x6c,    0x6f,    0x61,    0x74,    0x34,    0x28,    0x28,    0x28,    0x5f,    0x36,    0x30,    0x2e,    0x78,    0x20,    
            0x2f,    0x20,    0x5f,    0x37,    0x32,    0x2e,    0x76,    0x69,    0x65,    0x77,    0x70,    0x6f,    0x72,    0x74,    0x2e,    0x78,    
            0x29,    0x20,    0x2a,    0x20,    0x32,    0x2e,    0x30,    0x29,    0x20,    0x2d,    0x20,    0x31,    0x2e,    0x30,    0x2c,    0x20,    
            0x31,    0x2e,    0x30,    0x20,    0x2d,    0x20,    0x28,    0x28,    0x5f,    0x36,    0x30,    0x2e,    0x79,    0x20,    0x2f,    0x20,    
            0x5f,    0x37,    0x32,    0x2e,    0x76,    0x69,    0x65,    0x77,    0x70,    0x6f,    0x72,    0x74,    0x2e,    0x79,    0x29,    0x20,    
            0x2a,    0x20,    0x32,    0x2e,    0x30,    0x29,    0x2c,    0x20,    0x30,    0x2e,    0x30,    0x2c,    0x20,    0x31,    0x2e,    0x30,    
            0x29,    0x3b,    0x0a,    0x20,    0x20,    0x20,    0x20,    0x6f,    0x75,    0x74,    0x2e,    0x76,    0x5f,    0x6c,    0x6f,    0x63,    
            0x61,    0x6c,    0x20,    0x3d,    0x20,    0x69,    0x6e,    0x2e,    0x63,    0x6f,    0x72,    0x6e,    0x65,    0x72,    0x3b,    0x0a,    
            0x20,    0x20,    0x20,    0x20,    0x6f,    0x75,    0x74,    0x2e,    0x76,    0x5f,    0x74,    0x65,    0x78,    0x75,    0x76,    0x20,    
            0x3d,    0x20,    0x6d,    0x69,    0x78,    0x28,    0x69,    0x6e,    0x2e,    0x69,    0x5f,    0x75,    0x76,    0x72,    0x65,    0x63,    
            0x74,    0x2e,    0x78,    0x79,    0x2c,    0x20,    0x69,    0x6e,    0x2e,    0x69,    0x5f,    0x75,    0x76,    0x72,    0x65,    0x63,    
            0x74,    0x2e,    0x7a,    0x77,    0x2c,    0x20,    0x28,    0x69,    0x6e,    0x2e,    0x63,    0x6f,    0x72,    0x6e,    0x65,    0x72,    
            0x20,    0x2a,    0x20,    0x30,    0x2e,    0x35,    0x29,    0x20,    0x2b,    0x20,    0x66,    0x6c,    0x6f,    0x61,    0x74,    0x32,    
            0x28,    0x30,    0x2e,    0x35,    0x29,    0x29,    0x3b,    0x0a,    0x20,    0x20,    0x20,    0x20,    0x6f,    0x75,    0x74,    0x2e,    
            0x76,    0x5f,    0x63,    0x6f,    0x6c,    0x6f,    0x72,    0x20,    0x3d,    0x20,    0x69,    0x6e,    0x2e,    0x69,    0x5f,    0x63,    
            0x6f,    0x6c,    0x6f,    0x72,    0x3b,    0x0a,    0x20,    0x20,    0x20,    0x20,    0x6f,    0x75,    0x74,    0x2e,    0x76,    0x5f,    
            0x6d,    0x6f,    0x64,    0x65,    0x20,    0x3d,    0x20,    0x69,    0x6e,    0x2e,    0x69,    0x5f,    0x6d,    0x6f,    0x64,    0x65,    
            0x3b,    0x0a,    0x20,    0x20,    0x20,    0x20,    0x72,    0x65,    0x74,    0x75,    0x72,    0x6e,    0x20,    0x6f,    0x75,    0x74,    
            0x3b,    0x0a,    0x7d,    0x0a,    0x0a,    0x00,    
};
    /*
        #include <metal_stdlib>
        #include <simd/simd.h>

        using namespace metal;

        struct main0_out
        {
            float4 frag_color [[color(0)]];
        };

        struct main0_in
        {
            float2 v_local [[user(locn0)]];
            float2 v_texuv [[user(locn1)]];
            float4 v_color [[user(locn2)]];
            float v_mode [[user(locn3)]];
        };

        fragment main0_out main0(main0_in in [[stage_in]], texture2d<float> part_tex [[texture(0)]], sampler part_smp [[sampler(0)]])
        {
            main0_out out = {};
            int _15 = int(in.v_mode + 0.5);
            float4 col = in.v_color;
            if (_15 == 3)
            {
                col *= part_tex.sample(part_smp, in.v_texuv);
            }
            else
            {
                float _50 = length(in.v_local);
                float a;
                if (_15 == 1)
                {
                    a = 1.0 - smoothstep(0.85000002384185791015625, 1.0, _50);
                }
                else
                {
                    if (_15 == 2)
                    {
                        a = step(abs(in.v_local.x), (in.v_local.y + 1.0) * 0.5);
                    }
                    else
                    {
                        if (_15 == 4)
                        {
                            a = smoothstep(0.550000011920928955078125, 0.7200000286102294921875, _50) * (1.0 - smoothstep(0.87999999523162841796875, 1.0, _50));
                        }
                        else
                        {
                            if (_15 == 5)
                            {
                                float _116 = mix(0.4199999868869781494140625, 1.0, 0.5 + (0.5 * cos(precise::atan2(in.v_local.y, in.v_local.x) * 5.0)));
                                a = 1.0 - smoothstep(_116 - 0.070000000298023223876953125, _116, _50);
                            }
                            else
                            {
                                float _128 = fast::clamp(1.0 - _50, 0.0, 1.0);
                                a = _128 * _128;
                            }
                        }
                    }
                }
                float4 _148 = col;
                _148.w = _148.w * a;
                col = _148;
            }
            if (col.w < 0.0030000000260770320892333984375)
            {
                discard_fragment();
            }
            out.frag_color = col;
            return out;
        }

    */
    static readonly byte[] r2d_particle_fs_source_metal_macos = {
            0x23,    0x69,    0x6e,    0x63,    0x6c,    0x75,    0x64,    0x65,    0x20,    0x3c,    0x6d,    0x65,    0x74,    0x61,    0x6c,    0x5f,    
            0x73,    0x74,    0x64,    0x6c,    0x69,    0x62,    0x3e,    0x0a,    0x23,    0x69,    0x6e,    0x63,    0x6c,    0x75,    0x64,    0x65,    
            0x20,    0x3c,    0x73,    0x69,    0x6d,    0x64,    0x2f,    0x73,    0x69,    0x6d,    0x64,    0x2e,    0x68,    0x3e,    0x0a,    0x0a,    
            0x75,    0x73,    0x69,    0x6e,    0x67,    0x20,    0x6e,    0x61,    0x6d,    0x65,    0x73,    0x70,    0x61,    0x63,    0x65,    0x20,    
            0x6d,    0x65,    0x74,    0x61,    0x6c,    0x3b,    0x0a,    0x0a,    0x73,    0x74,    0x72,    0x75,    0x63,    0x74,    0x20,    0x6d,    
            0x61,    0x69,    0x6e,    0x30,    0x5f,    0x6f,    0x75,    0x74,    0x0a,    0x7b,    0x0a,    0x20,    0x20,    0x20,    0x20,    0x66,    
            0x6c,    0x6f,    0x61,    0x74,    0x34,    0x20,    0x66,    0x72,    0x61,    0x67,    0x5f,    0x63,    0x6f,    0x6c,    0x6f,    0x72,    
            0x20,    0x5b,    0x5b,    0x63,    0x6f,    0x6c,    0x6f,    0x72,    0x28,    0x30,    0x29,    0x5d,    0x5d,    0x3b,    0x0a,    0x7d,    
            0x3b,    0x0a,    0x0a,    0x73,    0x74,    0x72,    0x75,    0x63,    0x74,    0x20,    0x6d,    0x61,    0x69,    0x6e,    0x30,    0x5f,    
            0x69,    0x6e,    0x0a,    0x7b,    0x0a,    0x20,    0x20,    0x20,    0x20,    0x66,    0x6c,    0x6f,    0x61,    0x74,    0x32,    0x20,    
            0x76,    0x5f,    0x6c,    0x6f,    0x63,    0x61,    0x6c,    0x20,    0x5b,    0x5b,    0x75,    0x73,    0x65,    0x72,    0x28,    0x6c,    
            0x6f,    0x63,    0x6e,    0x30,    0x29,    0x5d,    0x5d,    0x3b,    0x0a,    0x20,    0x20,    0x20,    0x20,    0x66,    0x6c,    0x6f,    
            0x61,    0x74,    0x32,    0x20,    0x76,    0x5f,    0x74,    0x65,    0x78,    0x75,    0x76,    0x20,    0x5b,    0x5b,    0x75,    0x73,    
            0x65,    0x72,    0x28,    0x6c,    0x6f,    0x63,    0x6e,    0x31,    0x29,    0x5d,    0x5d,    0x3b,    0x0a,    0x20,    0x20,    0x20,    
            0x20,    0x66,    0x6c,    0x6f,    0x61,    0x74,    0x34,    0x20,    0x76,    0x5f,    0x63,    0x6f,    0x6c,    0x6f,    0x72,    0x20,    
            0x5b,    0x5b,    0x75,    0x73,    0x65,    0x72,    0x28,    0x6c,    0x6f,    0x63,    0x6e,    0x32,    0x29,    0x5d,    0x5d,    0x3b,    
            0x0a,    0x20,    0x20,    0x20,    0x20,    0x66,    0x6c,    0x6f,    0x61,    0x74,    0x20,    0x76,    0x5f,    0x6d,    0x6f,    0x64,    
            0x65,    0x20,    0x5b,    0x5b,    0x75,    0x73,    0x65,    0x72,    0x28,    0x6c,    0x6f,    0x63,    0x6e,    0x33,    0x29,    0x5d,    
            0x5d,    0x3b,    0x0a,    0x7d,    0x3b,    0x0a,    0x0a,    0x66,    0x72,    0x61,    0x67,    0x6d,    0x65,    0x6e,    0x74,    0x20,    
            0x6d,    0x61,    0x69,    0x6e,    0x30,    0x5f,    0x6f,    0x75,    0x74,    0x20,    0x6d,    0x61,    0x69,    0x6e,    0x30,    0x28,    
            0x6d,    0x61,    0x69,    0x6e,    0x30,    0x5f,    0x69,    0x6e,    0x20,    0x69,    0x6e,    0x20,    0x5b,    0x5b,    0x73,    0x74,    
            0x61,    0x67,    0x65,    0x5f,    0x69,    0x6e,    0x5d,    0x5d,    0x2c,    0x20,    0x74,    0x65,    0x78,    0x74,    0x75,    0x72,    
            0x65,    0x32,    0x64,    0x3c,    0x66,    0x6c,    0x6f,    0x61,    0x74,    0x3e,    0x20,    0x70,    0x61,    0x72,    0x74,    0x5f,    
            0x74,    0x65,    0x78,    0x20,    0x5b,    0x5b,    0x74,    0x65,    0x78,    0x74,    0x75,    0x72,    0x65,    0x28,    0x30,    0x29,    
            0x5d,    0x5d,    0x2c,    0x20,    0x73,    0x61,    0x6d,    0x70,    0x6c,    0x65,    0x72,    0x20,    0x70,    0x61,    0x72,    0x74,    
            0x5f,    0x73,    0x6d,    0x70,    0x20,    0x5b,    0x5b,    0x73,    0x61,    0x6d,    0x70,    0x6c,    0x65,    0x72,    0x28,    0x30,    
            0x29,    0x5d,    0x5d,    0x29,    0x0a,    0x7b,    0x0a,    0x20,    0x20,    0x20,    0x20,    0x6d,    0x61,    0x69,    0x6e,    0x30,    
            0x5f,    0x6f,    0x75,    0x74,    0x20,    0x6f,    0x75,    0x74,    0x20,    0x3d,    0x20,    0x7b,    0x7d,    0x3b,    0x0a,    0x20,    
            0x20,    0x20,    0x20,    0x69,    0x6e,    0x74,    0x20,    0x5f,    0x31,    0x35,    0x20,    0x3d,    0x20,    0x69,    0x6e,    0x74,    
            0x28,    0x69,    0x6e,    0x2e,    0x76,    0x5f,    0x6d,    0x6f,    0x64,    0x65,    0x20,    0x2b,    0x20,    0x30,    0x2e,    0x35,    
            0x29,    0x3b,    0x0a,    0x20,    0x20,    0x20,    0x20,    0x66,    0x6c,    0x6f,    0x61,    0x74,    0x34,    0x20,    0x63,    0x6f,    
            0x6c,    0x20,    0x3d,    0x20,    0x69,    0x6e,    0x2e,    0x76,    0x5f,    0x63,    0x6f,    0x6c,    0x6f,    0x72,    0x3b,    0x0a,    
            0x20,    0x20,    0x20,    0x20,    0x69,    0x66,    0x20,    0x28,    0x5f,    0x31,    0x35,    0x20,    0x3d,    0x3d,    0x20,    0x33,    
            0x29,    0x0a,    0x20,    0x20,    0x20,    0x20,    0x7b,    0x0a,    0x20,    0x20,    0x20,    0x20,    0x20,    0x20,    0x20,    0x20,    
            0x63,    0x6f,    0x6c,    0x20,    0x2a,    0x3d,    0x20,    0x70,    0x61,    0x72,    0x74,    0x5f,    0x74,    0x65,    0x78,    0x2e,    
            0x73,    0x61,    0x6d,    0x70,    0x6c,    0x65,    0x28,    0x70,    0x61,    0x72,    0x74,    0x5f,    0x73,    0x6d,    0x70,    0x2c,    
            0x20,    0x69,    0x6e,    0x2e,    0x76,    0x5f,    0x74,    0x65,    0x78,    0x75,    0x76,    0x29,    0x3b,    0x0a,    0x20,    0x20,    
            0x20,    0x20,    0x7d,    0x0a,    0x20,    0x20,    0x20,    0x20,    0x65,    0x6c,    0x73,    0x65,    0x0a,    0x20,    0x20,    0x20,    
            0x20,    0x7b,    0x0a,    0x20,    0x20,    0x20,    0x20,    0x20,    0x20,    0x20,    0x20,    0x66,    0x6c,    0x6f,    0x61,    0x74,    
            0x20,    0x5f,    0x35,    0x30,    0x20,    0x3d,    0x20,    0x6c,    0x65,    0x6e,    0x67,    0x74,    0x68,    0x28,    0x69,    0x6e,    
            0x2e,    0x76,    0x5f,    0x6c,    0x6f,    0x63,    0x61,    0x6c,    0x29,    0x3b,    0x0a,    0x20,    0x20,    0x20,    0x20,    0x20,    
            0x20,    0x20,    0x20,    0x66,    0x6c,    0x6f,    0x61,    0x74,    0x20,    0x61,    0x3b,    0x0a,    0x20,    0x20,    0x20,    0x20,    
            0x20,    0x20,    0x20,    0x20,    0x69,    0x66,    0x20,    0x28,    0x5f,    0x31,    0x35,    0x20,    0x3d,    0x3d,    0x20,    0x31,    
            0x29,    0x0a,    0x20,    0x20,    0x20,    0x20,    0x20,    0x20,    0x20,    0x20,    0x7b,    0x0a,    0x20,    0x20,    0x20,    0x20,    
            0x20,    0x20,    0x20,    0x20,    0x20,    0x20,    0x20,    0x20,    0x61,    0x20,    0x3d,    0x20,    0x31,    0x2e,    0x30,    0x20,    
            0x2d,    0x20,    0x73,    0x6d,    0x6f,    0x6f,    0x74,    0x68,    0x73,    0x74,    0x65,    0x70,    0x28,    0x30,    0x2e,    0x38,    
            0x35,    0x30,    0x30,    0x30,    0x30,    0x30,    0x32,    0x33,    0x38,    0x34,    0x31,    0x38,    0x35,    0x37,    0x39,    0x31,    
            0x30,    0x31,    0x35,    0x36,    0x32,    0x35,    0x2c,    0x20,    0x31,    0x2e,    0x30,    0x2c,    0x20,    0x5f,    0x35,    0x30,    
            0x29,    0x3b,    0x0a,    0x20,    0x20,    0x20,    0x20,    0x20,    0x20,    0x20,    0x20,    0x7d,    0x0a,    0x20,    0x20,    0x20,    
            0x20,    0x20,    0x20,    0x20,    0x20,    0x65,    0x6c,    0x73,    0x65,    0x0a,    0x20,    0x20,    0x20,    0x20,    0x20,    0x20,    
            0x20,    0x20,    0x7b,    0x0a,    0x20,    0x20,    0x20,    0x20,    0x20,    0x20,    0x20,    0x20,    0x20,    0x20,    0x20,    0x20,    
            0x69,    0x66,    0x20,    0x28,    0x5f,    0x31,    0x35,    0x20,    0x3d,    0x3d,    0x20,    0x32,    0x29,    0x0a,    0x20,    0x20,    
            0x20,    0x20,    0x20,    0x20,    0x20,    0x20,    0x20,    0x20,    0x20,    0x20,    0x7b,    0x0a,    0x20,    0x20,    0x20,    0x20,    
            0x20,    0x20,    0x20,    0x20,    0x20,    0x20,    0x20,    0x20,    0x20,    0x20,    0x20,    0x20,    0x61,    0x20,    0x3d,    0x20,    
            0x73,    0x74,    0x65,    0x70,    0x28,    0x61,    0x62,    0x73,    0x28,    0x69,    0x6e,    0x2e,    0x76,    0x5f,    0x6c,    0x6f,    
            0x63,    0x61,    0x6c,    0x2e,    0x78,    0x29,    0x2c,    0x20,    0x28,    0x69,    0x6e,    0x2e,    0x76,    0x5f,    0x6c,    0x6f,    
            0x63,    0x61,    0x6c,    0x2e,    0x79,    0x20,    0x2b,    0x20,    0x31,    0x2e,    0x30,    0x29,    0x20,    0x2a,    0x20,    0x30,    
            0x2e,    0x35,    0x29,    0x3b,    0x0a,    0x20,    0x20,    0x20,    0x20,    0x20,    0x20,    0x20,    0x20,    0x20,    0x20,    0x20,    
            0x20,    0x7d,    0x0a,    0x20,    0x20,    0x20,    0x20,    0x20,    0x20,    0x20,    0x20,    0x20,    0x20,    0x20,    0x20,    0x65,    
            0x6c,    0x73,    0x65,    0x0a,    0x20,    0x20,    0x20,    0x20,    0x20,    0x20,    0x20,    0x20,    0x20,    0x20,    0x20,    0x20,    
            0x7b,    0x0a,    0x20,    0x20,    0x20,    0x20,    0x20,    0x20,    0x20,    0x20,    0x20,    0x20,    0x20,    0x20,    0x20,    0x20,    
            0x20,    0x20,    0x69,    0x66,    0x20,    0x28,    0x5f,    0x31,    0x35,    0x20,    0x3d,    0x3d,    0x20,    0x34,    0x29,    0x0a,    
            0x20,    0x20,    0x20,    0x20,    0x20,    0x20,    0x20,    0x20,    0x20,    0x20,    0x20,    0x20,    0x20,    0x20,    0x20,    0x20,    
            0x7b,    0x0a,    0x20,    0x20,    0x20,    0x20,    0x20,    0x20,    0x20,    0x20,    0x20,    0x20,    0x20,    0x20,    0x20,    0x20,    
            0x20,    0x20,    0x20,    0x20,    0x20,    0x20,    0x61,    0x20,    0x3d,    0x20,    0x73,    0x6d,    0x6f,    0x6f,    0x74,    0x68,    
            0x73,    0x74,    0x65,    0x70,    0x28,    0x30,    0x2e,    0x35,    0x35,    0x30,    0x30,    0x30,    0x30,    0x30,    0x31,    0x31,    
            0x39,    0x32,    0x30,    0x39,    0x32,    0x38,    0x39,    0x35,    0x35,    0x30,    0x37,    0x38,    0x31,    0x32,    0x35,    0x2c,    
            0x20,    0x30,    0x2e,    0x37,    0x32,    0x30,    0x30,    0x30,    0x30,    0x30,    0x32,    0x38,    0x36,    0x31,    0x30,    0x32,    
            0x32,    0x39,    0x34,    0x39,    0x32,    0x31,    0x38,    0x37,    0x35,    0x2c,    0x20,    0x5f,    0x35,    0x30,    0x29,    0x20,    
            0x2a,    0x20,    0x28,    0x31,    0x2e,    0x30,    0x20,    0x2d,    0x20,    0x73,    0x6d,    0x6f,    0x6f,    0x74,    0x68,    0x73,    
            0x74,    0x65,    0x70,    0x28,    0x30,    0x2e,    0x38,    0x37,    0x39,    0x39,    0x39,    0x39,    0x39,    0x39,    0x35,    0x32,    
            0x33,    0x31,    0x36,    0x32,    0x38,    0x34,    0x31,    0x37,    0x39,    0x36,    0x38,    0x37,    0x35,    0x2c,    0x20,    0x31,    
            0x2e,    0x30,    0x2c,    0x20,    0x5f,    0x35,    0x30,    0x29,    0x29,    0x3b,    0x0a,    0x20,    0x20,    0x20,    0x20,    0x20,    
            0x20,    0x20,    0x20,    0x20,    0x20,    0x20,    0x20,    0x20,    0x20,    0x20,    0x20,    0x7d,    0x0a,    0x20,    0x20,    0x20,    
            0x20,    0x20,    0x20,    0x20,    0x20,    0x20,    0x20,    0x20,    0x20,    0x20,    0x20,    0x20,    0x20,    0x65,    0x6c,    0x73,    
            0x65,    0x0a,    0x20,    0x20,    0x20,    0x20,    0x20,    0x20,    0x20,    0x20,    0x20,    0x20,    0x20,    0x20,    0x20,    0x20,    
            0x20,    0x20,    0x7b,    0x0a,    0x20,    0x20,    0x20,    0x20,    0x20,    0x20,    0x20,    0x20,    0x20,    0x20,    0x20,    0x20,    
            0x20,    0x20,    0x20,    0x20,    0x20,    0x20,    0x20,    0x20,    0x69,    0x66,    0x20,    0x28,    0x5f,    0x31,    0x35,    0x20,    
            0x3d,    0x3d,    0x20,    0x35,    0x29,    0x0a,    0x20,    0x20,    0x20,    0x20,    0x20,    0x20,    0x20,    0x20,    0x20,    0x20,    
            0x20,    0x20,    0x20,    0x20,    0x20,    0x20,    0x20,    0x20,    0x20,    0x20,    0x7b,    0x0a,    0x20,    0x20,    0x20,    0x20,    
            0x20,    0x20,    0x20,    0x20,    0x20,    0x20,    0x20,    0x20,    0x20,    0x20,    0x20,    0x20,    0x20,    0x20,    0x20,    0x20,    
            0x20,    0x20,    0x20,    0x20,    0x66,    0x6c,    0x6f,    0x61,    0x74,    0x20,    0x5f,    0x31,    0x31,    0x36,    0x20,    0x3d,    
            0x20,    0x6d,    0x69,    0x78,    0x28,    0x30,    0x2e,    0x34,    0x31,    0x39,    0x39,    0x39,    0x39,    0x39,    0x38,    0x36,    
            0x38,    0x38,    0x36,    0x39,    0x37,    0x38,    0x31,    0x34,    0x39,    0x34,    0x31,    0x34,    0x30,    0x36,    0x32,    0x35,    
            0x2c,    0x20,    0x31,    0x2e,    0x30,    0x2c,    0x20,    0x30,    0x2e,    0x35,    0x20,    0x2b,    0x20,    0x28,    0x30,    0x2e,    
            0x35,    0x20,    0x2a,    0x20,    0x63,    0x6f,    0x73,    0x28,    0x70,    0x72,    0x65,    0x63,    0x69,    0x73,    0x65,    0x3a,    
            0x3a,    0x61,    0x74,    0x61,    0x6e,    0x32,    0x28,    0x69,    0x6e,    0x2e,    0x76,    0x5f,    0x6c,    0x6f,    0x63,    0x61,    
            0x6c,    0x2e,    0x79,    0x2c,    0x20,    0x69,    0x6e,    0x2e,    0x76,    0x5f,    0x6c,    0x6f,    0x63,    0x61,    0x6c,    0x2e,    
            0x78,    0x29,    0x20,    0x2a,    0x20,    0x35,    0x2e,    0x30,    0x29,    0x29,    0x29,    0x3b,    0x0a,    0x20,    0x20,    0x20,    
            0x20,    0x20,    0x20,    0x20,    0x20,    0x20,    0x20,    0x20,    0x20,    0x20,    0x20,    0x20,    0x20,    0x20,    0x20,    0x20,    
            0x20,    0x20,    0x20,    0x20,    0x20,    0x61,    0x20,    0x3d,    0x20,    0x31,    0x2e,    0x30,    0x20,    0x2d,    0x20,    0x73,    
            0x6d,    0x6f,    0x6f,    0x74,    0x68,    0x73,    0x74,    0x65,    0x70,    0x28,    0x5f,    0x31,    0x31,    0x36,    0x20,    0x2d,    
            0x20,    0x30,    0x2e,    0x30,    0x37,    0x30,    0x30,    0x30,    0x30,    0x30,    0x30,    0x30,    0x32,    0x39,    0x38,    0x30,    
            0x32,    0x33,    0x32,    0x32,    0x33,    0x38,    0x37,    0x36,    0x39,    0x35,    0x33,    0x31,    0x32,    0x35,    0x2c,    0x20,    
            0x5f,    0x31,    0x31,    0x36,    0x2c,    0x20,    0x5f,    0x35,    0x30,    0x29,    0x3b,    0x0a,    0x20,    0x20,    0x20,    0x20,    
            0x20,    0x20,    0x20,    0x20,    0x20,    0x20,    0x20,    0x20,    0x20,    0x20,    0x20,    0x20,    0x20,    0x20,    0x20,    0x20,    
            0x7d,    0x0a,    0x20,    0x20,    0x20,    0x20,    0x20,    0x20,    0x20,    0x20,    0x20,    0x20,    0x20,    0x20,    0x20,    0x20,    
            0x20,    0x20,    0x20,    0x20,    0x20,    0x20,    0x65,    0x6c,    0x73,    0x65,    0x0a,    0x20,    0x20,    0x20,    0x20,    0x20,    
            0x20,    0x20,    0x20,    0x20,    0x20,    0x20,    0x20,    0x20,    0x20,    0x20,    0x20,    0x20,    0x20,    0x20,    0x20,    0x7b,    
            0x0a,    0x20,    0x20,    0x20,    0x20,    0x20,    0x20,    0x20,    0x20,    0x20,    0x20,    0x20,    0x20,    0x20,    0x20,    0x20,    
            0x20,    0x20,    0x20,    0x20,    0x20,    0x20,    0x20,    0x20,    0x20,    0x66,    0x6c,    0x6f,    0x61,    0x74,    0x20,    0x5f,    
            0x31,    0x32,    0x38,    0x20,    0x3d,    0x20,    0x66,    0x61,    0x73,    0x74,    0x3a,    0x3a,    0x63,    0x6c,    0x61,    0x6d,    
            0x70,    0x28,    0x31,    0x2e,    0x30,    0x20,    0x2d,    0x20,    0x5f,    0x35,    0x30,    0x2c,    0x20,    0x30,    0x2e,    0x30,    
            0x2c,    0x20,    0x31,    0x2e,    0x30,    0x29,    0x3b,    0x0a,    0x20,    0x20,    0x20,    0x20,    0x20,    0x20,    0x20,    0x20,    
            0x20,    0x20,    0x20,    0x20,    0x20,    0x20,    0x20,    0x20,    0x20,    0x20,    0x20,    0x20,    0x20,    0x20,    0x20,    0x20,    
            0x61,    0x20,    0x3d,    0x20,    0x5f,    0x31,    0x32,    0x38,    0x20,    0x2a,    0x20,    0x5f,    0x31,    0x32,    0x38,    0x3b,    
            0x0a,    0x20,    0x20,    0x20,    0x20,    0x20,    0x20,    0x20,    0x20,    0x20,    0x20,    0x20,    0x20,    0x20,    0x20,    0x20,    
            0x20,    0x20,    0x20,    0x20,    0x20,    0x7d,    0x0a,    0x20,    0x20,    0x20,    0x20,    0x20,    0x20,    0x20,    0x20,    0x20,    
            0x20,    0x20,    0x20,    0x20,    0x20,    0x20,    0x20,    0x7d,    0x0a,    0x20,    0x20,    0x20,    0x20,    0x20,    0x20,    0x20,    
            0x20,    0x20,    0x20,    0x20,    0x20,    0x7d,    0x0a,    0x20,    0x20,    0x20,    0x20,    0x20,    0x20,    0x20,    0x20,    0x7d,    
            0x0a,    0x20,    0x20,    0x20,    0x20,    0x20,    0x20,    0x20,    0x20,    0x66,    0x6c,    0x6f,    0x61,    0x74,    0x34,    0x20,    
            0x5f,    0x31,    0x34,    0x38,    0x20,    0x3d,    0x20,    0x63,    0x6f,    0x6c,    0x3b,    0x0a,    0x20,    0x20,    0x20,    0x20,    
            0x20,    0x20,    0x20,    0x20,    0x5f,    0x31,    0x34,    0x38,    0x2e,    0x77,    0x20,    0x3d,    0x20,    0x5f,    0x31,    0x34,    
            0x38,    0x2e,    0x77,    0x20,    0x2a,    0x20,    0x61,    0x3b,    0x0a,    0x20,    0x20,    0x20,    0x20,    0x20,    0x20,    0x20,    
            0x20,    0x63,    0x6f,    0x6c,    0x20,    0x3d,    0x20,    0x5f,    0x31,    0x34,    0x38,    0x3b,    0x0a,    0x20,    0x20,    0x20,    
            0x20,    0x7d,    0x0a,    0x20,    0x20,    0x20,    0x20,    0x69,    0x66,    0x20,    0x28,    0x63,    0x6f,    0x6c,    0x2e,    0x77,    
            0x20,    0x3c,    0x20,    0x30,    0x2e,    0x30,    0x30,    0x33,    0x30,    0x30,    0x30,    0x30,    0x30,    0x30,    0x30,    0x32,    
            0x36,    0x30,    0x37,    0x37,    0x30,    0x33,    0x32,    0x30,    0x38,    0x39,    0x32,    0x33,    0x33,    0x33,    0x39,    0x38,    
            0x34,    0x33,    0x37,    0x35,    0x29,    0x0a,    0x20,    0x20,    0x20,    0x20,    0x7b,    0x0a,    0x20,    0x20,    0x20,    0x20,    
            0x20,    0x20,    0x20,    0x20,    0x64,    0x69,    0x73,    0x63,    0x61,    0x72,    0x64,    0x5f,    0x66,    0x72,    0x61,    0x67,    
            0x6d,    0x65,    0x6e,    0x74,    0x28,    0x29,    0x3b,    0x0a,    0x20,    0x20,    0x20,    0x20,    0x7d,    0x0a,    0x20,    0x20,    
            0x20,    0x20,    0x6f,    0x75,    0x74,    0x2e,    0x66,    0x72,    0x61,    0x67,    0x5f,    0x63,    0x6f,    0x6c,    0x6f,    0x72,    
            0x20,    0x3d,    0x20,    0x63,    0x6f,    0x6c,    0x3b,    0x0a,    0x20,    0x20,    0x20,    0x20,    0x72,    0x65,    0x74,    0x75,    
            0x72,    0x6e,    0x20,    0x6f,    0x75,    0x74,    0x3b,    0x0a,    0x7d,    0x0a,    0x0a,    0x00,    
};
    /*
        #include <metal_stdlib>
        #include <simd/simd.h>

        using namespace metal;

        struct particle_params
        {
            float4 viewport;
        };

        struct main0_out
        {
            float2 v_local [[user(locn0)]];
            float2 v_texuv [[user(locn1)]];
            float4 v_color [[user(locn2)]];
            float v_mode [[user(locn3)]];
            float4 gl_Position [[position]];
        };

        struct main0_in
        {
            float2 corner [[attribute(0)]];
            float2 i_pos [[attribute(1)]];
            float2 i_size [[attribute(2)]];
            float i_rot [[attribute(3)]];
            float4 i_color [[attribute(4)]];
            float4 i_uvrect [[attribute(5)]];
            float i_mode [[attribute(6)]];
        };

        vertex main0_out main0(main0_in in [[stage_in]], constant particle_params& _72 [[buffer(0)]])
        {
            main0_out out = {};
            float _12 = sin(in.i_rot);
            float _15 = cos(in.i_rot);
            float _28 = in.corner.x * in.i_size.x;
            float _34 = in.corner.y * in.i_size.y;
            float2 _60 = in.i_pos + float2((_28 * _15) - (_34 * _12), (_28 * _12) + (_34 * _15));
            out.gl_Position = float4(((_60.x / _72.viewport.x) * 2.0) - 1.0, 1.0 - ((_60.y / _72.viewport.y) * 2.0), 0.0, 1.0);
            out.v_local = in.corner;
            out.v_texuv = mix(in.i_uvrect.xy, in.i_uvrect.zw, (in.corner * 0.5) + float2(0.5));
            out.v_color = in.i_color;
            out.v_mode = in.i_mode;
            return out;
        }

    */
    static readonly byte[] r2d_particle_vs_source_metal_ios = {
            0x23,    0x69,    0x6e,    0x63,    0x6c,    0x75,    0x64,    0x65,    0x20,    0x3c,    0x6d,    0x65,    0x74,    0x61,    0x6c,    0x5f,    
            0x73,    0x74,    0x64,    0x6c,    0x69,    0x62,    0x3e,    0x0a,    0x23,    0x69,    0x6e,    0x63,    0x6c,    0x75,    0x64,    0x65,    
            0x20,    0x3c,    0x73,    0x69,    0x6d,    0x64,    0x2f,    0x73,    0x69,    0x6d,    0x64,    0x2e,    0x68,    0x3e,    0x0a,    0x0a,    
            0x75,    0x73,    0x69,    0x6e,    0x67,    0x20,    0x6e,    0x61,    0x6d,    0x65,    0x73,    0x70,    0x61,    0x63,    0x65,    0x20,    
            0x6d,    0x65,    0x74,    0x61,    0x6c,    0x3b,    0x0a,    0x0a,    0x73,    0x74,    0x72,    0x75,    0x63,    0x74,    0x20,    0x70,    
            0x61,    0x72,    0x74,    0x69,    0x63,    0x6c,    0x65,    0x5f,    0x70,    0x61,    0x72,    0x61,    0x6d,    0x73,    0x0a,    0x7b,    
            0x0a,    0x20,    0x20,    0x20,    0x20,    0x66,    0x6c,    0x6f,    0x61,    0x74,    0x34,    0x20,    0x76,    0x69,    0x65,    0x77,    
            0x70,    0x6f,    0x72,    0x74,    0x3b,    0x0a,    0x7d,    0x3b,    0x0a,    0x0a,    0x73,    0x74,    0x72,    0x75,    0x63,    0x74,    
            0x20,    0x6d,    0x61,    0x69,    0x6e,    0x30,    0x5f,    0x6f,    0x75,    0x74,    0x0a,    0x7b,    0x0a,    0x20,    0x20,    0x20,    
            0x20,    0x66,    0x6c,    0x6f,    0x61,    0x74,    0x32,    0x20,    0x76,    0x5f,    0x6c,    0x6f,    0x63,    0x61,    0x6c,    0x20,    
            0x5b,    0x5b,    0x75,    0x73,    0x65,    0x72,    0x28,    0x6c,    0x6f,    0x63,    0x6e,    0x30,    0x29,    0x5d,    0x5d,    0x3b,    
            0x0a,    0x20,    0x20,    0x20,    0x20,    0x66,    0x6c,    0x6f,    0x61,    0x74,    0x32,    0x20,    0x76,    0x5f,    0x74,    0x65,    
            0x78,    0x75,    0x76,    0x20,    0x5b,    0x5b,    0x75,    0x73,    0x65,    0x72,    0x28,    0x6c,    0x6f,    0x63,    0x6e,    0x31,    
            0x29,    0x5d,    0x5d,    0x3b,    0x0a,    0x20,    0x20,    0x20,    0x20,    0x66,    0x6c,    0x6f,    0x61,    0x74,    0x34,    0x20,    
            0x76,    0x5f,    0x63,    0x6f,    0x6c,    0x6f,    0x72,    0x20,    0x5b,    0x5b,    0x75,    0x73,    0x65,    0x72,    0x28,    0x6c,    
            0x6f,    0x63,    0x6e,    0x32,    0x29,    0x5d,    0x5d,    0x3b,    0x0a,    0x20,    0x20,    0x20,    0x20,    0x66,    0x6c,    0x6f,    
            0x61,    0x74,    0x20,    0x76,    0x5f,    0x6d,    0x6f,    0x64,    0x65,    0x20,    0x5b,    0x5b,    0x75,    0x73,    0x65,    0x72,    
            0x28,    0x6c,    0x6f,    0x63,    0x6e,    0x33,    0x29,    0x5d,    0x5d,    0x3b,    0x0a,    0x20,    0x20,    0x20,    0x20,    0x66,    
            0x6c,    0x6f,    0x61,    0x74,    0x34,    0x20,    0x67,    0x6c,    0x5f,    0x50,    0x6f,    0x73,    0x69,    0x74,    0x69,    0x6f,    
            0x6e,    0x20,    0x5b,    0x5b,    0x70,    0x6f,    0x73,    0x69,    0x74,    0x69,    0x6f,    0x6e,    0x5d,    0x5d,    0x3b,    0x0a,    
            0x7d,    0x3b,    0x0a,    0x0a,    0x73,    0x74,    0x72,    0x75,    0x63,    0x74,    0x20,    0x6d,    0x61,    0x69,    0x6e,    0x30,    
            0x5f,    0x69,    0x6e,    0x0a,    0x7b,    0x0a,    0x20,    0x20,    0x20,    0x20,    0x66,    0x6c,    0x6f,    0x61,    0x74,    0x32,    
            0x20,    0x63,    0x6f,    0x72,    0x6e,    0x65,    0x72,    0x20,    0x5b,    0x5b,    0x61,    0x74,    0x74,    0x72,    0x69,    0x62,    
            0x75,    0x74,    0x65,    0x28,    0x30,    0x29,    0x5d,    0x5d,    0x3b,    0x0a,    0x20,    0x20,    0x20,    0x20,    0x66,    0x6c,    
            0x6f,    0x61,    0x74,    0x32,    0x20,    0x69,    0x5f,    0x70,    0x6f,    0x73,    0x20,    0x5b,    0x5b,    0x61,    0x74,    0x74,    
            0x72,    0x69,    0x62,    0x75,    0x74,    0x65,    0x28,    0x31,    0x29,    0x5d,    0x5d,    0x3b,    0x0a,    0x20,    0x20,    0x20,    
            0x20,    0x66,    0x6c,    0x6f,    0x61,    0x74,    0x32,    0x20,    0x69,    0x5f,    0x73,    0x69,    0x7a,    0x65,    0x20,    0x5b,    
            0x5b,    0x61,    0x74,    0x74,    0x72,    0x69,    0x62,    0x75,    0x74,    0x65,    0x28,    0x32,    0x29,    0x5d,    0x5d,    0x3b,    
            0x0a,    0x20,    0x20,    0x20,    0x20,    0x66,    0x6c,    0x6f,    0x61,    0x74,    0x20,    0x69,    0x5f,    0x72,    0x6f,    0x74,    
            0x20,    0x5b,    0x5b,    0x61,    0x74,    0x74,    0x72,    0x69,    0x62,    0x75,    0x74,    0x65,    0x28,    0x33,    0x29,    0x5d,    
            0x5d,    0x3b,    0x0a,    0x20,    0x20,    0x20,    0x20,    0x66,    0x6c,    0x6f,    0x61,    0x74,    0x34,    0x20,    0x69,    0x5f,    
            0x63,    0x6f,    0x6c,    0x6f,    0x72,    0x20,    0x5b,    0x5b,    0x61,    0x74,    0x74,    0x72,    0x69,    0x62,    0x75,    0x74,    
            0x65,    0x28,    0x34,    0x29,    0x5d,    0x5d,    0x3b,    0x0a,    0x20,    0x20,    0x20,    0x20,    0x66,    0x6c,    0x6f,    0x61,    
            0x74,    0x34,    0x20,    0x69,    0x5f,    0x75,    0x76,    0x72,    0x65,    0x63,    0x74,    0x20,    0x5b,    0x5b,    0x61,    0x74,    
            0x74,    0x72,    0x69,    0x62,    0x75,    0x74,    0x65,    0x28,    0x35,    0x29,    0x5d,    0x5d,    0x3b,    0x0a,    0x20,    0x20,    
            0x20,    0x20,    0x66,    0x6c,    0x6f,    0x61,    0x74,    0x20,    0x69,    0x5f,    0x6d,    0x6f,    0x64,    0x65,    0x20,    0x5b,    
            0x5b,    0x61,    0x74,    0x74,    0x72,    0x69,    0x62,    0x75,    0x74,    0x65,    0x28,    0x36,    0x29,    0x5d,    0x5d,    0x3b,    
            0x0a,    0x7d,    0x3b,    0x0a,    0x0a,    0x76,    0x65,    0x72,    0x74,    0x65,    0x78,    0x20,    0x6d,    0x61,    0x69,    0x6e,    
            0x30,    0x5f,    0x6f,    0x75,    0x74,    0x20,    0x6d,    0x61,    0x69,    0x6e,    0x30,    0x28,    0x6d,    0x61,    0x69,    0x6e,    
            0x30,    0x5f,    0x69,    0x6e,    0x20,    0x69,    0x6e,    0x20,    0x5b,    0x5b,    0x73,    0x74,    0x61,    0x67,    0x65,    0x5f,    
            0x69,    0x6e,    0x5d,    0x5d,    0x2c,    0x20,    0x63,    0x6f,    0x6e,    0x73,    0x74,    0x61,    0x6e,    0x74,    0x20,    0x70,    
            0x61,    0x72,    0x74,    0x69,    0x63,    0x6c,    0x65,    0x5f,    0x70,    0x61,    0x72,    0x61,    0x6d,    0x73,    0x26,    0x20,    
            0x5f,    0x37,    0x32,    0x20,    0x5b,    0x5b,    0x62,    0x75,    0x66,    0x66,    0x65,    0x72,    0x28,    0x30,    0x29,    0x5d,    
            0x5d,    0x29,    0x0a,    0x7b,    0x0a,    0x20,    0x20,    0x20,    0x20,    0x6d,    0x61,    0x69,    0x6e,    0x30,    0x5f,    0x6f,    
            0x75,    0x74,    0x20,    0x6f,    0x75,    0x74,    0x20,    0x3d,    0x20,    0x7b,    0x7d,    0x3b,    0x0a,    0x20,    0x20,    0x20,    
            0x20,    0x66,    0x6c,    0x6f,    0x61,    0x74,    0x20,    0x5f,    0x31,    0x32,    0x20,    0x3d,    0x20,    0x73,    0x69,    0x6e,    
            0x28,    0x69,    0x6e,    0x2e,    0x69,    0x5f,    0x72,    0x6f,    0x74,    0x29,    0x3b,    0x0a,    0x20,    0x20,    0x20,    0x20,    
            0x66,    0x6c,    0x6f,    0x61,    0x74,    0x20,    0x5f,    0x31,    0x35,    0x20,    0x3d,    0x20,    0x63,    0x6f,    0x73,    0x28,    
            0x69,    0x6e,    0x2e,    0x69,    0x5f,    0x72,    0x6f,    0x74,    0x29,    0x3b,    0x0a,    0x20,    0x20,    0x20,    0x20,    0x66,    
            0x6c,    0x6f,    0x61,    0x74,    0x20,    0x5f,    0x32,    0x38,    0x20,    0x3d,    0x20,    0x69,    0x6e,    0x2e,    0x63,    0x6f,    
            0x72,    0x6e,    0x65,    0x72,    0x2e,    0x78,    0x20,    0x2a,    0x20,    0x69,    0x6e,    0x2e,    0x69,    0x5f,    0x73,    0x69,    
            0x7a,    0x65,    0x2e,    0x78,    0x3b,    0x0a,    0x20,    0x20,    0x20,    0x20,    0x66,    0x6c,    0x6f,    0x61,    0x74,    0x20,    
            0x5f,    0x33,    0x34,    0x20,    0x3d,    0x20,    0x69,    0x6e,    0x2e,    0x63,    0x6f,    0x72,    0x6e,    0x65,    0x72,    0x2e,    
            0x79,    0x20,    0x2a,    0x20,    0x69,    0x6e,    0x2e,    0x69,    0x5f,    0x73,    0x69,    0x7a,    0x65,    0x2e,    0x79,    0x3b,    
            0x0a,    0x20,    0x20,    0x20,    0x20,    0x66,    0x6c,    0x6f,    0x61,    0x74,    0x32,    0x20,    0x5f,    0x36,    0x30,    0x20,    
            0x3d,    0x20,    0x69,    0x6e,    0x2e,    0x69,    0x5f,    0x70,    0x6f,    0x73,    0x20,    0x2b,    0x20,    0x66,    0x6c,    0x6f,    
            0x61,    0x74,    0x32,    0x28,    0x28,    0x5f,    0x32,    0x38,    0x20,    0x2a,    0x20,    0x5f,    0x31,    0x35,    0x29,    0x20,    
            0x2d,    0x20,    0x28,    0x5f,    0x33,    0x34,    0x20,    0x2a,    0x20,    0x5f,    0x31,    0x32,    0x29,    0x2c,    0x20,    0x28,    
            0x5f,    0x32,    0x38,    0x20,    0x2a,    0x20,    0x5f,    0x31,    0x32,    0x29,    0x20,    0x2b,    0x20,    0x28,    0x5f,    0x33,    
            0x34,    0x20,    0x2a,    0x20,    0x5f,    0x31,    0x35,    0x29,    0x29,    0x3b,    0x0a,    0x20,    0x20,    0x20,    0x20,    0x6f,    
            0x75,    0x74,    0x2e,    0x67,    0x6c,    0x5f,    0x50,    0x6f,    0x73,    0x69,    0x74,    0x69,    0x6f,    0x6e,    0x20,    0x3d,    
            0x20,    0x66,    0x6c,    0x6f,    0x61,    0x74,    0x34,    0x28,    0x28,    0x28,    0x5f,    0x36,    0x30,    0x2e,    0x78,    0x20,    
            0x2f,    0x20,    0x5f,    0x37,    0x32,    0x2e,    0x76,    0x69,    0x65,    0x77,    0x70,    0x6f,    0x72,    0x74,    0x2e,    0x78,    
            0x29,    0x20,    0x2a,    0x20,    0x32,    0x2e,    0x30,    0x29,    0x20,    0x2d,    0x20,    0x31,    0x2e,    0x30,    0x2c,    0x20,    
            0x31,    0x2e,    0x30,    0x20,    0x2d,    0x20,    0x28,    0x28,    0x5f,    0x36,    0x30,    0x2e,    0x79,    0x20,    0x2f,    0x20,    
            0x5f,    0x37,    0x32,    0x2e,    0x76,    0x69,    0x65,    0x77,    0x70,    0x6f,    0x72,    0x74,    0x2e,    0x79,    0x29,    0x20,    
            0x2a,    0x20,    0x32,    0x2e,    0x30,    0x29,    0x2c,    0x20,    0x30,    0x2e,    0x30,    0x2c,    0x20,    0x31,    0x2e,    0x30,    
            0x29,    0x3b,    0x0a,    0x20,    0x20,    0x20,    0x20,    0x6f,    0x75,    0x74,    0x2e,    0x76,    0x5f,    0x6c,    0x6f,    0x63,    
            0x61,    0x6c,    0x20,    0x3d,    0x20,    0x69,    0x6e,    0x2e,    0x63,    0x6f,    0x72,    0x6e,    0x65,    0x72,    0x3b,    0x0a,    
            0x20,    0x20,    0x20,    0x20,    0x6f,    0x75,    0x74,    0x2e,    0x76,    0x5f,    0x74,    0x65,    0x78,    0x75,    0x76,    0x20,    
            0x3d,    0x20,    0x6d,    0x69,    0x78,    0x28,    0x69,    0x6e,    0x2e,    0x69,    0x5f,    0x75,    0x76,    0x72,    0x65,    0x63,    
            0x74,    0x2e,    0x78,    0x79,    0x2c,    0x20,    0x69,    0x6e,    0x2e,    0x69,    0x5f,    0x75,    0x76,    0x72,    0x65,    0x63,    
            0x74,    0x2e,    0x7a,    0x77,    0x2c,    0x20,    0x28,    0x69,    0x6e,    0x2e,    0x63,    0x6f,    0x72,    0x6e,    0x65,    0x72,    
            0x20,    0x2a,    0x20,    0x30,    0x2e,    0x35,    0x29,    0x20,    0x2b,    0x20,    0x66,    0x6c,    0x6f,    0x61,    0x74,    0x32,    
            0x28,    0x30,    0x2e,    0x35,    0x29,    0x29,    0x3b,    0x0a,    0x20,    0x20,    0x20,    0x20,    0x6f,    0x75,    0x74,    0x2e,    
            0x76,    0x5f,    0x63,    0x6f,    0x6c,    0x6f,    0x72,    0x20,    0x3d,    0x20,    0x69,    0x6e,    0x2e,    0x69,    0x5f,    0x63,    
            0x6f,    0x6c,    0x6f,    0x72,    0x3b,    0x0a,    0x20,    0x20,    0x20,    0x20,    0x6f,    0x75,    0x74,    0x2e,    0x76,    0x5f,    
            0x6d,    0x6f,    0x64,    0x65,    0x20,    0x3d,    0x20,    0x69,    0x6e,    0x2e,    0x69,    0x5f,    0x6d,    0x6f,    0x64,    0x65,    
            0x3b,    0x0a,    0x20,    0x20,    0x20,    0x20,    0x72,    0x65,    0x74,    0x75,    0x72,    0x6e,    0x20,    0x6f,    0x75,    0x74,    
            0x3b,    0x0a,    0x7d,    0x0a,    0x0a,    0x00,    
};
    /*
        #include <metal_stdlib>
        #include <simd/simd.h>

        using namespace metal;

        struct main0_out
        {
            float4 frag_color [[color(0)]];
        };

        struct main0_in
        {
            float2 v_local [[user(locn0)]];
            float2 v_texuv [[user(locn1)]];
            float4 v_color [[user(locn2)]];
            float v_mode [[user(locn3)]];
        };

        fragment main0_out main0(main0_in in [[stage_in]], texture2d<float> part_tex [[texture(0)]], sampler part_smp [[sampler(0)]])
        {
            main0_out out = {};
            int _15 = int(in.v_mode + 0.5);
            float4 col = in.v_color;
            if (_15 == 3)
            {
                col *= part_tex.sample(part_smp, in.v_texuv);
            }
            else
            {
                float _50 = length(in.v_local);
                float a;
                if (_15 == 1)
                {
                    a = 1.0 - smoothstep(0.85000002384185791015625, 1.0, _50);
                }
                else
                {
                    if (_15 == 2)
                    {
                        a = step(abs(in.v_local.x), (in.v_local.y + 1.0) * 0.5);
                    }
                    else
                    {
                        if (_15 == 4)
                        {
                            a = smoothstep(0.550000011920928955078125, 0.7200000286102294921875, _50) * (1.0 - smoothstep(0.87999999523162841796875, 1.0, _50));
                        }
                        else
                        {
                            if (_15 == 5)
                            {
                                float _116 = mix(0.4199999868869781494140625, 1.0, 0.5 + (0.5 * cos(precise::atan2(in.v_local.y, in.v_local.x) * 5.0)));
                                a = 1.0 - smoothstep(_116 - 0.070000000298023223876953125, _116, _50);
                            }
                            else
                            {
                                float _128 = fast::clamp(1.0 - _50, 0.0, 1.0);
                                a = _128 * _128;
                            }
                        }
                    }
                }
                float4 _148 = col;
                _148.w = _148.w * a;
                col = _148;
            }
            if (col.w < 0.0030000000260770320892333984375)
            {
                discard_fragment();
            }
            out.frag_color = col;
            return out;
        }

    */
    static readonly byte[] r2d_particle_fs_source_metal_ios = {
            0x23,    0x69,    0x6e,    0x63,    0x6c,    0x75,    0x64,    0x65,    0x20,    0x3c,    0x6d,    0x65,    0x74,    0x61,    0x6c,    0x5f,    
            0x73,    0x74,    0x64,    0x6c,    0x69,    0x62,    0x3e,    0x0a,    0x23,    0x69,    0x6e,    0x63,    0x6c,    0x75,    0x64,    0x65,    
            0x20,    0x3c,    0x73,    0x69,    0x6d,    0x64,    0x2f,    0x73,    0x69,    0x6d,    0x64,    0x2e,    0x68,    0x3e,    0x0a,    0x0a,    
            0x75,    0x73,    0x69,    0x6e,    0x67,    0x20,    0x6e,    0x61,    0x6d,    0x65,    0x73,    0x70,    0x61,    0x63,    0x65,    0x20,    
            0x6d,    0x65,    0x74,    0x61,    0x6c,    0x3b,    0x0a,    0x0a,    0x73,    0x74,    0x72,    0x75,    0x63,    0x74,    0x20,    0x6d,    
            0x61,    0x69,    0x6e,    0x30,    0x5f,    0x6f,    0x75,    0x74,    0x0a,    0x7b,    0x0a,    0x20,    0x20,    0x20,    0x20,    0x66,    
            0x6c,    0x6f,    0x61,    0x74,    0x34,    0x20,    0x66,    0x72,    0x61,    0x67,    0x5f,    0x63,    0x6f,    0x6c,    0x6f,    0x72,    
            0x20,    0x5b,    0x5b,    0x63,    0x6f,    0x6c,    0x6f,    0x72,    0x28,    0x30,    0x29,    0x5d,    0x5d,    0x3b,    0x0a,    0x7d,    
            0x3b,    0x0a,    0x0a,    0x73,    0x74,    0x72,    0x75,    0x63,    0x74,    0x20,    0x6d,    0x61,    0x69,    0x6e,    0x30,    0x5f,    
            0x69,    0x6e,    0x0a,    0x7b,    0x0a,    0x20,    0x20,    0x20,    0x20,    0x66,    0x6c,    0x6f,    0x61,    0x74,    0x32,    0x20,    
            0x76,    0x5f,    0x6c,    0x6f,    0x63,    0x61,    0x6c,    0x20,    0x5b,    0x5b,    0x75,    0x73,    0x65,    0x72,    0x28,    0x6c,    
            0x6f,    0x63,    0x6e,    0x30,    0x29,    0x5d,    0x5d,    0x3b,    0x0a,    0x20,    0x20,    0x20,    0x20,    0x66,    0x6c,    0x6f,    
            0x61,    0x74,    0x32,    0x20,    0x76,    0x5f,    0x74,    0x65,    0x78,    0x75,    0x76,    0x20,    0x5b,    0x5b,    0x75,    0x73,    
            0x65,    0x72,    0x28,    0x6c,    0x6f,    0x63,    0x6e,    0x31,    0x29,    0x5d,    0x5d,    0x3b,    0x0a,    0x20,    0x20,    0x20,    
            0x20,    0x66,    0x6c,    0x6f,    0x61,    0x74,    0x34,    0x20,    0x76,    0x5f,    0x63,    0x6f,    0x6c,    0x6f,    0x72,    0x20,    
            0x5b,    0x5b,    0x75,    0x73,    0x65,    0x72,    0x28,    0x6c,    0x6f,    0x63,    0x6e,    0x32,    0x29,    0x5d,    0x5d,    0x3b,    
            0x0a,    0x20,    0x20,    0x20,    0x20,    0x66,    0x6c,    0x6f,    0x61,    0x74,    0x20,    0x76,    0x5f,    0x6d,    0x6f,    0x64,    
            0x65,    0x20,    0x5b,    0x5b,    0x75,    0x73,    0x65,    0x72,    0x28,    0x6c,    0x6f,    0x63,    0x6e,    0x33,    0x29,    0x5d,    
            0x5d,    0x3b,    0x0a,    0x7d,    0x3b,    0x0a,    0x0a,    0x66,    0x72,    0x61,    0x67,    0x6d,    0x65,    0x6e,    0x74,    0x20,    
            0x6d,    0x61,    0x69,    0x6e,    0x30,    0x5f,    0x6f,    0x75,    0x74,    0x20,    0x6d,    0x61,    0x69,    0x6e,    0x30,    0x28,    
            0x6d,    0x61,    0x69,    0x6e,    0x30,    0x5f,    0x69,    0x6e,    0x20,    0x69,    0x6e,    0x20,    0x5b,    0x5b,    0x73,    0x74,    
            0x61,    0x67,    0x65,    0x5f,    0x69,    0x6e,    0x5d,    0x5d,    0x2c,    0x20,    0x74,    0x65,    0x78,    0x74,    0x75,    0x72,    
            0x65,    0x32,    0x64,    0x3c,    0x66,    0x6c,    0x6f,    0x61,    0x74,    0x3e,    0x20,    0x70,    0x61,    0x72,    0x74,    0x5f,    
            0x74,    0x65,    0x78,    0x20,    0x5b,    0x5b,    0x74,    0x65,    0x78,    0x74,    0x75,    0x72,    0x65,    0x28,    0x30,    0x29,    
            0x5d,    0x5d,    0x2c,    0x20,    0x73,    0x61,    0x6d,    0x70,    0x6c,    0x65,    0x72,    0x20,    0x70,    0x61,    0x72,    0x74,    
            0x5f,    0x73,    0x6d,    0x70,    0x20,    0x5b,    0x5b,    0x73,    0x61,    0x6d,    0x70,    0x6c,    0x65,    0x72,    0x28,    0x30,    
            0x29,    0x5d,    0x5d,    0x29,    0x0a,    0x7b,    0x0a,    0x20,    0x20,    0x20,    0x20,    0x6d,    0x61,    0x69,    0x6e,    0x30,    
            0x5f,    0x6f,    0x75,    0x74,    0x20,    0x6f,    0x75,    0x74,    0x20,    0x3d,    0x20,    0x7b,    0x7d,    0x3b,    0x0a,    0x20,    
            0x20,    0x20,    0x20,    0x69,    0x6e,    0x74,    0x20,    0x5f,    0x31,    0x35,    0x20,    0x3d,    0x20,    0x69,    0x6e,    0x74,    
            0x28,    0x69,    0x6e,    0x2e,    0x76,    0x5f,    0x6d,    0x6f,    0x64,    0x65,    0x20,    0x2b,    0x20,    0x30,    0x2e,    0x35,    
            0x29,    0x3b,    0x0a,    0x20,    0x20,    0x20,    0x20,    0x66,    0x6c,    0x6f,    0x61,    0x74,    0x34,    0x20,    0x63,    0x6f,    
            0x6c,    0x20,    0x3d,    0x20,    0x69,    0x6e,    0x2e,    0x76,    0x5f,    0x63,    0x6f,    0x6c,    0x6f,    0x72,    0x3b,    0x0a,    
            0x20,    0x20,    0x20,    0x20,    0x69,    0x66,    0x20,    0x28,    0x5f,    0x31,    0x35,    0x20,    0x3d,    0x3d,    0x20,    0x33,    
            0x29,    0x0a,    0x20,    0x20,    0x20,    0x20,    0x7b,    0x0a,    0x20,    0x20,    0x20,    0x20,    0x20,    0x20,    0x20,    0x20,    
            0x63,    0x6f,    0x6c,    0x20,    0x2a,    0x3d,    0x20,    0x70,    0x61,    0x72,    0x74,    0x5f,    0x74,    0x65,    0x78,    0x2e,    
            0x73,    0x61,    0x6d,    0x70,    0x6c,    0x65,    0x28,    0x70,    0x61,    0x72,    0x74,    0x5f,    0x73,    0x6d,    0x70,    0x2c,    
            0x20,    0x69,    0x6e,    0x2e,    0x76,    0x5f,    0x74,    0x65,    0x78,    0x75,    0x76,    0x29,    0x3b,    0x0a,    0x20,    0x20,    
            0x20,    0x20,    0x7d,    0x0a,    0x20,    0x20,    0x20,    0x20,    0x65,    0x6c,    0x73,    0x65,    0x0a,    0x20,    0x20,    0x20,    
            0x20,    0x7b,    0x0a,    0x20,    0x20,    0x20,    0x20,    0x20,    0x20,    0x20,    0x20,    0x66,    0x6c,    0x6f,    0x61,    0x74,    
            0x20,    0x5f,    0x35,    0x30,    0x20,    0x3d,    0x20,    0x6c,    0x65,    0x6e,    0x67,    0x74,    0x68,    0x28,    0x69,    0x6e,    
            0x2e,    0x76,    0x5f,    0x6c,    0x6f,    0x63,    0x61,    0x6c,    0x29,    0x3b,    0x0a,    0x20,    0x20,    0x20,    0x20,    0x20,    
            0x20,    0x20,    0x20,    0x66,    0x6c,    0x6f,    0x61,    0x74,    0x20,    0x61,    0x3b,    0x0a,    0x20,    0x20,    0x20,    0x20,    
            0x20,    0x20,    0x20,    0x20,    0x69,    0x66,    0x20,    0x28,    0x5f,    0x31,    0x35,    0x20,    0x3d,    0x3d,    0x20,    0x31,    
            0x29,    0x0a,    0x20,    0x20,    0x20,    0x20,    0x20,    0x20,    0x20,    0x20,    0x7b,    0x0a,    0x20,    0x20,    0x20,    0x20,    
            0x20,    0x20,    0x20,    0x20,    0x20,    0x20,    0x20,    0x20,    0x61,    0x20,    0x3d,    0x20,    0x31,    0x2e,    0x30,    0x20,    
            0x2d,    0x20,    0x73,    0x6d,    0x6f,    0x6f,    0x74,    0x68,    0x73,    0x74,    0x65,    0x70,    0x28,    0x30,    0x2e,    0x38,    
            0x35,    0x30,    0x30,    0x30,    0x30,    0x30,    0x32,    0x33,    0x38,    0x34,    0x31,    0x38,    0x35,    0x37,    0x39,    0x31,    
            0x30,    0x31,    0x35,    0x36,    0x32,    0x35,    0x2c,    0x20,    0x31,    0x2e,    0x30,    0x2c,    0x20,    0x5f,    0x35,    0x30,    
            0x29,    0x3b,    0x0a,    0x20,    0x20,    0x20,    0x20,    0x20,    0x20,    0x20,    0x20,    0x7d,    0x0a,    0x20,    0x20,    0x20,    
            0x20,    0x20,    0x20,    0x20,    0x20,    0x65,    0x6c,    0x73,    0x65,    0x0a,    0x20,    0x20,    0x20,    0x20,    0x20,    0x20,    
            0x20,    0x20,    0x7b,    0x0a,    0x20,    0x20,    0x20,    0x20,    0x20,    0x20,    0x20,    0x20,    0x20,    0x20,    0x20,    0x20,    
            0x69,    0x66,    0x20,    0x28,    0x5f,    0x31,    0x35,    0x20,    0x3d,    0x3d,    0x20,    0x32,    0x29,    0x0a,    0x20,    0x20,    
            0x20,    0x20,    0x20,    0x20,    0x20,    0x20,    0x20,    0x20,    0x20,    0x20,    0x7b,    0x0a,    0x20,    0x20,    0x20,    0x20,    
            0x20,    0x20,    0x20,    0x20,    0x20,    0x20,    0x20,    0x20,    0x20,    0x20,    0x20,    0x20,    0x61,    0x20,    0x3d,    0x20,    
            0x73,    0x74,    0x65,    0x70,    0x28,    0x61,    0x62,    0x73,    0x28,    0x69,    0x6e,    0x2e,    0x76,    0x5f,    0x6c,    0x6f,    
            0x63,    0x61,    0x6c,    0x2e,    0x78,    0x29,    0x2c,    0x20,    0x28,    0x69,    0x6e,    0x2e,    0x76,    0x5f,    0x6c,    0x6f,    
            0x63,    0x61,    0x6c,    0x2e,    0x79,    0x20,    0x2b,    0x20,    0x31,    0x2e,    0x30,    0x29,    0x20,    0x2a,    0x20,    0x30,    
            0x2e,    0x35,    0x29,    0x3b,    0x0a,    0x20,    0x20,    0x20,    0x20,    0x20,    0x20,    0x20,    0x20,    0x20,    0x20,    0x20,    
            0x20,    0x7d,    0x0a,    0x20,    0x20,    0x20,    0x20,    0x20,    0x20,    0x20,    0x20,    0x20,    0x20,    0x20,    0x20,    0x65,    
            0x6c,    0x73,    0x65,    0x0a,    0x20,    0x20,    0x20,    0x20,    0x20,    0x20,    0x20,    0x20,    0x20,    0x20,    0x20,    0x20,    
            0x7b,    0x0a,    0x20,    0x20,    0x20,    0x20,    0x20,    0x20,    0x20,    0x20,    0x20,    0x20,    0x20,    0x20,    0x20,    0x20,    
            0x20,    0x20,    0x69,    0x66,    0x20,    0x28,    0x5f,    0x31,    0x35,    0x20,    0x3d,    0x3d,    0x20,    0x34,    0x29,    0x0a,    
            0x20,    0x20,    0x20,    0x20,    0x20,    0x20,    0x20,    0x20,    0x20,    0x20,    0x20,    0x20,    0x20,    0x20,    0x20,    0x20,    
            0x7b,    0x0a,    0x20,    0x20,    0x20,    0x20,    0x20,    0x20,    0x20,    0x20,    0x20,    0x20,    0x20,    0x20,    0x20,    0x20,    
            0x20,    0x20,    0x20,    0x20,    0x20,    0x20,    0x61,    0x20,    0x3d,    0x20,    0x73,    0x6d,    0x6f,    0x6f,    0x74,    0x68,    
            0x73,    0x74,    0x65,    0x70,    0x28,    0x30,    0x2e,    0x35,    0x35,    0x30,    0x30,    0x30,    0x30,    0x30,    0x31,    0x31,    
            0x39,    0x32,    0x30,    0x39,    0x32,    0x38,    0x39,    0x35,    0x35,    0x30,    0x37,    0x38,    0x31,    0x32,    0x35,    0x2c,    
            0x20,    0x30,    0x2e,    0x37,    0x32,    0x30,    0x30,    0x30,    0x30,    0x30,    0x32,    0x38,    0x36,    0x31,    0x30,    0x32,    
            0x32,    0x39,    0x34,    0x39,    0x32,    0x31,    0x38,    0x37,    0x35,    0x2c,    0x20,    0x5f,    0x35,    0x30,    0x29,    0x20,    
            0x2a,    0x20,    0x28,    0x31,    0x2e,    0x30,    0x20,    0x2d,    0x20,    0x73,    0x6d,    0x6f,    0x6f,    0x74,    0x68,    0x73,    
            0x74,    0x65,    0x70,    0x28,    0x30,    0x2e,    0x38,    0x37,    0x39,    0x39,    0x39,    0x39,    0x39,    0x39,    0x35,    0x32,    
            0x33,    0x31,    0x36,    0x32,    0x38,    0x34,    0x31,    0x37,    0x39,    0x36,    0x38,    0x37,    0x35,    0x2c,    0x20,    0x31,    
            0x2e,    0x30,    0x2c,    0x20,    0x5f,    0x35,    0x30,    0x29,    0x29,    0x3b,    0x0a,    0x20,    0x20,    0x20,    0x20,    0x20,    
            0x20,    0x20,    0x20,    0x20,    0x20,    0x20,    0x20,    0x20,    0x20,    0x20,    0x20,    0x7d,    0x0a,    0x20,    0x20,    0x20,    
            0x20,    0x20,    0x20,    0x20,    0x20,    0x20,    0x20,    0x20,    0x20,    0x20,    0x20,    0x20,    0x20,    0x65,    0x6c,    0x73,    
            0x65,    0x0a,    0x20,    0x20,    0x20,    0x20,    0x20,    0x20,    0x20,    0x20,    0x20,    0x20,    0x20,    0x20,    0x20,    0x20,    
            0x20,    0x20,    0x7b,    0x0a,    0x20,    0x20,    0x20,    0x20,    0x20,    0x20,    0x20,    0x20,    0x20,    0x20,    0x20,    0x20,    
            0x20,    0x20,    0x20,    0x20,    0x20,    0x20,    0x20,    0x20,    0x69,    0x66,    0x20,    0x28,    0x5f,    0x31,    0x35,    0x20,    
            0x3d,    0x3d,    0x20,    0x35,    0x29,    0x0a,    0x20,    0x20,    0x20,    0x20,    0x20,    0x20,    0x20,    0x20,    0x20,    0x20,    
            0x20,    0x20,    0x20,    0x20,    0x20,    0x20,    0x20,    0x20,    0x20,    0x20,    0x7b,    0x0a,    0x20,    0x20,    0x20,    0x20,    
            0x20,    0x20,    0x20,    0x20,    0x20,    0x20,    0x20,    0x20,    0x20,    0x20,    0x20,    0x20,    0x20,    0x20,    0x20,    0x20,    
            0x20,    0x20,    0x20,    0x20,    0x66,    0x6c,    0x6f,    0x61,    0x74,    0x20,    0x5f,    0x31,    0x31,    0x36,    0x20,    0x3d,    
            0x20,    0x6d,    0x69,    0x78,    0x28,    0x30,    0x2e,    0x34,    0x31,    0x39,    0x39,    0x39,    0x39,    0x39,    0x38,    0x36,    
            0x38,    0x38,    0x36,    0x39,    0x37,    0x38,    0x31,    0x34,    0x39,    0x34,    0x31,    0x34,    0x30,    0x36,    0x32,    0x35,    
            0x2c,    0x20,    0x31,    0x2e,    0x30,    0x2c,    0x20,    0x30,    0x2e,    0x35,    0x20,    0x2b,    0x20,    0x28,    0x30,    0x2e,    
            0x35,    0x20,    0x2a,    0x20,    0x63,    0x6f,    0x73,    0x28,    0x70,    0x72,    0x65,    0x63,    0x69,    0x73,    0x65,    0x3a,    
            0x3a,    0x61,    0x74,    0x61,    0x6e,    0x32,    0x28,    0x69,    0x6e,    0x2e,    0x76,    0x5f,    0x6c,    0x6f,    0x63,    0x61,    
            0x6c,    0x2e,    0x79,    0x2c,    0x20,    0x69,    0x6e,    0x2e,    0x76,    0x5f,    0x6c,    0x6f,    0x63,    0x61,    0x6c,    0x2e,    
            0x78,    0x29,    0x20,    0x2a,    0x20,    0x35,    0x2e,    0x30,    0x29,    0x29,    0x29,    0x3b,    0x0a,    0x20,    0x20,    0x20,    
            0x20,    0x20,    0x20,    0x20,    0x20,    0x20,    0x20,    0x20,    0x20,    0x20,    0x20,    0x20,    0x20,    0x20,    0x20,    0x20,    
            0x20,    0x20,    0x20,    0x20,    0x20,    0x61,    0x20,    0x3d,    0x20,    0x31,    0x2e,    0x30,    0x20,    0x2d,    0x20,    0x73,    
            0x6d,    0x6f,    0x6f,    0x74,    0x68,    0x73,    0x74,    0x65,    0x70,    0x28,    0x5f,    0x31,    0x31,    0x36,    0x20,    0x2d,    
            0x20,    0x30,    0x2e,    0x30,    0x37,    0x30,    0x30,    0x30,    0x30,    0x30,    0x30,    0x30,    0x32,    0x39,    0x38,    0x30,    
            0x32,    0x33,    0x32,    0x32,    0x33,    0x38,    0x37,    0x36,    0x39,    0x35,    0x33,    0x31,    0x32,    0x35,    0x2c,    0x20,    
            0x5f,    0x31,    0x31,    0x36,    0x2c,    0x20,    0x5f,    0x35,    0x30,    0x29,    0x3b,    0x0a,    0x20,    0x20,    0x20,    0x20,    
            0x20,    0x20,    0x20,    0x20,    0x20,    0x20,    0x20,    0x20,    0x20,    0x20,    0x20,    0x20,    0x20,    0x20,    0x20,    0x20,    
            0x7d,    0x0a,    0x20,    0x20,    0x20,    0x20,    0x20,    0x20,    0x20,    0x20,    0x20,    0x20,    0x20,    0x20,    0x20,    0x20,    
            0x20,    0x20,    0x20,    0x20,    0x20,    0x20,    0x65,    0x6c,    0x73,    0x65,    0x0a,    0x20,    0x20,    0x20,    0x20,    0x20,    
            0x20,    0x20,    0x20,    0x20,    0x20,    0x20,    0x20,    0x20,    0x20,    0x20,    0x20,    0x20,    0x20,    0x20,    0x20,    0x7b,    
            0x0a,    0x20,    0x20,    0x20,    0x20,    0x20,    0x20,    0x20,    0x20,    0x20,    0x20,    0x20,    0x20,    0x20,    0x20,    0x20,    
            0x20,    0x20,    0x20,    0x20,    0x20,    0x20,    0x20,    0x20,    0x20,    0x66,    0x6c,    0x6f,    0x61,    0x74,    0x20,    0x5f,    
            0x31,    0x32,    0x38,    0x20,    0x3d,    0x20,    0x66,    0x61,    0x73,    0x74,    0x3a,    0x3a,    0x63,    0x6c,    0x61,    0x6d,    
            0x70,    0x28,    0x31,    0x2e,    0x30,    0x20,    0x2d,    0x20,    0x5f,    0x35,    0x30,    0x2c,    0x20,    0x30,    0x2e,    0x30,    
            0x2c,    0x20,    0x31,    0x2e,    0x30,    0x29,    0x3b,    0x0a,    0x20,    0x20,    0x20,    0x20,    0x20,    0x20,    0x20,    0x20,    
            0x20,    0x20,    0x20,    0x20,    0x20,    0x20,    0x20,    0x20,    0x20,    0x20,    0x20,    0x20,    0x20,    0x20,    0x20,    0x20,    
            0x61,    0x20,    0x3d,    0x20,    0x5f,    0x31,    0x32,    0x38,    0x20,    0x2a,    0x20,    0x5f,    0x31,    0x32,    0x38,    0x3b,    
            0x0a,    0x20,    0x20,    0x20,    0x20,    0x20,    0x20,    0x20,    0x20,    0x20,    0x20,    0x20,    0x20,    0x20,    0x20,    0x20,    
            0x20,    0x20,    0x20,    0x20,    0x20,    0x7d,    0x0a,    0x20,    0x20,    0x20,    0x20,    0x20,    0x20,    0x20,    0x20,    0x20,    
            0x20,    0x20,    0x20,    0x20,    0x20,    0x20,    0x20,    0x7d,    0x0a,    0x20,    0x20,    0x20,    0x20,    0x20,    0x20,    0x20,    
            0x20,    0x20,    0x20,    0x20,    0x20,    0x7d,    0x0a,    0x20,    0x20,    0x20,    0x20,    0x20,    0x20,    0x20,    0x20,    0x7d,    
            0x0a,    0x20,    0x20,    0x20,    0x20,    0x20,    0x20,    0x20,    0x20,    0x66,    0x6c,    0x6f,    0x61,    0x74,    0x34,    0x20,    
            0x5f,    0x31,    0x34,    0x38,    0x20,    0x3d,    0x20,    0x63,    0x6f,    0x6c,    0x3b,    0x0a,    0x20,    0x20,    0x20,    0x20,    
            0x20,    0x20,    0x20,    0x20,    0x5f,    0x31,    0x34,    0x38,    0x2e,    0x77,    0x20,    0x3d,    0x20,    0x5f,    0x31,    0x34,    
            0x38,    0x2e,    0x77,    0x20,    0x2a,    0x20,    0x61,    0x3b,    0x0a,    0x20,    0x20,    0x20,    0x20,    0x20,    0x20,    0x20,    
            0x20,    0x63,    0x6f,    0x6c,    0x20,    0x3d,    0x20,    0x5f,    0x31,    0x34,    0x38,    0x3b,    0x0a,    0x20,    0x20,    0x20,    
            0x20,    0x7d,    0x0a,    0x20,    0x20,    0x20,    0x20,    0x69,    0x66,    0x20,    0x28,    0x63,    0x6f,    0x6c,    0x2e,    0x77,    
            0x20,    0x3c,    0x20,    0x30,    0x2e,    0x30,    0x30,    0x33,    0x30,    0x30,    0x30,    0x30,    0x30,    0x30,    0x30,    0x32,    
            0x36,    0x30,    0x37,    0x37,    0x30,    0x33,    0x32,    0x30,    0x38,    0x39,    0x32,    0x33,    0x33,    0x33,    0x39,    0x38,    
            0x34,    0x33,    0x37,    0x35,    0x29,    0x0a,    0x20,    0x20,    0x20,    0x20,    0x7b,    0x0a,    0x20,    0x20,    0x20,    0x20,    
            0x20,    0x20,    0x20,    0x20,    0x64,    0x69,    0x73,    0x63,    0x61,    0x72,    0x64,    0x5f,    0x66,    0x72,    0x61,    0x67,    
            0x6d,    0x65,    0x6e,    0x74,    0x28,    0x29,    0x3b,    0x0a,    0x20,    0x20,    0x20,    0x20,    0x7d,    0x0a,    0x20,    0x20,    
            0x20,    0x20,    0x6f,    0x75,    0x74,    0x2e,    0x66,    0x72,    0x61,    0x67,    0x5f,    0x63,    0x6f,    0x6c,    0x6f,    0x72,    
            0x20,    0x3d,    0x20,    0x63,    0x6f,    0x6c,    0x3b,    0x0a,    0x20,    0x20,    0x20,    0x20,    0x72,    0x65,    0x74,    0x75,    
            0x72,    0x6e,    0x20,    0x6f,    0x75,    0x74,    0x3b,    0x0a,    0x7d,    0x0a,    0x0a,    0x00,    
};
    public static unsafe sg_shader_desc r2d_particle_shader_desc(sg_backend backend) {
        if (backend == SG_BACKEND_GLCORE) {
            sg_shader_desc desc = default(sg_shader_desc);
            desc.vertex_func.source = System.Text.Encoding.UTF8.GetString(r2d_particle_vs_source_glsl430);
            desc.vertex_func.entry = "main";
            desc.fragment_func.source = System.Text.Encoding.UTF8.GetString(r2d_particle_fs_source_glsl430);
            desc.fragment_func.entry = "main";
            desc.attrs[0].base_type = SG_SHADERATTRBASETYPE_FLOAT;
            desc.attrs[0].glsl_name = "corner";
            desc.attrs[1].base_type = SG_SHADERATTRBASETYPE_FLOAT;
            desc.attrs[1].glsl_name = "i_pos";
            desc.attrs[2].base_type = SG_SHADERATTRBASETYPE_FLOAT;
            desc.attrs[2].glsl_name = "i_size";
            desc.attrs[3].base_type = SG_SHADERATTRBASETYPE_FLOAT;
            desc.attrs[3].glsl_name = "i_rot";
            desc.attrs[4].base_type = SG_SHADERATTRBASETYPE_FLOAT;
            desc.attrs[4].glsl_name = "i_color";
            desc.attrs[5].base_type = SG_SHADERATTRBASETYPE_FLOAT;
            desc.attrs[5].glsl_name = "i_uvrect";
            desc.attrs[6].base_type = SG_SHADERATTRBASETYPE_FLOAT;
            desc.attrs[6].glsl_name = "i_mode";
            desc.uniform_blocks[0].stage = SG_SHADERSTAGE_VERTEX;
            desc.uniform_blocks[0].layout = SG_UNIFORMLAYOUT_STD140;
            desc.uniform_blocks[0].size = 16;
            desc.uniform_blocks[0].glsl_uniforms[0].type = SG_UNIFORMTYPE_FLOAT4;
            desc.uniform_blocks[0].glsl_uniforms[0].array_count = 1;
            desc.uniform_blocks[0].glsl_uniforms[0].glsl_name = "particle_params";
            desc.views[0].texture.stage = SG_SHADERSTAGE_FRAGMENT;
            desc.views[0].texture.image_type = SG_IMAGETYPE_2D;
            desc.views[0].texture.sample_type = SG_IMAGESAMPLETYPE_FLOAT;
            desc.views[0].texture.multisampled = false;
            desc.samplers[0].stage = SG_SHADERSTAGE_FRAGMENT;
            desc.samplers[0].sampler_type = SG_SAMPLERTYPE_FILTERING;
            desc.texture_sampler_pairs[0].stage = SG_SHADERSTAGE_FRAGMENT;
            desc.texture_sampler_pairs[0].view_slot = 0;
            desc.texture_sampler_pairs[0].sampler_slot = 0;
            desc.texture_sampler_pairs[0].glsl_name = "part_tex_part_smp";
            desc.label = "r2d_particle_shader";
            return desc;
        }
        if (backend == SG_BACKEND_GLES3) {
            sg_shader_desc desc = default(sg_shader_desc);
            desc.vertex_func.source = System.Text.Encoding.UTF8.GetString(r2d_particle_vs_source_glsl300es);
            desc.vertex_func.entry = "main";
            desc.fragment_func.source = System.Text.Encoding.UTF8.GetString(r2d_particle_fs_source_glsl300es);
            desc.fragment_func.entry = "main";
            desc.attrs[0].base_type = SG_SHADERATTRBASETYPE_FLOAT;
            desc.attrs[0].glsl_name = "corner";
            desc.attrs[1].base_type = SG_SHADERATTRBASETYPE_FLOAT;
            desc.attrs[1].glsl_name = "i_pos";
            desc.attrs[2].base_type = SG_SHADERATTRBASETYPE_FLOAT;
            desc.attrs[2].glsl_name = "i_size";
            desc.attrs[3].base_type = SG_SHADERATTRBASETYPE_FLOAT;
            desc.attrs[3].glsl_name = "i_rot";
            desc.attrs[4].base_type = SG_SHADERATTRBASETYPE_FLOAT;
            desc.attrs[4].glsl_name = "i_color";
            desc.attrs[5].base_type = SG_SHADERATTRBASETYPE_FLOAT;
            desc.attrs[5].glsl_name = "i_uvrect";
            desc.attrs[6].base_type = SG_SHADERATTRBASETYPE_FLOAT;
            desc.attrs[6].glsl_name = "i_mode";
            desc.uniform_blocks[0].stage = SG_SHADERSTAGE_VERTEX;
            desc.uniform_blocks[0].layout = SG_UNIFORMLAYOUT_STD140;
            desc.uniform_blocks[0].size = 16;
            desc.uniform_blocks[0].glsl_uniforms[0].type = SG_UNIFORMTYPE_FLOAT4;
            desc.uniform_blocks[0].glsl_uniforms[0].array_count = 1;
            desc.uniform_blocks[0].glsl_uniforms[0].glsl_name = "particle_params";
            desc.views[0].texture.stage = SG_SHADERSTAGE_FRAGMENT;
            desc.views[0].texture.image_type = SG_IMAGETYPE_2D;
            desc.views[0].texture.sample_type = SG_IMAGESAMPLETYPE_FLOAT;
            desc.views[0].texture.multisampled = false;
            desc.samplers[0].stage = SG_SHADERSTAGE_FRAGMENT;
            desc.samplers[0].sampler_type = SG_SAMPLERTYPE_FILTERING;
            desc.texture_sampler_pairs[0].stage = SG_SHADERSTAGE_FRAGMENT;
            desc.texture_sampler_pairs[0].view_slot = 0;
            desc.texture_sampler_pairs[0].sampler_slot = 0;
            desc.texture_sampler_pairs[0].glsl_name = "part_tex_part_smp";
            desc.label = "r2d_particle_shader";
            return desc;
        }
        if (backend == SG_BACKEND_D3D11) {
            sg_shader_desc desc = default(sg_shader_desc);
            desc.vertex_func.source = System.Text.Encoding.UTF8.GetString(r2d_particle_vs_source_hlsl5);
            desc.vertex_func.d3d11_target = "vs_5_0";
            desc.vertex_func.entry = "main";
            desc.fragment_func.source = System.Text.Encoding.UTF8.GetString(r2d_particle_fs_source_hlsl5);
            desc.fragment_func.d3d11_target = "ps_5_0";
            desc.fragment_func.entry = "main";
            desc.attrs[0].base_type = SG_SHADERATTRBASETYPE_FLOAT;
            desc.attrs[0].hlsl_sem_name = "TEXCOORD";
            desc.attrs[0].hlsl_sem_index = 0;
            desc.attrs[1].base_type = SG_SHADERATTRBASETYPE_FLOAT;
            desc.attrs[1].hlsl_sem_name = "TEXCOORD";
            desc.attrs[1].hlsl_sem_index = 1;
            desc.attrs[2].base_type = SG_SHADERATTRBASETYPE_FLOAT;
            desc.attrs[2].hlsl_sem_name = "TEXCOORD";
            desc.attrs[2].hlsl_sem_index = 2;
            desc.attrs[3].base_type = SG_SHADERATTRBASETYPE_FLOAT;
            desc.attrs[3].hlsl_sem_name = "TEXCOORD";
            desc.attrs[3].hlsl_sem_index = 3;
            desc.attrs[4].base_type = SG_SHADERATTRBASETYPE_FLOAT;
            desc.attrs[4].hlsl_sem_name = "TEXCOORD";
            desc.attrs[4].hlsl_sem_index = 4;
            desc.attrs[5].base_type = SG_SHADERATTRBASETYPE_FLOAT;
            desc.attrs[5].hlsl_sem_name = "TEXCOORD";
            desc.attrs[5].hlsl_sem_index = 5;
            desc.attrs[6].base_type = SG_SHADERATTRBASETYPE_FLOAT;
            desc.attrs[6].hlsl_sem_name = "TEXCOORD";
            desc.attrs[6].hlsl_sem_index = 6;
            desc.uniform_blocks[0].stage = SG_SHADERSTAGE_VERTEX;
            desc.uniform_blocks[0].layout = SG_UNIFORMLAYOUT_STD140;
            desc.uniform_blocks[0].size = 16;
            desc.uniform_blocks[0].hlsl_register_b_n = 0;
            desc.views[0].texture.stage = SG_SHADERSTAGE_FRAGMENT;
            desc.views[0].texture.image_type = SG_IMAGETYPE_2D;
            desc.views[0].texture.sample_type = SG_IMAGESAMPLETYPE_FLOAT;
            desc.views[0].texture.multisampled = false;
            desc.views[0].texture.hlsl_register_t_n = 0;
            desc.samplers[0].stage = SG_SHADERSTAGE_FRAGMENT;
            desc.samplers[0].sampler_type = SG_SAMPLERTYPE_FILTERING;
            desc.samplers[0].hlsl_register_s_n = 0;
            desc.texture_sampler_pairs[0].stage = SG_SHADERSTAGE_FRAGMENT;
            desc.texture_sampler_pairs[0].view_slot = 0;
            desc.texture_sampler_pairs[0].sampler_slot = 0;
            desc.label = "r2d_particle_shader";
            return desc;
        }
        if (backend == SG_BACKEND_METAL_MACOS) {
            sg_shader_desc desc = default(sg_shader_desc);
            desc.vertex_func.source = System.Text.Encoding.UTF8.GetString(r2d_particle_vs_source_metal_macos);
            desc.vertex_func.entry = "main0";
            desc.fragment_func.source = System.Text.Encoding.UTF8.GetString(r2d_particle_fs_source_metal_macos);
            desc.fragment_func.entry = "main0";
            desc.attrs[0].base_type = SG_SHADERATTRBASETYPE_FLOAT;
            desc.attrs[1].base_type = SG_SHADERATTRBASETYPE_FLOAT;
            desc.attrs[2].base_type = SG_SHADERATTRBASETYPE_FLOAT;
            desc.attrs[3].base_type = SG_SHADERATTRBASETYPE_FLOAT;
            desc.attrs[4].base_type = SG_SHADERATTRBASETYPE_FLOAT;
            desc.attrs[5].base_type = SG_SHADERATTRBASETYPE_FLOAT;
            desc.attrs[6].base_type = SG_SHADERATTRBASETYPE_FLOAT;
            desc.uniform_blocks[0].stage = SG_SHADERSTAGE_VERTEX;
            desc.uniform_blocks[0].layout = SG_UNIFORMLAYOUT_STD140;
            desc.uniform_blocks[0].size = 16;
            desc.uniform_blocks[0].msl_buffer_n = 0;
            desc.views[0].texture.stage = SG_SHADERSTAGE_FRAGMENT;
            desc.views[0].texture.image_type = SG_IMAGETYPE_2D;
            desc.views[0].texture.sample_type = SG_IMAGESAMPLETYPE_FLOAT;
            desc.views[0].texture.multisampled = false;
            desc.views[0].texture.msl_texture_n = 0;
            desc.samplers[0].stage = SG_SHADERSTAGE_FRAGMENT;
            desc.samplers[0].sampler_type = SG_SAMPLERTYPE_FILTERING;
            desc.samplers[0].msl_sampler_n = 0;
            desc.texture_sampler_pairs[0].stage = SG_SHADERSTAGE_FRAGMENT;
            desc.texture_sampler_pairs[0].view_slot = 0;
            desc.texture_sampler_pairs[0].sampler_slot = 0;
            desc.label = "r2d_particle_shader";
            return desc;
        }
        if (backend == SG_BACKEND_METAL_IOS) {
            sg_shader_desc desc = default(sg_shader_desc);
            desc.vertex_func.source = System.Text.Encoding.UTF8.GetString(r2d_particle_vs_source_metal_ios);
            desc.vertex_func.entry = "main0";
            desc.fragment_func.source = System.Text.Encoding.UTF8.GetString(r2d_particle_fs_source_metal_ios);
            desc.fragment_func.entry = "main0";
            desc.attrs[0].base_type = SG_SHADERATTRBASETYPE_FLOAT;
            desc.attrs[1].base_type = SG_SHADERATTRBASETYPE_FLOAT;
            desc.attrs[2].base_type = SG_SHADERATTRBASETYPE_FLOAT;
            desc.attrs[3].base_type = SG_SHADERATTRBASETYPE_FLOAT;
            desc.attrs[4].base_type = SG_SHADERATTRBASETYPE_FLOAT;
            desc.attrs[5].base_type = SG_SHADERATTRBASETYPE_FLOAT;
            desc.attrs[6].base_type = SG_SHADERATTRBASETYPE_FLOAT;
            desc.uniform_blocks[0].stage = SG_SHADERSTAGE_VERTEX;
            desc.uniform_blocks[0].layout = SG_UNIFORMLAYOUT_STD140;
            desc.uniform_blocks[0].size = 16;
            desc.uniform_blocks[0].msl_buffer_n = 0;
            desc.views[0].texture.stage = SG_SHADERSTAGE_FRAGMENT;
            desc.views[0].texture.image_type = SG_IMAGETYPE_2D;
            desc.views[0].texture.sample_type = SG_IMAGESAMPLETYPE_FLOAT;
            desc.views[0].texture.multisampled = false;
            desc.views[0].texture.msl_texture_n = 0;
            desc.samplers[0].stage = SG_SHADERSTAGE_FRAGMENT;
            desc.samplers[0].sampler_type = SG_SAMPLERTYPE_FILTERING;
            desc.samplers[0].msl_sampler_n = 0;
            desc.texture_sampler_pairs[0].stage = SG_SHADERSTAGE_FRAGMENT;
            desc.texture_sampler_pairs[0].view_slot = 0;
            desc.texture_sampler_pairs[0].sampler_slot = 0;
            desc.label = "r2d_particle_shader";
            return desc;
        }
        return default(sg_shader_desc);
    }
    public static int r2d_particle_attr_slot(string attr_name) {
        if (attr_name == "corner") {
            return 0;
        }
        if (attr_name == "i_pos") {
            return 1;
        }
        if (attr_name == "i_size") {
            return 2;
        }
        if (attr_name == "i_rot") {
            return 3;
        }
        if (attr_name == "i_color") {
            return 4;
        }
        if (attr_name == "i_uvrect") {
            return 5;
        }
        if (attr_name == "i_mode") {
            return 6;
        }
        return -1;
    }
    public static int r2d_particle_texture_slot(string tex_name) {
        if (tex_name == "part_tex") {
            return 0;
        }
        return -1;
    }
    public static int r2d_particle_sampler_slot(string smp_name) {
        if (smp_name == "part_smp") {
            return 0;
        }
        return -1;
    }
    public static int r2d_particle_uniformblock_slot(string ub_name) {
        if (ub_name == "particle_params") {
            return 0;
        }
        return -1;
    }
    public static int r2d_particle_uniformblock_size(string ub_name) {
        if (ub_name == "particle_params") {
            return Marshal.SizeOf<r2d_particle_params_t>();
        }
        return 0;
    }
    public static int r2d_particle_uniform_offset(string ub_name, string u_name) {
        if (ub_name == "particle_params") {
            if (u_name == "viewport") {
                return 0;
            }
        }
        return -1;
    }
    public static sg_glsl_shader_uniform r2d_particle_uniform_desc(string ub_name, string u_name) {
        sg_glsl_shader_uniform res = default;
        if (ub_name == "particle_params") {
            if (u_name == "viewport") {
                res.type = SG_UNIFORMTYPE_FLOAT4;
                res.array_count = 0;
                res.glsl_name = "viewport";
                return res;
            }
        }
        return res;
    }
    public static int r2d_particle_storagebuffer_slot(string sbuf_name) {
        return -1;
    }
    public static int r2d_particle_storageimage_slot(string simg_name) {
        return -1;
    }
}

} // namescape 

